id,date,year,month,decade,type_es,trigger_es,triggering_description,fatalities,fatalities_verified,verificacion,losses_raw,uncertainty,source,site,county,lon,lat,default_location,dup_same_day_110m,cod,territorio,tipo
1215,2008-02-21,2008,2,2000,deslizamiento,lluvia,Lluvias - Deslizamiento por lluvias,0,0,,0.0,High,Alcalde,,,-75.565815,6.247638,True,False,,,
1338,2007-05-28,2007,5,2000,deslizamiento,lluvia,Lluvias - Deslizamiento y avalancha que provocó tragedia en el sector,7,7,,0.0,High,Medios de Comunicación,Manrique - sector la Cruz,,-75.537298,6.270848,False,False,03,Manrique,comuna
1812,2011-06-05,2011,6,2010,flujo de detritos,lluvia,Vendaval,0,0,,80.0,High,P,Nor-Oriental,,-75.56581530000001,6.2476376,True,False,,,
2008,2013-05-19,2013,5,2010,deslizamiento,sin dato,Deslizamiento,0,0,,0.0,High,Reporte Dagrd,,,-75.565815,6.247638,True,False,,,
2028,2013-05-23,2013,5,2010,deslizamiento,lluvia,Lluvias,0,0,,500.0,High,Reporte Cmgrd,,,-75.565815,6.247638,True,False,,,
2185,2017-10-25,2017,10,2010,deslizamiento,sin dato,Otra causa - Desconfinamiento de la estructura por construccion en casa v,0,0,,0.0,High,Telemedellín,Barrio Versalles,,-75.54398,6.267824,False,False,03,Manrique,comuna
2198,1987-09-27,1987,9,1980,deslizamiento,sin dato,Otra causa - Alto fracturamiento de la roca caracterizado a lo largo del,0,0,,0.0,High,El Tiempo,Villatina,,-75.5399,6.233544,False,False,09,Buenos Aires,comuna
2267,2018-07-12,2018,7,2010,deslizamiento,lluvia,Lluvias,0,0,,0.0,Mid,El Colombiano,"Kilómetro 34+200 (Vía Medellín – Santa Fe de Antioquia), Ver",Palmitas,-75.69055449999999,6.3434119,False,False,50,San Sebastián de Palmitas,corregimiento
2335,2006-10-02,2006,10,2000,flujo de detritos,lluvia,Lluvias - Avenida torrencial de la quebrada La Iguaná,9,9,,2500.0,Mid,Amva,Q. la Iguaná,Barrio Colombia,-75.57351899999999,6.227289700000001,False,False,14,El Poblado,comuna
2336,1921-10-22,1921,10,1920,deslizamiento,sin dato,Otra causa - Otra causa,0,0,,0.0,High,Ing.,,,-75.56581530000001,6.2476376,True,False,,,
2337,1924-06-02,1924,6,1920,deslizamiento,sin dato,Desconocida,1,1,,0.0,High,Ing.,,,-75.56581530000001,6.2476376,True,False,,,
2339,1928-11-15,1928,11,1920,deslizamiento,sin dato,Otra causa - Otra causa,5,5,,0.0,High,Ing.,,,-75.565815,6.247638,True,False,,,
2340,1928-11-16,1928,11,1920,flujo de detritos,sin dato,Otra causa - Otra causa,0,0,,0.0,High,Ing.,Guayaquil,,-75.56581530000001,6.2476376,True,False,,,
2342,1929-06-05,1929,6,1920,flujo de detritos,actividad humana,Error humano - Se desbordó la quebrada La Loca,0,0,,0.0,High,El Heraldo de Antioquia,Desde la Plazuela Pardo Vergara en la Carrera Carabobo,,-75.56581530000001,6.2476376,True,False,,,
2344,1929-06-05,1929,6,1920,flujo de detritos,lluvia,Desconocida - Se desbordó la quebrada La Loca,0,0,,0.0,High,El Heraldo de Antioquia,En la quebrada Arriba;Cerca al Lugar Denominado el Torrente,,-75.56581530000001,6.2476376,True,False,,,
2345,1929-06-05,1929,6,1920,flujo de detritos,lluvia,Desconocida - Se desbordó la quebrada La Loca,0,0,,0.0,Mid,El Heraldo de Antioquia,En la Carrera Abejorral y Zonas Aledañas.,Colón,-75.56915310000001,6.2426562,False,False,10,La Candelaria,comuna
2346,1929-06-05,1929,6,1920,flujo de detritos,lluvia,Desconocida - Se desbordó la quebrada La Loca,0,0,,0.0,Mid,El Heraldo de Antioquia,Cerca al Cementerio de San Pedro,San Pedro,-75.5604208,6.266942500000001,False,False,04,Aranjuez,comuna
2347,1929-06-05,1929,6,1920,flujo de detritos,lluvia,Desconocida - Se desbordó la quebrada La Loca,0,0,,0.0,High,El Heraldo de Antioquia,Frente a la Escuela Modelo,,-75.56581530000001,6.2476376,True,False,,,
2348,1929-06-05,1929,6,1920,flujo de detritos,lluvia,Desconocida - Se desbordó la quebrada La Loca,0,0,,0.0,Mid,El Heraldo de Antioquia,En la Calle de Argentina,Los Ángeles,-75.56714,6.26598,False,False,04,Aranjuez,comuna
2349,1929-06-05,1929,6,1920,flujo de detritos,lluvia,Desconocida - Se desbordó la quebrada La Loca,0,0,,0.0,Mid,El Heraldo de Antioquia,En la Calle Velez Velez; Cerca a la Estación Villa,Estación Villa,-75.56915310000001,6.2555656,False,False,10,La Candelaria,comuna
2350,1929-06-05,1929,6,1920,flujo de detritos,sin dato,Desconocida,0,0,,0.0,Mid,El Heraldo de Antioquia,,Manrique Central Nº1,-75.56714,6.26753,False,False,04,Aranjuez,comuna
2351,1929-06-05,1929,6,1920,flujo de detritos,sin dato,Desconocida,0,0,,0.0,High,El Heraldo de Antioquia,En el barrio Perez Triana,,-75.56581530000001,6.2476376,True,False,,,
2352,1929-06-05,1929,6,1920,flujo de detritos,sin dato,Desconocida,0,0,,0.0,High,El Heraldo de Antioquia,En Campo Alegre; Arriba del Puente de la Toma,,-75.56581530000001,6.2476376,True,False,,,
2353,1929-06-05,1929,6,1920,flujo de detritos,sin dato,Desconocida,0,0,,0.0,Mid,El Heraldo de Antioquia,En la Carrera Sucre,La Candelaria,-75.5684254,6.2536087,False,False,10,La Candelaria,comuna
2354,1929-06-05,1929,6,1920,flujo de detritos,sin dato,Desconocida,0,0,,0.0,High,El Heraldo de Antioquia,En la Calle Bolivar. en el Colegio María Auxiliadora,,-75.56581530000001,6.2476376,True,False,,,
2355,1929-06-05,1929,6,1920,flujo de detritos,sin dato,Desconocida,0,0,,0.0,High,El Heraldo de Antioquia,En el Crucero Juanambú con Cucuta,,-75.56581530000001,6.2476376,True,False,,,
2356,1929-06-05,1929,6,1920,flujo de detritos,sin dato,Desconocida,0,0,,0.0,Mid,El Heraldo de Antioquia,En el barrio Denominado Hoyo del Salvador Detras de la *,El Salvador,-75.5604208,6.2359598,False,False,09,Buenos Aires,comuna
2357,1934-02-16,1934,2,1930,flujo de detritos,sin dato,Otra causa,1,1,,0.0,High,Ingeominas,,,-75.56581530000001,6.2476376,True,False,,,
2358,1929-06-05,1929,6,1920,flujo de detritos,sin dato,Desconocida,0,0,,0.0,High,El Heraldo de Antioquia,Cerca el barrio de Majalc ; Detras del Orfelinato; en las *,,-75.56581530000001,6.2476376,True,False,,,
2359,1929-04-15,1929,4,1920,flujo de detritos,actividad humana,Error humano - Por obstrucción de los zanjones de la calle de cuba,0,0,,0.0,High,El Heraldo de Antioquia,Barrio el Llano por la Carretera Bolivar; al Lugar *,,-75.56581530000001,6.2476376,True,False,,,
2360,1929-04-15,1929,4,1920,flujo de detritos,actividad humana,Error humano - Por obstrucción de los zanjones de la calle de cuba,0,0,,12.0,High,El Heraldo de Antioquia,En la Gran Avenida,,-75.56581530000001,6.2476376,True,False,,,
2361,1929-04-15,1929,4,1920,flujo de detritos,actividad humana,Error humano - Por obstrucción de los zanjones de la calle de cuba,0,0,,0.0,High,El Heraldo de Antioquia,En la Calle de la Paz Cerca al Crucero con Cundinamarca,,-75.56581530000001,6.2476376,True,False,,,
2362,1929-04-15,1929,4,1920,flujo de detritos,actividad humana,Error humano - Por obstrucción de los zanjones de la calle de cuba,0,0,,0.0,Mid,El Heraldo de Antioquia,En el barrio Colón,Colón,-75.56915310000001,6.2426562,False,False,10,La Candelaria,comuna
2364,1930-10-12,1930,10,1930,flujo de detritos,sin dato,Otra causa - Otra causa,0,0,,0.0,High,Ing.,,,-75.56581530000001,6.2476376,True,False,,,
2366,1933-11-20,1933,11,1930,deslizamiento,sin dato,Desconocida,3,3,,0.0,High,Ing.,,,-75.565815,6.247638,True,False,,,
2367,1933-11-26,1933,11,1930,deslizamiento,sin dato,Otra causa,0,0,,0.0,High,Ingeominas,,,-75.565815,6.247638,True,False,,,
2368,1933-11-08,1933,11,1930,flujo de detritos,sin dato,Otra causa,3,3,,0.0,High,Ingeominas,,,-75.56581530000001,6.2476376,True,False,,,
2369,1934-02-07,1934,2,1930,flujo de detritos,sin dato,Otra causa - Otra causa,2,2,,0.0,High,Ing.,,,-75.56581530000001,6.2476376,True,False,,,
2370,1934-01-29,1934,1,1930,flujo de detritos,sin dato,Otra causa,0,0,,0.0,High,Ingeominas,,,-75.56581530000001,6.2476376,True,False,,,
2371,1935-11-03,1935,11,1930,flujo de detritos,sin dato,Otra causa - Otra causa,0,0,,0.0,High,Ing.,S.Mateo,,-75.56581530000001,6.2476376,True,False,,,
2372,1935-05-14,1935,5,1930,flujo de detritos,sin dato,Otra causa,0,0,,0.0,High,Ingeominas,Quebrada Santa Helena,,-75.56581530000001,6.2476376,True,False,,,
2373,1935-02-14,1935,2,1930,flujo de detritos,sin dato,Otra causa,0,0,,0.0,High,Ingeominas,,,-75.56581530000001,6.2476376,True,False,,,
2374,1935-04-22,1935,4,1930,flujo de detritos,sin dato,Otra causa,0,0,,0.0,High,Ingeominas,,,-75.56581530000001,6.2476376,True,False,,,
2375,1935-05-01,1935,5,1930,flujo de detritos,sin dato,Otra causa,0,0,,0.0,High,Ingeominas,,,-75.56581530000001,6.2476376,True,False,,,
2376,1935-10-03,1935,10,1930,flujo de detritos,sin dato,Otra causa,0,0,,0.0,High,Ingeominas,,,-75.56581530000001,6.2476376,True,False,,,
2377,1935-10-26,1935,10,1930,flujo de detritos,sin dato,Otra causa,1,1,,0.0,High,Ingeominas,,,-75.56581530000001,6.2476376,True,False,,,
2378,1936-10-26,1936,10,1930,flujo de detritos,sin dato,Otra causa,4,4,,0.0,High,Ingeominas,Quebrada la Loca y quebrada Santa Helena,,-75.56581530000001,6.2476376,True,False,,,
2379,1936-06-02,1936,6,1930,flujo de detritos,sin dato,Otra causa,0,0,,0.0,High,Ingeominas,Santa Helena,,-75.56581530000001,6.2476376,True,False,,,
2380,1937-11-10,1937,11,1930,deslizamiento,sin dato,Otra causa - Otra causa,2,2,,0.0,High,Ing.,,,-75.565815,6.247638,True,False,,,
2381,1937-09-22,1937,9,1930,flujo de detritos,sin dato,Otra causa,0,0,,0.0,High,Ingeominas,Quebrada la Iguaná,,-75.56581530000001,6.2476376,True,False,,,
2382,1938-04-07,1938,4,1930,flujo de detritos,sin dato,Otra causa - Otra causa,0,0,,0.0,High,Bdod-00016,,,-75.56581530000001,6.2476376,True,False,,,
2387,1939-10-17,1939,10,1930,flujo de detritos,sin dato,Otra causa,1,1,,0.0,High,Ingeominas,Quebrada la Honda,,-75.56581530000001,6.2476376,True,False,,,
2388,1940-12-17,1940,12,1940,flujo de detritos,sin dato,Otra causa,0,0,,0.0,High,Ingeominas,,,-75.56581530000001,6.2476376,True,False,,,
2389,1940-11-12,1940,11,1940,flujo de detritos,sin dato,Desconocida,0,0,,500.0,High,Bdod-00192,,,-75.56581530000001,6.2476376,True,False,,,
2390,1941-05-29,1941,5,1940,flujo de detritos,sin dato,Otra causa,0,0,,0.0,High,Ingeominas,Quebrada Santa Helena,,-75.56581530000001,6.2476376,True,False,,,
2391,1941-09-10,1941,9,1940,deslizamiento,sin dato,Otra causa,0,0,,0.0,High,Ingeominas,,,-75.565815,6.247638,True,False,,,
2392,1941-11-19,1941,11,1940,flujo de detritos,sin dato,Otra causa,0,0,,0.0,High,Ingeominas,,,-75.56581530000001,6.2476376,True,False,,,
2393,1942-11-22,1942,11,1940,flujo de detritos,sin dato,Otra causa - Otra causa,0,0,,0.0,High,Ing.,,,-75.56581530000001,6.2476376,True,False,,,
2394,1942-12-27,1942,12,1940,deslizamiento,sin dato,Desconocida,5,5,,0.0,High,Ing.,,,-75.565815,6.247638,True,False,,,
2395,1943-08-09,1943,8,1940,flujo de detritos,sin dato,Desconocida,2,2,,0.0,High,Bdod-00319,,,-75.56581530000001,6.2476376,True,False,,,
2396,1943-04-26,1943,4,1940,deslizamiento,sin dato,Otra causa,0,0,,0.0,High,Ingeominas,Carretera Palmitas - San Jerónimo,,-75.689803,6.338252,False,False,50,San Sebastián de Palmitas,corregimiento
2397,1943-04-06,1943,4,1940,flujo de detritos,sin dato,Otra causa,0,0,,0.0,High,Ingeominas,Plazuela de Zea; quebrada Santa Helena,,-75.56581530000001,6.2476376,True,False,,,
2398,1943-02-27,1943,2,1940,flujo de detritos,sin dato,Otra causa,0,0,,0.0,High,Ingeominas,,,-75.56581530000001,6.2476376,True,False,,,
2399,1943-05-05,1943,5,1940,flujo de detritos,sin dato,Otra causa,0,0,,0.0,High,Ingeominas,Riveras quebrada Santa Helena,,-75.56581530000001,6.2476376,True,False,,,
2400,1943-09-29,1943,9,1940,flujo de detritos,sin dato,Otra causa,2,2,,0.0,High,Ingeominas,Cobertura quebrada Santa Helena,,-75.56581530000001,6.2476376,True,False,,,
2401,1944-10-13,1944,10,1940,flujo de detritos,sin dato,Otra causa - Otra causa,0,0,,0.0,High,Bdod-00356,,,-75.56581530000001,6.2476376,True,False,,,
2402,1944-10-16,1944,10,1940,flujo de detritos,sin dato,Otra causa - Otra causa,0,0,,0.0,High,Bdod-00777,,,-75.56581530000001,6.2476376,True,False,,,
2403,1944-10-18,1944,10,1940,flujo de detritos,sin dato,Desconocida,0,0,,0.0,Mid,El Colombiano,Guayabal,Guayabal,-75.5887989,6.210293099999999,False,False,15,Guayabal,comuna
2404,1944-10-19,1944,10,1940,flujo de detritos,sin dato,Otra causa - Otra causa,0,0,,0.0,High,Ing.,,,-75.56581530000001,6.2476376,True,False,,,
2405,1944-10-17,1944,10,1940,flujo de detritos,sin dato,Otra causa - Otra causa,0,0,,0.0,High,Ing.,,,-75.56581530000001,6.2476376,True,False,,,
2410,1944-09-06,1944,9,1940,deslizamiento,sin dato,Desconocida,0,0,,0.0,Mid,Ingeominas,Barrio Manrique,Manrique Central Nº1,-75.56714,6.26753,False,False,04,Aranjuez,comuna
2411,1944-06-18,1944,6,1940,flujo de detritos,sin dato,Otra causa,2,2,,0.0,High,Ingeominas,Riveras del Río Medellín,,-75.56581530000001,6.2476376,True,False,,,
2412,1944-06-27,1944,6,1940,flujo de detritos,sin dato,Desconocida,0,0,,0.0,Mid,Ingeominas,Guayabal,Guayabal,-75.5887989,6.210293099999999,False,False,15,Guayabal,comuna
2413,1944-10-13,1944,10,1940,flujo de detritos,sin dato,Desconocida,1,1,,0.0,Mid,Ingeominas,Barrio Enciso,Enciso,-75.55168789999999,6.248624,False,False,08,Villa Hermosa,comuna
2414,1944-10-13,1944,10,1940,flujo de detritos,sin dato,Otra causa,0,0,,0.0,High,Ingeominas,,,-75.56581530000001,6.2476376,True,False,,,
2415,1945-12-04,1945,12,1940,flujo de detritos,sin dato,Desconocida,0,0,,0.0,High,Ingeominas,,,-75.56581530000001,6.2476376,True,False,,,
2416,1945-10-25,1945,10,1940,deslizamiento,sin dato,Otra causa,0,0,,0.0,High,Ingeominas,,,-75.565815,6.247638,True,False,,,
2417,1946-04-02,1946,4,1940,flujo de detritos,sin dato,Otra causa,0,0,,0.0,High,El Colombiano,,,-75.56581530000001,6.2476376,True,False,,,
2418,1947-09-08,1947,9,1940,flujo de detritos,sin dato,Otra causa - Otra causa,15,15,,0.0,High,Bdod-00409-Ing.,,,-75.56581530000001,6.2476376,True,False,,,
2419,1947-11-21,1947,11,1940,flujo de detritos,sin dato,Otra causa,0,0,,0.0,High,El Colombiano,,,-75.56581530000001,6.2476376,True,False,,,
2420,1947-01-01,1947,1,1940,deslizamiento,sin dato,Desconocida,0,0,,0.0,Mid,Ingeominas,Barrio Manrique,Manrique Central Nº1,-75.56714,6.26753,False,False,04,Aranjuez,comuna
2421,1948-07-06,1948,7,1940,flujo de detritos,sin dato,Otra causa - Otra causa,0,0,,0.0,High,Bdod-00424,Palmitas,,-75.56581530000001,6.2476376,True,False,,,
2422,1947-02-18,1947,2,1940,deslizamiento,sin dato,Desconocida,1,1,,0.0,Mid,Ingeominas,Barrio la Iguaná,Nueva Villa de Iguaná,-75.604077,6.235881,False,False,16,Belén,comuna
2423,1950-05-01,1950,5,1950,flujo de detritos,sin dato,Desconocida,0,0,,0.0,Mid,El Colombiano,Barrio Belén,Belén,-75.5914068,6.2315137,False,False,16,Belén,comuna
2424,1950-08-04,1950,8,1950,flujo de detritos,sin dato,Otra causa - Otra causa,2,2,,0.0,High,Bdod-00521,B.S.Bernar,,-75.56581530000001,6.2476376,True,False,,,
2425,1950-04-22,1950,4,1950,flujo de detritos,sin dato,Desconocida,0,0,,0.0,Mid,El Colombiano,Barrios Moravia y Campo Valdes,Moravia,-75.56697,6.2781026,False,False,04,Aranjuez,comuna
2426,1950-06-08,1950,6,1950,flujo de detritos,sin dato,Otra causa,0,0,,0.0,High,El Colombiano,Centro de la Ciudad; quebrada Santa Helena,,-75.56581530000001,6.2476376,True,False,,,
2427,1950-08-17,1950,8,1950,flujo de detritos,sin dato,Otra causa,0,0,,0.0,High,El Colombiano,,,-75.56581530000001,6.2476376,True,False,,,
2428,1950-08-23,1950,8,1950,flujo de detritos,sin dato,Desconocida,1,1,,0.0,Mid,El Colombiano,Barrio Belén,Belén,-75.5914068,6.2315137,False,False,16,Belén,comuna
2429,1950-10-16,1950,10,1950,flujo de detritos,sin dato,Otra causa,0,0,,0.0,High,El Colombiano,,,-75.56581530000001,6.2476376,True,False,,,
2430,1950-04-22,1950,4,1950,flujo de detritos,sin dato,Desconocida,0,0,,0.0,Mid,El Colombiano,Barrios Moravia y Campo Valdes,Campo Valdés Nº1,-75.5556678,6.2752639,False,False,04,Aranjuez,comuna
2433,1951-05-01,1951,5,1950,flujo de detritos,sin dato,Desconocida,0,0,,0.0,High,Bdod-00552-Ing.,,,-75.56581530000001,6.2476376,True,False,,,
2434,1951-05-02,1951,5,1950,flujo de detritos,sin dato,Otra causa - Otra causa,2,2,,0.0,High,Bdod-00553-Ing.,,,-75.56581530000001,6.2476376,True,False,,,
2435,1951-11-27,1951,11,1950,flujo de detritos,sin dato,Otra causa,0,0,,0.0,High,El Colombiano,,,-75.56581530000001,6.2476376,True,False,,,
2436,1951-02-06,1951,2,1950,flujo de detritos,sin dato,Otra causa,0,0,,0.0,High,El Colombiano,,,-75.56581530000001,6.2476376,True,False,,,
2437,1951-05-19,1951,5,1950,flujo de detritos,sin dato,Desconocida,0,0,,0.0,Mid,El Colombiano,Barrio la America,La América,-75.6026222,6.2552062,False,False,12,La América,comuna
2438,1952-11-15,1952,11,1950,flujo de detritos,sin dato,Otra causa,0,0,,0.0,High,El Colombiano,,,-75.56581530000001,6.2476376,True,False,,,
2439,1951-02-19,1951,2,1950,deslizamiento,sin dato,Otra causa,0,0,,0.0,High,Ingeominas,,,-75.565815,6.247638,True,False,,,
2441,1953-05-10,1953,5,1950,flujo de detritos,sin dato,Otra causa,0,0,,0.0,High,El Colombiano,,,-75.56581530000001,6.2476376,True,False,,,
2442,1953-09-13,1953,9,1950,flujo de detritos,sin dato,Otra causa,0,0,,0.0,High,El Colombiano,,,-75.56581530000001,6.2476376,True,False,,,
2443,1953-09-18,1953,9,1950,flujo de detritos,sin dato,Otra causa,0,0,,0.0,High,El Colombiano,,,-75.56581530000001,6.2476376,True,False,,,
2444,1953-10-26,1953,10,1950,flujo de detritos,sin dato,Otra causa,0,0,,0.0,High,El Colombiano,,,-75.56581530000001,6.2476376,True,False,,,
2445,1954-07-02,1954,7,1950,deslizamiento,sin dato,Otra causa - Otra causa,0,0,,0.0,High,Bdod-00621,,,-75.565815,6.247638,True,False,,,
2446,1954-04-22,1954,4,1950,flujo de detritos,sin dato,Otra causa,0,0,,0.0,High,El Colombiano,,,-75.56581530000001,6.2476376,True,False,,,
2447,1954-07-12,1954,7,1950,deslizamiento,lluvia,Lluvias - Fuertes lluvias; filtraciones de agua de una acequia,100,74,"Media Luna: las fuentes citan entre 60 y 74 víctimas (El Colombiano; García Márquez, 1954); el inventario trae 100.",67.0,Mid,Informe preliminar sobre Los Derrumbes*,"Media Luna, aproximadamente entre Los Kilometros 6 y 7",,-75.515106,6.238131,False,False,90,Santa Elena,corregimiento
2450,1955-07-04,1955,7,1950,flujo de detritos,sin dato,Desconocida,2,2,,0.0,High,Bdod-00677,,,-75.56581530000001,6.2476376,True,False,,,
2451,1955-04-24,1955,4,1950,flujo de detritos,sin dato,Otra causa,0,0,,0.0,High,El Colombiano,,,-75.56581530000001,6.2476376,True,False,,,
2452,1955-10-11,1955,10,1950,flujo de detritos,sin dato,Otra causa,0,0,,0.0,High,El Colombiano,Estadio Atanasio Girardot,,-75.56581530000001,6.2476376,True,False,,,
2453,1955-10-30,1955,10,1950,flujo de detritos,sin dato,Desconocida,0,0,,0.0,Mid,El Colombiano,Barrio San Cristobal,Barrio Cristóbal,-75.612807,6.247742,False,False,12,La América,comuna
2454,1955-11-26,1955,11,1950,flujo de detritos,sin dato,Desconocida,0,0,,0.0,Mid,El Colombiano,San Cristobal,Barrio Cristóbal,-75.612807,6.247742,False,False,12,La América,comuna
2455,1955-04-07,1955,4,1950,flujo de detritos,sin dato,Otra causa - Otra causa,0,0,,0.0,High,Ing.,,,-75.56581530000001,6.2476376,True,False,,,
2462,1955-10-25,1955,10,1950,deslizamiento,sin dato,Desconocida,0,0,,0.0,Mid,Ingeominas,Barrio la Floresta,La Floresta,-75.599691,6.255272,False,False,12,La América,comuna
2463,1955-10-28,1955,10,1950,deslizamiento,sin dato,Desconocida,0,0,,0.0,High,Ingeominas,Media Luna,,-75.565815,6.247638,True,False,,,
2464,1955-11-26,1955,11,1950,deslizamiento,sin dato,Otra causa,0,0,,0.0,High,Ingeominas,Boquerón,,-75.679046,6.33396,False,False,50,San Sebastián de Palmitas,corregimiento
2467,1958-02-22,1958,2,1950,deslizamiento,sin dato,Desconocida,1,1,,0.0,Mid,Ingeominas,Barrio Campo Valdés,Campo Valdés Nº1,-75.55609,6.273372,False,False,04,Aranjuez,comuna
2468,1959-01-20,1959,1,1950,flujo de detritos,sin dato,Otra causa,0,0,,0.0,High,El Colombiano,,,-75.56581530000001,6.2476376,True,False,,,
2469,1959-03-01,1959,3,1950,flujo de detritos,sin dato,Otra causa,0,0,,0.0,High,El Colombiano,,,-75.56581530000001,6.2476376,True,False,,,
2470,1959-03-20,1959,3,1950,flujo de detritos,sin dato,Otra causa,0,0,,0.0,High,El Colombiano,,,-75.56581530000001,6.2476376,True,False,,,
2471,1959-07-01,1959,7,1950,flujo de detritos,sin dato,Otra causa,0,0,,0.0,High,El Colombiano,,,-75.56581530000001,6.2476376,True,False,,,
2472,1959-07-31,1959,7,1950,flujo de detritos,sin dato,Otra causa,0,0,,0.0,High,El Colombiano,,,-75.56581530000001,6.2476376,True,False,,,
2473,1959-08-26,1959,8,1950,flujo de detritos,sin dato,Otra causa,0,0,,0.0,High,El Colombiano,,,-75.56581530000001,6.2476376,True,False,,,
2474,1959-09-30,1959,9,1950,flujo de detritos,sin dato,Desconocida,0,0,,0.0,Mid,El Colombiano,El Poblado,El Poblado,-75.5762572,6.2132868,False,False,14,El Poblado,comuna
2475,1960-01-26,1960,1,1960,deslizamiento,sin dato,Otra causa,1,1,,0.0,High,Ingeominas,,,-75.565815,6.247638,True,False,,,
2476,1960-10-20,1960,10,1960,deslizamiento,sin dato,Desconocida,2,2,,0.0,Mid,Ingeominas,Barrio Aranjuez,Aranjuez,-75.559687,6.27695,False,False,04,Aranjuez,comuna
2478,1963-04-09,1963,4,1960,flujo de detritos,sin dato,Desconocida,0,0,,0.0,Mid,El Colombiano,Barrio Buenos Aires,Buenos Aires,-75.5560544,6.237128999999999,False,False,09,Buenos Aires,comuna
2479,1963-10-07,1963,10,1960,flujo de detritos,sin dato,Otra causa,0,0,,0.0,High,El Colombiano,,,-75.56581530000001,6.2476376,True,False,,,
2480,1963-03-07,1963,3,1960,deslizamiento,sin dato,Desconocida,1,1,,0.0,Mid,Ingeominas,Barrio Campo Valdés,Campo Valdés Nº1,-75.55609,6.273372,False,False,04,Aranjuez,comuna
2481,1963-06-25,1963,6,1960,deslizamiento,sin dato,Desconocida,1,1,,0.0,Mid,Ingeominas,Barrio Santa Cruz,Santa Cruz,-75.558279,6.293427,False,False,02,Santa Cruz,comuna
2482,1964-10-13,1964,10,1960,flujo de detritos,sin dato,Otra causa - Otra causa,0,0,,0.0,High,Bdod-19075,,,-75.56581530000001,6.2476376,True,False,,,
2485,1965-02-28,1965,2,1960,flujo de detritos,sin dato,Otra causa,0,0,,0.0,High,El Colombiano,,,-75.56581530000001,6.2476376,True,False,,,
2487,1965-03-04,1965,3,1960,deslizamiento,sin dato,Otra causa,1,1,,0.0,High,Ingeominas,Quebrada la Iguaná,,-75.611378,6.275247,False,False,07,Robledo,comuna
2488,1965-04-01,1965,4,1960,deslizamiento,sin dato,Desconocida,1,1,,0.0,Mid,Ingeominas,Barrio Moravia,Moravia,-75.566958,6.278219,False,False,04,Aranjuez,comuna
2489,1965-08-10,1965,8,1960,deslizamiento,sin dato,Desconocida,1,1,,0.0,Mid,Ingeominas,La Iguaná,Nueva Villa de Iguaná,-75.604077,6.235881,False,False,16,Belén,comuna
2490,1966-11-26,1966,11,1960,flujo de detritos,sin dato,Otra causa,0,0,,0.0,High,Ingeominas,,,-75.56581530000001,6.2476376,True,False,,,
2491,1966-03-22,1966,3,1960,deslizamiento,sin dato,Desconocida,2,2,,0.0,Mid,Ingeominas,Barrio Belalcazar,Belalcazar,-75.563332,6.298082,False,False,05,Castilla,comuna
2492,1966-04-25,1966,4,1960,deslizamiento,sin dato,Desconocida,0,0,,0.0,Mid,Ingeominas,Barrio Piñuela,La Piñuela,-75.556046,6.281053,False,False,04,Aranjuez,comuna
2493,1966-05-24,1966,5,1960,deslizamiento,sin dato,Desconocida,1,1,,0.0,High,Ingeominas,,,-75.565815,6.247638,True,False,,,
2494,1969-05-07,1969,5,1960,deslizamiento,sin dato,Otra causa - Otra causa,0,0,,0.0,High,Bdod-20164,B.Popular2,,-75.546266,6.304135,False,False,01,Popular,comuna
2495,1966-09-25,1966,9,1960,deslizamiento,sin dato,Desconocida,1,1,,0.0,Mid,Ingeominas,Barrio Manrique,Manrique Central Nº1,-75.56714,6.26753,False,False,04,Aranjuez,comuna
2496,1967-05-03,1967,5,1960,flujo de detritos,sin dato,Otra causa - Otra causa,0,0,,0.0,High,Bdod-20106,,,-75.56581530000001,6.2476376,True,False,,,
2497,1967-05-10,1967,5,1960,flujo de detritos,sin dato,Otra causa,0,0,,0.0,High,El Colombiano,Santa Helena,,-75.56581530000001,6.2476376,True,False,,,
2498,1967-05-14,1967,5,1960,flujo de detritos,sin dato,Otra causa,0,0,,0.0,High,El Colombiano,,,-75.56581530000001,6.2476376,True,False,,,
2500,1967-04-20,1967,4,1960,flujo de detritos,sin dato,Desconocida,2,2,,0.0,High,Ingeominas,Quebrada Santa Helena,,-75.56581530000001,6.2476376,True,False,,,
2501,1967-06-06,1967,6,1960,deslizamiento,sin dato,Desconocida,0,0,,0.0,Mid,Ingeominas,Barrio Manrique,Manrique Central Nº1,-75.56714,6.26753,False,False,04,Aranjuez,comuna
2502,1968-10-18,1968,10,1960,flujo de detritos,sin dato,Otra causa - Otra causa,5,5,,0.0,High,Bdosso,B.Manrique;Camp Vald,,-75.56581530000001,6.2476376,True,False,,,
2503,1968-02-19,1968,2,1960,flujo de detritos,sin dato,Otra causa,0,0,,0.0,High,El Colombiano,,,-75.56581530000001,6.2476376,True,False,,,
2504,1968-06-10,1968,6,1960,flujo de detritos,sin dato,Otra causa,0,0,,0.0,High,El Colombiano,,,-75.56581530000001,6.2476376,True,False,,,
2505,1968-10-17,1968,10,1960,flujo de detritos,sin dato,Desconocida,1,1,,0.0,Mid,El Colombiano,Barrio Manrique,Manrique Central Nº1,-75.56714,6.26753,False,False,04,Aranjuez,comuna
2507,1968-12-04,1968,12,1960,flujo de detritos,sin dato,Otra causa,0,0,,0.0,High,El Colombiano,,,-75.56581530000001,6.2476376,True,False,,,
2509,1969-09-24,1969,9,1960,flujo de detritos,sin dato,Otra causa,0,0,,0.0,High,El Colombiano,,,-75.56581530000001,6.2476376,True,False,,,
2511,1969-05-17,1969,5,1960,deslizamiento,sin dato,Desconocida,0,0,,0.0,Mid,Ingeominas,Barrio Popular,Popular,-75.546077,6.304034,False,False,01,Popular,comuna
2512,1970-10-03,1970,10,1970,flujo de detritos,sin dato,Otra causa - Otra causa,2,2,,0.0,High,Bdod-20217,,,-75.56581530000001,6.2476376,True,False,,,
2517,1970-11-10,1970,11,1970,flujo de detritos,sin dato,Otra causa,0,0,,0.0,High,El Colombiano,,,-75.56581530000001,6.2476376,True,False,,,
2518,1970-11-27,1970,11,1970,flujo de detritos,sin dato,Otra causa,1,1,,0.0,High,El Colombiano,,,-75.56581530000001,6.2476376,True,False,,,
2519,1970-10-29,1970,10,1970,flujo de detritos,sin dato,Otra causa,0,0,,0.0,High,El Colombiano,,,-75.56581530000001,6.2476376,True,False,,,
2521,1970-11-05,1970,11,1970,flujo de detritos,sin dato,Desconocida,3,3,,0.0,High,Bdod-20236,,,-75.56581530000001,6.2476376,True,False,,,
2522,1970-11-05,1970,11,1970,flujo de detritos,sin dato,Otra causa - Otra causa,0,0,,750.0,High,Bdod-20237,,,-75.56581530000001,6.2476376,True,False,,,
2523,1970-10-10,1970,10,1970,deslizamiento,sin dato,Otra causa,0,0,,0.0,High,Ingeominas,,,-75.565815,6.247638,True,False,,,
2524,1970-11-08,1970,11,1970,flujo de detritos,sin dato,Otra causa - Otra causa,1,1,,0.0,High,Bdod-20238,,,-75.56581530000001,6.2476376,True,False,,,
2525,1970-11-03,1970,11,1970,flujo de detritos,sin dato,Desconocida,8,8,,0.0,Mid,Ingeominas,Barrio Belén Altavista,Altavista,-75.6106246,6.2225098,False,False,16,Belén,comuna
2527,1971-11-17,1971,11,1970,flujo de detritos,sin dato,Otra causa - Otra causa,0,0,,0.0,High,Bdod-20378,,,-75.56581530000001,6.2476376,True,False,,,
2528,1970-11-08,1970,11,1970,flujo de detritos,sin dato,Desconocida,0,0,,0.0,Mid,Ingeominas,,Buenos Aires,-75.5560544,6.237128999999999,False,False,09,Buenos Aires,comuna
2529,1971-03-30,1971,3,1970,flujo de detritos,sin dato,Otra causa,0,0,,0.0,High,El Colombiano,,,-75.56581530000001,6.2476376,True,False,,,
2530,1971-05-24,1971,5,1970,flujo de detritos,sin dato,Otra causa,0,0,,0.0,High,El Colombiano,,,-75.56581530000001,6.2476376,True,False,,,
2532,1971-03-20,1971,3,1970,flujo de detritos,sin dato,Otra causa,0,0,,0.0,High,El Colombiano,,,-75.56581530000001,6.2476376,True,False,,,
2533,1971-05-09,1971,5,1970,flujo de detritos,sin dato,Otra causa,0,0,,0.0,High,El Colombiano,,,-75.56581530000001,6.2476376,True,False,,,
2536,1971-02-03,1971,2,1970,deslizamiento,sin dato,Otra causa,0,0,,0.0,High,Ingeominas,Carretera a las Palmas,,-75.55137,6.214854,False,False,90,Santa Elena,corregimiento
2537,1971-02-07,1971,2,1970,deslizamiento,sin dato,Otra causa,0,0,,0.0,High,Ingeominas,Carretera a las Palmas,,-75.55137,6.214854,False,False,90,Santa Elena,corregimiento
2538,1971-05-22,1971,5,1970,flujo de detritos,sin dato,Otra causa,0,0,,0.0,High,El Colombiano,,,-75.56581530000001,6.2476376,True,False,,,
2540,1971-03-22,1971,3,1970,deslizamiento,sin dato,Otra causa,0,0,,0.0,High,Ingeominas,Carretera a las Palmas,,-75.55137,6.214854,False,False,90,Santa Elena,corregimiento
2541,1971-08-21,1971,8,1970,deslizamiento,sin dato,Otra causa,0,0,,0.0,High,Ingeominas,,,-75.565815,6.247638,True,False,,,
2542,1971-11-02,1971,11,1970,deslizamiento,sin dato,Otra causa,4,4,,0.0,High,Ingeominas,,,-75.565815,6.247638,True,False,,,
2543,1972-05-04,1972,5,1970,deslizamiento,sin dato,Desconocida,3,3,,0.0,High,Bdosso,,,-75.565815,6.247638,True,False,,,
2544,1972-07-07,1972,7,1970,flujo de detritos,sin dato,Otra causa,1,1,,0.0,High,Ingeominas,,,-75.56581530000001,6.2476376,True,False,,,
2545,1972-05-13,1972,5,1970,deslizamiento,sin dato,Otra causa,4,4,,0.0,High,Ingeominas,,,-75.565815,6.247638,True,False,,,
2546,1973-11-15,1973,11,1970,flujo de detritos,sin dato,Otra causa - Otra causa,2,2,,0.0,High,Bdod-20468,,,-75.56581530000001,6.2476376,True,False,,,
2547,1973-06-23,1973,6,1970,flujo de detritos,sin dato,Otra causa,0,0,,0.0,High,El Colombiano,Centro,,-75.56581530000001,6.2476376,True,False,,,
2549,1973-09-02,1973,9,1970,deslizamiento,sin dato,Desconocida,0,0,,0.0,Mid,Ingeominas,Barrio Popular 2,Popular,-75.546077,6.304034,False,False,01,Popular,comuna
2550,1972-04-15,1972,4,1970,flujo de detritos,sin dato,Otra causa,0,0,,0.0,High,El Colombiano,,,-75.56581530000001,6.2476376,True,False,,,
2551,1974-11-24,1974,11,1970,flujo de detritos,sin dato,Otra causa - Otra causa,0,0,,0.0,High,Bdod-21046,,,-75.56581530000001,6.2476376,True,False,,,
2552,1974-10-03,1974,10,1970,deslizamiento,sin dato,Desconocida,0,0,,0.0,High,Bdosso,B.Popular,,-75.546266,6.304135,False,False,01,Popular,comuna
2553,1972-08-17,1972,8,1970,flujo de detritos,sin dato,Otra causa,0,0,,0.0,High,El Colombiano,,,-75.56581530000001,6.2476376,True,False,,,
2554,1973-06-25,1973,6,1970,deslizamiento,sin dato,Otra causa,13,13,,0.0,High,Ingeominas,,,-75.565815,6.247638,True,False,,,
2556,1974-01-07,1974,1,1970,deslizamiento,sin dato,Otra causa,0,0,,0.0,High,Ingeominas,Variante las Palmas; Cerca el Hotel Intercontinental,,-75.557386,6.213994,False,False,14,El Poblado,comuna
2557,1974-09-29,1974,9,1970,deslizamiento,lluvia,Lluvias,50,50,,0.0,Mid,Ingeominas,Barrio Santo Domingo Savio. Margen Izq quebrada la Sucia*,Santo Domingo Savio Nº1,-75.545699,6.297495,False,False,01,Popular,comuna
2558,1974-10-29,1974,10,1970,deslizamiento,sin dato,Otra causa,0,0,,0.0,High,Ingeominas,,,-75.565815,6.247638,True,False,,,
2559,1975-02-02,1975,2,1970,flujo de detritos,sin dato,Otra causa - Otra causa,1,1,,0.0,High,Bdod-21057,,,-75.56581530000001,6.2476376,True,False,,,
2560,1975-02-04,1975,2,1970,deslizamiento,sin dato,Otra causa - Otra causa,18,18,,0.0,High,Ing.,,,-75.565815,6.247638,True,False,,,
2561,1975-11-06,1975,11,1970,flujo de detritos,sin dato,Otra causa,0,0,,0.0,High,El Colombiano,Quebrada Altavista,,-75.56581530000001,6.2476376,True,False,,,
2564,1975-02-22,1975,2,1970,deslizamiento,sin dato,Desconocida,2,2,,0.0,Mid,Ingeominas,Barrio Villa del Socorro,Villa del Socorro,-75.551664,6.29131,False,False,01,Popular,comuna
2565,1975-06-10,1975,6,1970,deslizamiento,sin dato,Desconocida,2,2,,0.0,Mid,Ingeominas,Barrio Santo Domingo Savio,Santo Domingo Savio Nº1,-75.545699,6.297495,False,False,01,Popular,comuna
2566,1975-08-24,1975,8,1970,deslizamiento,sin dato,Desconocida,2,2,,0.0,Mid,Ingeominas,Barrio Popular 2,Popular,-75.546077,6.304034,False,False,01,Popular,comuna
2567,1975-10-29,1975,10,1970,deslizamiento,sin dato,Otra causa,0,0,,0.0,High,Ingeominas,Palmitas. Vía Medellín - Turbo,,-75.696032,6.340792,False,False,50,San Sebastián de Palmitas,corregimiento
2569,1976-11-03,1976,11,1970,deslizamiento,sin dato,Desconocida,0,0,,0.0,Mid,Ingeominas,Barrio Caicedo,Barrio Caycedo,-75.554599,6.242251,False,False,09,Buenos Aires,comuna
2570,1977-06-01,1977,6,1970,deslizamiento,sin dato,Desconocida,4,4,,0.0,High,Bdod-21148,B.S.Domingo,,-75.545699,6.297495,False,False,01,Popular,comuna
2571,1977-06-14,1977,6,1970,flujo de detritos,sin dato,Desconocida,0,0,,0.0,Mid,El Colombiano,Barrio Alfonso López y Castilla,Alfonso López,-75.5793401,6.286844700000001,False,False,06,Doce de Octubre,comuna
2572,1977-08-11,1977,8,1970,flujo de detritos,sin dato,Otra causa,0,0,,0.0,High,El Colombiano,Quebrada la Gloria,,-75.56581530000001,6.2476376,True,False,,,
2573,1977-06-14,1977,6,1970,flujo de detritos,sin dato,Desconocida,0,0,,0.0,Mid,El Colombiano,Castilla y Alfonso López,Castilla,-75.5727914,6.2911827,False,False,05,Castilla,comuna
2574,1977-06-11,1977,6,1970,deslizamiento,sin dato,Desconocida,4,4,,0.0,Mid,Ingeominas,Barrio Santo Domingo Savio,Santo Domingo Savio Nº1,-75.545699,6.297495,False,False,01,Popular,comuna
2575,1977-04-29,1977,4,1970,deslizamiento,sin dato,Desconocida,0,0,,0.0,Mid,Tesis de La Universidad Nacional *,,Villa Hermosa,-75.548481,6.255609,False,False,08,Villa Hermosa,comuna
2576,1978-11-18,1978,11,1970,flujo de detritos,sin dato,Otra causa,0,0,,0.0,High,El Colombiano,,,-75.56581530000001,6.2476376,True,False,,,
2577,1978-07-12,1978,7,1970,flujo de detritos,sin dato,Desconocida,0,0,,0.0,High,Ingeominas,Barrio Zamora,,-75.56581530000001,6.2476376,True,False,,,
2578,1978-10-31,1978,10,1970,flujo de detritos,sin dato,Otra causa,0,0,,0.0,High,Ingeominas,Quebrada la Hueso,,-75.56581530000001,6.2476376,True,False,,,
2579,1979-04-08,1979,4,1970,flujo de detritos,sin dato,Otra causa - Otra causa,3,3,,0.0,High,Bdod-30016-Bdosso,Zona Nororiental,,-75.56581530000001,6.2476376,True,False,,,
2580,1979-04-04,1979,4,1970,flujo de detritos,sin dato,Otra causa - Otra causa,0,0,,0.0,High,Bdod-30018,,,-75.56581530000001,6.2476376,True,False,,,
2583,1979-11-01,1979,11,1970,flujo de detritos,sin dato,Otra causa - Otra causa,0,0,,0.0,High,Bdosso,Aeropuerto Olaya Herrera,,-75.56581530000001,6.2476376,True,False,,,
2584,1979-11-29,1979,11,1970,deslizamiento,sin dato,Desconocida,2,2,,0.0,High,Bdosso,B.Caycedo,,-75.554845,6.242023,False,False,09,Buenos Aires,comuna
2585,1979-04-08,1979,4,1970,flujo de detritos,sin dato,Otra causa,0,0,,0.0,High,El Colombiano,Centro y Perisferia,,-75.56581530000001,6.2476376,True,False,,,
2587,1979-10-22,1979,10,1970,flujo de detritos,sin dato,Desconocida,0,0,,0.0,Mid,El Colombiano,Barrios Caribe; Castilla; Santo Domingo Savio; Manrique.,Caribe,-75.5738985,6.2703817,False,False,05,Castilla,comuna
2588,1979-10-29,1979,10,1970,flujo de detritos,sin dato,Otra causa,0,0,,0.0,High,El Colombiano,Cuerpo de Bomberos,,-75.56581530000001,6.2476376,True,False,,,
2589,1979-09-06,1979,9,1970,flujo de detritos,sin dato,Desconocida,0,0,,0.0,Mid,El Colombiano,Guayabal; Salvador; la Toma,El Salvador,-75.5604208,6.2359598,False,False,09,Buenos Aires,comuna
2590,1979-09-06,1979,9,1970,flujo de detritos,sin dato,Desconocida,0,0,,0.0,High,El Colombiano,La Toma; Guayabal y el Salvador,,-75.56581530000001,6.2476376,True,False,,,
2591,1979-09-18,1979,9,1970,flujo de detritos,sin dato,Desconocida,0,0,,0.0,Mid,El Colombiano,Pablo Vi y Zamora,Pablo Vi,-75.5527795,6.3032173,False,False,02,Santa Cruz,comuna
2592,1980-12-01,1980,12,1980,flujo de detritos,sin dato,Otra causa,0,0,,0.0,High,El Colombiano,áRea Metropolitana,,-75.56581530000001,6.2476376,True,False,,,
2593,1979-10-22,1979,10,1970,flujo de detritos,sin dato,Desconocida,0,0,,0.0,Mid,El Colombiano,Barrios Santo Domingo Savio; Castilla; Caribe; Manrique.,Santo Domingo Savio Nº1,-75.53775159999999,6.2975875,False,False,01,Popular,comuna
2595,1979-09-02,1979,9,1970,flujo de detritos,sin dato,Desconocida,0,0,,0.0,Mid,Ingeominas,Barrio Andalucía,Andalucía,-75.55168789999999,6.2989878,False,False,02,Santa Cruz,comuna
2596,1979-10-22,1979,10,1970,flujo de detritos,sin dato,Desconocida,0,0,,0.0,Mid,El Colombiano,Barrios Castilla; Caribe; Santo Domingo Savio; Manrique.,Castilla,-75.5727914,6.2911827,False,False,05,Castilla,comuna
2597,1979-10-22,1979,10,1970,flujo de detritos,sin dato,Desconocida,0,0,,0.0,Mid,El Colombiano,Barrios Manrique; Castilla; Santo Domingo Savio; Caribe.,Manrique Central Nº1,-75.56714,6.26753,False,False,04,Aranjuez,comuna
2599,1979-11-05,1979,11,1970,deslizamiento,sin dato,Desconocida,0,0,,0.0,Mid,Ingeominas,Barrio Santo Domingo Savio,Santo Domingo Savio Nº1,-75.545699,6.297495,False,False,01,Popular,comuna
2600,1979-09-25,1979,9,1970,deslizamiento,sin dato,Desconocida,0,0,,0.0,Mid,Ingeominas,Barrio Santo Domingo Savio,Santo Domingo Savio Nº1,-75.545699,6.297495,False,False,01,Popular,comuna
2601,1979-11-28,1979,11,1970,deslizamiento,sin dato,Desconocida,2,2,,0.0,High,Ingeominas,Barrio la Toma,,-75.553374,6.24384,False,False,08,Villa Hermosa,comuna
2602,1980-10-04,1980,10,1980,deslizamiento,sin dato,Otra causa - Otra causa,0,0,,100.0,High,Bdod-30117,B.20 Julio,,-75.620345,6.251835,False,False,13,San Javier,comuna
2603,1980-10-20,1980,10,1980,flujo de detritos,sin dato,Otra causa,0,0,,0.0,High,El Colombiano,Centro y Perisferia,,-75.56581530000001,6.2476376,True,False,,,
2604,1980-05-05,1980,5,1980,deslizamiento,sin dato,Otra causa - Otra causa,1,1,,0.0,High,Ing.,,,-75.565815,6.247638,True,False,,,
2605,1979-06-14,1979,6,1970,deslizamiento,sin dato,Desconocida,0,0,,0.0,Mid,Tesis de La Universidad Nacional *,,Doce de Octubre Nº1,-75.579118,6.305517,False,False,06,Doce de Octubre,comuna
2606,1980-05-11,1980,5,1980,deslizamiento,sin dato,Otra causa,0,0,,0.0,High,Ingeominas,,,-75.565815,6.247638,True,False,,,
2607,1980-10-20,1980,10,1980,deslizamiento,sin dato,Desconocida,20,20,,0.0,Mid,Ingeominas,Barrio Villatina,Villa Tina,-75.540093,6.234141,False,False,09,Buenos Aires,comuna
2608,1979-06-29,1979,6,1970,deslizamiento,sin dato,Desconocida,0,0,,0.0,High,Tesis de La Universidad Nacional *,,,-75.565815,6.247638,True,False,,,
2609,1980-05-04,1980,5,1980,deslizamiento,sin dato,Otra causa - Otra causa,4,4,,0.0,High,Bdod-30088-Ing.,,,-75.565815,6.247638,True,False,,,
2610,1980-11-24,1980,11,1980,deslizamiento,sin dato,Desconocida,0,0,,0.0,Mid,Tesis de La Universidad Nacional *,Calle 105 con Cra. 42 B,Granizal,-75.548395,6.293553,False,False,01,Popular,comuna
2611,1980-11-24,1980,11,1980,deslizamiento,sin dato,Desconocida,0,0,,0.0,Mid,Tesis de La Universidad Nacional *,Carretera a Guarne,San Pablo,-75.545874,6.284172,False,False,03,Manrique,comuna
2612,1980-11-29,1980,11,1980,deslizamiento,sin dato,Desconocida,0,0,,0.0,Mid,Tesis de La Universidad Nacional *,Calle 101 D con Cra. 31,La Avanzada,-75.542067,6.290584,False,False,01,Popular,comuna
2613,1980-11-24,1980,11,1980,deslizamiento,sin dato,Desconocida,0,0,,0.0,Mid,Tesis de La Universidad Nacional *, ,El Compromiso,-75.544422,6.284618,False,False,03,Manrique,comuna
2614,1980-10-21,1980,10,1980,deslizamiento,sin dato,Desconocida,0,0,,0.0,Mid,Tesis de La Universidad Nacional *,Caicedo - San Antonio,San Antonio,-75.554588,6.242343,False,False,09,Buenos Aires,comuna
2615,1980-06-02,1980,6,1980,deslizamiento,sin dato,Desconocida,0,0,,0.0,Mid,Tesis de La Universidad Nacional *,El Pinal y 13 de Noviembre,El Pinal,-75.54586,6.243351,False,False,08,Villa Hermosa,comuna
2616,1981-05-05,1981,5,1980,deslizamiento,sin dato,Otra causa - Otra causa,0,0,,0.0,High,Bdod-60063,,,-75.565815,6.247638,True,False,,,
2617,1982-03-17,1982,3,1980,flujo de detritos,sin dato,Otra causa,1,1,,0.0,High,Ingeominas,Sector de la Iguaná,,-75.56581530000001,6.2476376,True,False,,,
2618,1981-04-28,1981,4,1980,flujo de detritos,sin dato,Otra causa,0,0,,0.0,High,El Colombiano,Autopista Sur; Debajo del Pte. Avenida 33,,-75.56581530000001,6.2476376,True,False,,,
2619,1981-04-28,1981,4,1980,flujo de detritos,sin dato,Desconocida,0,0,,0.0,Mid,El Colombiano,Barrio Belén,Belén,-75.5914068,6.2315137,False,False,16,Belén,comuna
2620,1981-05-14,1981,5,1980,flujo de detritos,sin dato,Desconocida,0,0,,0.0,Mid,El Colombiano,Barrio Alfonso López,Alfonso López,-75.5793401,6.286844700000001,False,False,06,Doce de Octubre,comuna
2621,1981-05-14,1981,5,1980,flujo de detritos,sin dato,Desconocida,0,0,,0.0,Mid,El Colombiano,Barrio Pedregal,Pedregal,-75.5749743,6.2996416,False,False,06,Doce de Octubre,comuna
2622,1981-05-17,1981,5,1980,flujo de detritos,sin dato,Desconocida,0,0,,0.0,Mid,El Colombiano,Barrio Castilla,Castilla,-75.5727914,6.2911827,False,False,05,Castilla,comuna
2623,1981-05-27,1981,5,1980,flujo de detritos,sin dato,Desconocida,0,0,,0.0,Mid,El Colombiano,Barrio Prado,Prado,-75.5611485,6.2598612,False,False,10,La Candelaria,comuna
2624,1981-06-03,1981,6,1980,flujo de detritos,sin dato,Desconocida,0,0,,0.0,Mid,El Colombiano,Barrio Manrique; Prado y Autopista Sur,Manrique Central Nº1,-75.56714,6.26753,False,False,04,Aranjuez,comuna
2625,1981-06-03,1981,6,1980,flujo de detritos,sin dato,Desconocida,0,0,,0.0,Mid,El Colombiano,Barrio Prado; Manrique y Autopista Sur,Prado,-75.5611485,6.2598612,False,False,10,La Candelaria,comuna
2626,1981-04-20,1981,4,1980,deslizamiento,lluvia,Lluvias - Fuerte invierno,0,0,,0.0,Mid,El Colombiano,Parte alta del barrio las Esmeraldas,Las Esmeraldas,-75.553317,6.281435,False,False,04,Aranjuez,comuna
2627,1981-05-06,1981,5,1980,deslizamiento,sin dato,Otra causa - Otra causa,0,0,,0.0,High,Ing.,,,-75.565815,6.247638,True,False,,,
2631,1981-05-31,1981,5,1980,flujo de detritos,sin dato,Otra causa,0,0,,0.0,High,Ingeominas,6'1355 - 75'3405. Sector de la Iguaná,,-75.56581530000001,6.2476376,True,False,,,
2632,1981-04-20,1981,4,1980,deslizamiento,lluvia,Lluvias - Fuerte invierno,0,0,,0.0,Mid,Ingeominas,Barrio el Salado,El Salado,-75.628788,6.255095,False,False,60,San Cristóbal,corregimiento
2633,1981-04-20,1981,4,1980,deslizamiento,lluvia,Lluvias - Fuerte invierno,0,0,,0.0,Mid,Ingeominas,Barrio 20 de Julio,Veinte de Julio,-75.620345,6.251835,False,False,13,San Javier,comuna
2634,1981-05-11,1981,5,1980,deslizamiento,sin dato,Desconocida,0,0,,0.0,Mid,Ingeominas,Barrio Santo Domingo,Santo Domingo Savio Nº1,-75.545699,6.297495,False,False,01,Popular,comuna
2635,1981-07-03,1981,7,1980,deslizamiento,sin dato,Desconocida,0,0,,0.0,Mid,Tesis de La Universidad Nacional *,,Santo Domingo Savio Nº1,-75.545699,6.297495,False,False,01,Popular,comuna
2636,1981-07-01,1981,7,1980,deslizamiento,sin dato,Desconocida,0,0,,0.0,Mid,Tesis de La Universidad Nacional *,,Santo Domingo Savio Nº1,-75.545699,6.297495,False,False,01,Popular,comuna
2637,1981-05-23,1981,5,1980,deslizamiento,sin dato,Desconocida,0,0,,0.0,Mid,Tesis de La Universidad Nacional *,Calle 110 con Cra. 46,Popular,-75.549284,6.299571,False,False,02,Santa Cruz,comuna
2638,1981-05-23,1981,5,1980,deslizamiento,sin dato,Desconocida,0,0,,0.0,Mid,Tesis de La Universidad Nacional *,Calle 106 con Cra. 46,Popular,-75.551881,6.295129,False,False,02,Santa Cruz,comuna
2639,1981-05-23,1981,5,1980,deslizamiento,sin dato,Desconocida,0,0,,0.0,Mid,Tesis de La Universidad Nacional *,Calle 109 con Cra. 47,Popular,-75.550944,6.299285,False,False,02,Santa Cruz,comuna
2640,1981-05-10,1981,5,1980,deslizamiento,sin dato,Desconocida,0,0,,0.0,Mid,Tesis de La Universidad Nacional *,Calle 101 con Cra. 35 a,San Pablo,-75.545166,6.289941,False,False,01,Popular,comuna
2641,1981-05-23,1981,5,1980,deslizamiento,sin dato,Desconocida,0,0,,0.0,Mid,Tesis de La Universidad Nacional *,Calle 96 con Cra. 36,San Pablo,-75.546006,6.286827,False,False,01,Popular,comuna
2642,1981-07-01,1981,7,1980,deslizamiento,sin dato,Desconocida,0,0,,0.0,Mid,Tesis de La Universidad Nacional *,Calle 96 con Cra. 34,San Pablo,-75.54412,6.286656,False,False,01,Popular,comuna
2643,1981-07-03,1981,7,1980,deslizamiento,sin dato,Desconocida,0,0,,0.0,Mid,Tesis de La Universidad Nacional *, ,San Pablo,-75.545874,6.284172,False,False,03,Manrique,comuna
2644,1981-07-10,1981,7,1980,deslizamiento,sin dato,Desconocida,0,0,,0.0,Mid,Tesis de La Universidad Nacional *,Calle 98 con Cra. 35,San Pablo,-75.545196,6.288087,False,False,01,Popular,comuna
2645,1981-10-24,1981,10,1980,deslizamiento,sin dato,Desconocida,0,0,,0.0,Mid,Tesis de La Universidad Nacional *, ,Villa Guadalupe,-75.551691,6.284815,False,False,03,Manrique,comuna
2646,1981-10-08,1981,10,1980,deslizamiento,sin dato,Desconocida,0,0,,0.0,Mid,Tesis de La Universidad Nacional *,Calle 117 con Cra. 52,La Frontera,-75.556012,6.304469,False,False,02,Santa Cruz,comuna
2647,1981-05-23,1981,5,1980,deslizamiento,sin dato,Desconocida,0,0,,0.0,Mid,Tesis de La Universidad Nacional *,Calle 107 con Cra. 51 a,Andalucía,-75.55674,6.29929,False,False,02,Santa Cruz,comuna
2648,1981-09-20,1981,9,1980,deslizamiento,sin dato,Desconocida,0,0,,0.0,Mid,Tesis de La Universidad Nacional *,Calle 102 con Cra. 28,La Esperanza Nº2,-75.541143,6.290899,False,False,01,Popular,comuna
2649,1981-11-29,1981,11,1980,deslizamiento,sin dato,Desconocida,0,0,,0.0,Mid,Tesis de La Universidad Nacional *,,La Esperanza Nº2,-75.542451,6.295459,False,False,01,Popular,comuna
2650,1981-05-13,1981,5,1980,deslizamiento,sin dato,Desconocida,0,0,,0.0,Mid,Tesis de La Universidad Nacional *,Calle 95 con Cra. 34,El Compromiso,-75.544187,6.285964,False,False,01,Popular,comuna
2651,1981-07-01,1981,7,1980,deslizamiento,sin dato,Desconocida,0,0,,0.0,Mid,Tesis de La Universidad Nacional *, ,El Compromiso,-75.544422,6.284618,False,False,03,Manrique,comuna
2652,1981-07-03,1981,7,1980,deslizamiento,sin dato,Desconocida,0,0,,0.0,Mid,Tesis de La Universidad Nacional *, ,El Compromiso,-75.544422,6.284618,False,False,03,Manrique,comuna
2653,1981-07-01,1981,7,1980,deslizamiento,sin dato,Desconocida,0,0,,0.0,Mid,Tesis de La Universidad Nacional *,Calle 98 con Cra. 51,La Rosa,-75.559818,6.291585,False,False,02,Santa Cruz,comuna
2654,1981-05-26,1981,5,1980,deslizamiento,sin dato,Desconocida,0,0,,0.0,Mid,Tesis de La Universidad Nacional *,Calle 90 con Cra. 31 (San Blas),San José de La Cima Nº1,-75.54411,6.281821,False,False,03,Manrique,comuna
2655,1981-10-30,1981,10,1980,deslizamiento,sin dato,Desconocida,0,0,,0.0,Mid,Tesis de La Universidad Nacional *,Calle 81 con Cra. 37,Santa Inés,-75.547642,6.272503,False,False,03,Manrique,comuna
2656,1981-09-06,1981,9,1980,deslizamiento,sin dato,Desconocida,0,0,,0.0,Mid,Tesis de La Universidad Nacional *,Calle 75 con Cra. 32,El Raizal,-75.545033,6.267767,False,False,03,Manrique,comuna
2657,1981-05-03,1981,5,1980,deslizamiento,sin dato,Desconocida,0,0,,0.0,Mid,Tesis de La Universidad Nacional *,Calle 71 a con Cra. 28,Versalles Nº1,-75.542253,6.26503,False,False,03,Manrique,comuna
2658,1981-05-26,1981,5,1980,deslizamiento,sin dato,Desconocida,0,0,,0.0,Mid,Tesis de La Universidad Nacional *,Calle 67 con Cra. 48 (Escuela la Goretti),Manrique Central Nº1,-75.55767,6.263088,False,False,04,Aranjuez,comuna
2659,1981-06-10,1981,6,1980,deslizamiento,sin dato,Desconocida,0,0,,0.0,Mid,Tesis de La Universidad Nacional *,Calle 71 con Cra. 44,Manrique Central Nº1,-75.553931,6.266206,False,False,03,Manrique,comuna
2660,1981-06-10,1981,6,1980,deslizamiento,sin dato,Desconocida,0,0,,0.0,Mid,Tesis de La Universidad Nacional *,Calle 87 con Cra. 48,Las Esmeraldas,-75.55587,6.279286,False,False,04,Aranjuez,comuna
2661,1981-04-26,1981,4,1980,deslizamiento,sin dato,Desconocida,0,0,,0.0,Mid,Tesis de La Universidad Nacional *,Caicedo - San Antonio,San Antonio,-75.554588,6.242343,False,False,09,Buenos Aires,comuna
2662,1981-06-02,1981,6,1980,deslizamiento,sin dato,Desconocida,0,0,,0.0,Mid,Tesis de La Universidad Nacional *,Caicedo - San Antonio,San Antonio,-75.554588,6.242343,False,False,09,Buenos Aires,comuna
2663,1981-06-10,1981,6,1980,deslizamiento,sin dato,Desconocida,0,0,,0.0,Mid,Tesis de La Universidad Nacional *,Calle 52 con Cra. 6,Las Estancias,-75.535017,6.232619,False,False,08,Villa Hermosa,comuna
2664,1981-09-29,1981,9,1980,deslizamiento,sin dato,Desconocida,0,0,,0.0,Mid,Tesis de La Universidad Nacional *,Barrio Villatina,Villa Tina,-75.540093,6.234141,False,False,09,Buenos Aires,comuna
2665,1981-10-30,1981,10,1980,deslizamiento,sin dato,Desconocida,0,0,,0.0,Mid,Tesis de La Universidad Nacional *,Calle 55 con Cra. 15 a,Villa Tina,-75.539025,6.23739,False,False,08,Villa Hermosa,comuna
2666,1981-05-07,1981,5,1980,deslizamiento,sin dato,Desconocida,0,0,,0.0,Mid,Tesis de La Universidad Nacional *,Barrio Villatina,Villa Tina,-75.540093,6.234141,False,False,09,Buenos Aires,comuna
2667,1981-12-23,1981,12,1980,deslizamiento,sin dato,Desconocida,0,0,,0.0,Mid,Tesis de La Universidad Nacional *,,Las Independencias,-75.625173,6.248731,False,False,13,San Javier,comuna
2669,1982-10-14,1982,10,1980,flujo de detritos,sin dato,Desconocida,0,0,,0.0,Mid,Bomberos Medelin,Cll 2 Sur # 25-51A.,El Tesoro,-75.5554861,6.2040342,False,False,14,El Poblado,comuna
2670,1982-01-15,1982,1,1980,flujo de detritos,sin dato,Otra causa,0,0,,0.0,High,Ingeominas,Sector de la Iguaná,,-75.56581530000001,6.2476376,True,False,,,
2671,1982-10-06,1982,10,1980,flujo de detritos,lluvia,Lluvias,0,0,,0.0,Mid,Bomberso Medellín,Avenida Bolivariana con Cll 35A,Los Conquistadores,-75.581523,6.2423547,False,False,11,Laureles-Estadio,comuna
2672,1982-11-02,1982,11,1980,flujo de detritos,sin dato,Desconocida,0,0,,0.0,Mid,Bomberso Medellín,Cll 97 Cr 75,San Martín de Porres,-75.5807954,6.2959287,False,False,06,Doce de Octubre,comuna
2673,1982-03-03,1982,3,1980,flujo de detritos,sin dato,Desconocida,0,0,,0.0,Mid,El Colombiano,Barrios Belén; la America y Antioquia,Belén,-75.5914068,6.2315137,False,False,16,Belén,comuna
2674,1982-03-03,1982,3,1980,flujo de detritos,sin dato,Otra causa,0,0,,0.0,High,El Colombiano,Aeropuerto Olaya Herrera,,-75.56581530000001,6.2476376,True,False,,,
2675,1982-03-19,1982,3,1980,flujo de detritos,sin dato,Otra causa,0,0,,0.0,High,El Colombiano,Av. 33 y Clle. 30 entre Cras. 53 y 56,,-75.56581530000001,6.2476376,True,False,,,
2677,1982-09-28,1982,9,1980,flujo de detritos,sin dato,Otra causa,0,0,,0.0,High,El Colombiano,,,-75.56581530000001,6.2476376,True,False,,,
2678,1982-12-27,1982,12,1980,flujo de detritos,sin dato,Desconocida,0,0,,0.0,Mid,El Colombiano,Barrio Calazans,Calazans,-75.5989846,6.260915799999999,False,False,12,La América,comuna
2679,1982-03-03,1982,3,1980,flujo de detritos,sin dato,Desconocida,0,0,,0.0,Mid,El Colombiano,Barrios la America; Belén y Antioquia,La América,-75.6026222,6.2552062,False,False,12,La América,comuna
2680,1982-03-03,1982,3,1980,flujo de detritos,sin dato,Desconocida,0,0,,0.0,Mid,El Colombiano,Barrios Antioquia; la America y Belén,Cristo Rey,-75.5844334,6.206302,False,False,15,Guayabal,comuna
2685,1982-05-05,1982,5,1980,flujo de detritos,sin dato,Otra causa,0,0,,0.0,High,Ingeominas,Sector de la Iguaná,,-75.56581530000001,6.2476376,True,False,,,
2686,1982-01-08,1982,1,1980,deslizamiento,sin dato,Otra causa,0,0,,0.0,High,Ingeominas,Carretera Medellín - Turbo; Km. 48,,-75.565815,6.247638,True,False,,,
2687,1982-02-01,1982,2,1980,deslizamiento,sin dato,Desconocida,0,0,,0.0,Mid,Ingeominas,Barrio Guadalupe,Simon Bolívar,-75.604805,6.243001,False,False,11,Laureles-Estadio,comuna
2688,1982-03-19,1982,3,1980,flujo de detritos,sin dato,Desconocida,0,0,,0.0,Mid,Ingeominas,Barrios: Guayabal; Belén; Conquistadores; America; *,Guayabal,-75.5887989,6.210293099999999,False,False,15,Guayabal,comuna
2689,1982-03-19,1982,3,1980,flujo de detritos,sin dato,Desconocida,0,0,,0.0,Mid,Ingeominas,Barrios: Belén; Guayabal; Conquistadores; America; *,Belén,-75.5914068,6.2315137,False,False,16,Belén,comuna
2690,1982-03-19,1982,3,1980,flujo de detritos,sin dato,Desconocida,0,0,,0.0,Mid,Ingeominas,Barrios: Conquistadores; Belén; Guayabal; America; *,Los Conquistadores,-75.581523,6.2423547,False,False,11,Laureles-Estadio,comuna
2691,1982-03-19,1982,3,1980,flujo de detritos,sin dato,Desconocida,0,0,,0.0,Mid,Ingeominas,Barrios: la América; Belén; Conquistadores; Guayabal; *,La América,-75.6026222,6.2552062,False,False,12,La América,comuna
2692,1982-03-04,1982,3,1980,deslizamiento,sin dato,Desconocida,0,0,,0.0,Mid,Tesis de La Universidad Nacional *, ,El Pesebre,-75.601902,6.268909,False,False,12,La América,comuna
2693,1982-03-19,1982,3,1980,flujo de detritos,sin dato,Desconocida,0,0,,0.0,High,Ingeominas,Barrios: Antioquia; Belén; Conquistadores; America; *,,-75.56581530000001,6.2476376,True,False,,,
2694,1982-03-19,1982,3,1980,flujo de detritos,sin dato,Desconocida,0,0,,0.0,Mid,Ingeominas,Barrios: Santa María; Belén; Conquistadores; America; *,Santa María de Los Ángeles,-75.5793401,6.1900376,False,False,14,El Poblado,comuna
2695,1982-05-23,1982,5,1980,deslizamiento,sin dato,Desconocida,0,0,,0.0,Mid,Tesis de La Universidad Nacional *,Calle 107 con Cra. 33 B,Santo Domingo Savio Nº1,-75.543917,6.294821,False,False,01,Popular,comuna
2696,1982-05-25,1982,5,1980,deslizamiento,sin dato,Desconocida,0,0,,0.0,High,Tesis de La Universidad Nacional *,Calle 107 con Cra. 33,,-75.565815,6.247638,True,False,,,
2697,1982-05-06,1982,5,1980,deslizamiento,sin dato,Desconocida,0,0,,0.0,Mid,Tesis de La Universidad Nacional *,Calle 101 con Cra. 38,San Pablo,-75.547314,6.29049,False,False,01,Popular,comuna
2698,1982-05-25,1982,5,1980,deslizamiento,sin dato,Desconocida,0,0,,0.0,Mid,Tesis de La Universidad Nacional *,Calle 99 con Cra. 39,San Pablo,-75.546938,6.288983,False,False,01,Popular,comuna
2699,1982-05-26,1982,5,1980,deslizamiento,sin dato,Desconocida,0,0,,0.0,Mid,Tesis de La Universidad Nacional *,Calle 107 con Cra. 48 a,Andalucía,-75.552583,6.296693,False,False,02,Santa Cruz,comuna
2700,1982-05-04,1982,5,1980,deslizamiento,sin dato,Desconocida,0,0,,0.0,Mid,Tesis de La Universidad Nacional *,Calle 99 a con Cra. 48 Cc,Moscú Nº1,-75.55501,6.290519,False,False,02,Santa Cruz,comuna
2701,1982-04-09,1982,4,1980,deslizamiento,sin dato,Desconocida,0,0,,0.0,Mid,Tesis de La Universidad Nacional *,Calle 107 B con Cra. 29,La Avanzada,-75.540245,6.2948,False,False,01,Popular,comuna
2702,1982-05-04,1982,5,1980,deslizamiento,sin dato,Desconocida,0,0,,0.0,Mid,Tesis de La Universidad Nacional *,Calle 92 con Cra. 55,San Isidro,-75.564605,6.284858,False,False,04,Aranjuez,comuna
2703,1982-02-17,1982,2,1980,deslizamiento,sin dato,Desconocida,0,0,,0.0,Mid,Tesis de La Universidad Nacional *,Calle 77 con Cra. 30,El Raizal,-75.543164,6.269265,False,False,03,Manrique,comuna
2704,1982-05-01,1982,5,1980,deslizamiento,sin dato,Desconocida,0,0,,0.0,Mid,Tesis de La Universidad Nacional *,Calle 85 con Cra. 53,Bermejal - Los Alamos,-75.564733,6.278175,False,False,04,Aranjuez,comuna
2705,1982-06-01,1982,6,1980,deslizamiento,sin dato,Desconocida,0,0,,0.0,Mid,Tesis de La Universidad Nacional *,Calle 85 con Cra. 53,Bermejal - Los Alamos,-75.564733,6.278175,False,False,04,Aranjuez,comuna
2706,1982-02-17,1982,2,1980,deslizamiento,sin dato,Desconocida,0,0,,0.0,Mid,Tesis de La Universidad Nacional *,Calle 76 con Cra. 30,El Raizal,-75.543013,6.268847,False,True,03,Manrique,comuna
2707,1982-04-11,1982,4,1980,deslizamiento,sin dato,Desconocida,0,0,,0.0,Mid,Tesis de La Universidad Nacional *,Calle 72 con Cra. 33,El Raizal,-75.545406,6.267493,False,False,03,Manrique,comuna
2708,1982-05-09,1982,5,1980,deslizamiento,sin dato,Desconocida,0,0,,0.0,Mid,Tesis de La Universidad Nacional *,Calle 68 a con Cra. 31,Versalles Nº1,-75.54426,6.262439,False,False,03,Manrique,comuna
2709,1982-06-02,1982,6,1980,deslizamiento,sin dato,Desconocida,0,0,,0.0,Mid,Tesis de La Universidad Nacional *,Calle 83 B con Cra. 53,Bermejal - Los Alamos,-75.564762,6.277567,False,False,04,Aranjuez,comuna
2710,1982-05-29,1982,5,1980,deslizamiento,sin dato,Desconocida,0,0,,0.0,Mid,Tesis de La Universidad Nacional *,Caicedo - San Antonio,San Antonio,-75.554588,6.242343,False,False,09,Buenos Aires,comuna
2711,1982-09-15,1982,9,1980,deslizamiento,sin dato,Desconocida,0,0,,0.0,Mid,Tesis de La Universidad Nacional *,Caicedo - San Antonio,San Antonio,-75.554588,6.242343,False,False,09,Buenos Aires,comuna
2712,1982-10-01,1982,10,1980,deslizamiento,sin dato,Desconocida,0,0,,0.0,Mid,Tesis de La Universidad Nacional *,Caicedo - San Antonio,San Antonio,-75.554588,6.242343,False,False,09,Buenos Aires,comuna
2713,1982-10-21,1982,10,1980,deslizamiento,sin dato,Desconocida,0,0,,0.0,Mid,Tesis de La Universidad Nacional *,Calle 52 con Cra. 20. Caicedo - San Antonio,San Antonio,-75.544437,6.238721,False,False,08,Villa Hermosa,comuna
2714,1982-05-27,1982,5,1980,deslizamiento,sin dato,Desconocida,0,0,,0.0,Mid,Tesis de La Universidad Nacional *,Calle 56 a con Cra. 16,La Libertad,-75.539468,6.238321,False,False,08,Villa Hermosa,comuna
2715,1982-01-31,1982,1,1980,deslizamiento,sin dato,Desconocida,0,0,,0.0,Mid,Tesis de La Universidad Nacional *,Calle 52 a con Cra. 12,Las Estancias,-75.539341,6.233673,False,False,08,Villa Hermosa,comuna
2716,1982-04-11,1982,4,1980,deslizamiento,sin dato,Desconocida,0,0,,0.0,Mid,Tesis de La Universidad Nacional *,Calle 52 con Cra. 8,Las Estancias,-75.536551,6.232305,False,False,08,Villa Hermosa,comuna
2717,1982-01-06,1982,1,1980,deslizamiento,sin dato,Desconocida,0,0,,0.0,Mid,Tesis de La Universidad Nacional *,Calle 58 B con Cra. 8 a,Villa Liliam,-75.532941,6.237024,False,False,08,Villa Hermosa,comuna
2718,1982-01-07,1982,1,1980,deslizamiento,sin dato,Desconocida,0,0,,0.0,Mid,Tesis de La Universidad Nacional *,Calle 58 con Cra. 8 a,Villa Liliam,-75.533598,6.236315,False,False,08,Villa Hermosa,comuna
2719,1982-04-29,1982,4,1980,deslizamiento,sin dato,Desconocida,0,0,,0.0,Mid,Tesis de La Universidad Nacional *,Calle 56 con Cra. 9,Villa Liliam,-75.53509,6.235398,False,False,08,Villa Hermosa,comuna
2720,1982-05-20,1982,5,1980,deslizamiento,sin dato,Desconocida,0,0,,0.0,Mid,Tesis de La Universidad Nacional *,Calle 58 con Cra. 7,Villa Liliam,-75.532279,6.23579,False,False,08,Villa Hermosa,comuna
2721,1982-10-06,1982,10,1980,deslizamiento,sin dato,Desconocida,0,0,,0.0,Mid,Tesis de La Universidad Nacional *,Calle 58 con Cra. 7,Villa Liliam,-75.532279,6.23579,False,False,08,Villa Hermosa,comuna
2722,1982-01-06,1982,1,1980,deslizamiento,sin dato,Desconocida,0,0,,0.0,Mid,Tesis de La Universidad Nacional *,,Olaya Herrera,-75.607751,6.274186,False,False,60,San Cristóbal,corregimiento
2723,1982-05-06,1982,5,1980,deslizamiento,sin dato,Desconocida,0,0,,0.0,Mid,Tesis de La Universidad Nacional *,,Olaya Herrera,-75.607751,6.274186,False,False,60,San Cristóbal,corregimiento
2724,1982-04-28,1982,4,1980,deslizamiento,sin dato,Desconocida,0,0,,0.0,Mid,Tesis de La Universidad Nacional *, ,El Pesebre,-75.601902,6.268909,False,False,12,La América,comuna
2725,1982-01-31,1982,1,1980,deslizamiento,sin dato,Desconocida,0,0,,0.0,Mid,Tesis de La Universidad Nacional *,,Veinte de Julio,-75.620345,6.251835,False,False,13,San Javier,comuna
2726,1982-04-28,1982,4,1980,deslizamiento,sin dato,Desconocida,0,0,,0.0,Mid,Tesis de La Universidad Nacional *,,Nuevos Conquistadores,-75.636009,6.248834,False,False,70,Altavista,corregimiento
2727,1983-04-27,1983,4,1980,flujo de detritos,sin dato,Desconocida,0,0,,0.0,Mid,Biomberos Medellín,Cll 50 Cr 38,Barrio Caycedo,-75.5545989,6.2422512,False,False,09,Buenos Aires,comuna
2729,1983-09-27,1983,9,1980,flujo de detritos,sin dato,Desconocida,0,0,,0.0,Mid,Bomberso Medellín,Cll 58 con Cr 8.,Barrio Caycedo,-75.5545989,6.2422512,False,False,09,Buenos Aires,comuna
2731,1983-02-01,1983,2,1980,flujo de detritos,sin dato,Desconocida,0,0,,0.0,Mid,El Colombiano,Barrios: Caribe; Castilla; Pedregal; la America; San Joaquin,Caribe,-75.5738985,6.2703817,False,False,05,Castilla,comuna
2732,1983-10-06,1983,10,1980,flujo de detritos,sin dato,Otra causa,0,0,,0.0,High,El Colombiano,Sector de la Univ. de Antioquia,,-75.56581530000001,6.2476376,True,False,,,
2733,1983-11-14,1983,11,1980,flujo de detritos,sin dato,Desconocida,1,1,,0.0,Mid,El Colombiano,Barrios Pedregal; Castilla; Kennedy,Pedregal,-75.5749743,6.2996416,False,False,06,Doce de Octubre,comuna
2735,1983-12-12,1983,12,1980,flujo de detritos,sin dato,Desconocida,0,0,,0.0,High,El Colombiano,Barrios las Nieves; las Granjas; San Blas y el Jardín,,-75.56581530000001,6.2476376,True,False,,,
2736,1983-02-01,1983,2,1980,flujo de detritos,sin dato,Desconocida,0,0,,0.0,Mid,El Colombiano,Barrios: Castilla; Caribe; Pedregal; la America; San Joaquin,Castilla,-75.5727914,6.2911827,False,False,05,Castilla,comuna
2737,1983-02-01,1983,2,1980,flujo de detritos,sin dato,Desconocida,0,0,,0.0,Mid,El Colombiano,Barrios: Pedregal; Castilla; Caribe; la America; San Joaquin,Pedregal,-75.5749743,6.2996416,False,False,06,Doce de Octubre,comuna
2738,1983-02-01,1983,2,1980,flujo de detritos,sin dato,Desconocida,0,0,,0.0,Mid,El Colombiano,Barrios: la América; Castilla; Pedregal; Caribe; San Joaquin,La América,-75.6026222,6.2552062,False,False,12,La América,comuna
2739,1983-02-01,1983,2,1980,flujo de detritos,sin dato,Desconocida,0,0,,0.0,Mid,El Colombiano,Barrios: San Joaquín; Castilla; Pedregal; la America; Caribe,San Joaquín,-75.585161,6.246974,False,False,11,Laureles-Estadio,comuna
2740,1983-11-14,1983,11,1980,flujo de detritos,sin dato,Desconocida,1,1,,0.0,Mid,El Colombiano,Barrios Castilla; Pedregal; Kennedy,Castilla,-75.5727914,6.2911827,False,False,05,Castilla,comuna
2741,1983-11-14,1983,11,1980,flujo de detritos,sin dato,Desconocida,1,1,,0.0,Mid,El Colombiano,Barrios Kennedy; Castilla; Pedregal,Kenedy,-75.5844334,6.2915088,False,False,06,Doce de Octubre,comuna
2742,1983-12-12,1983,12,1980,flujo de detritos,sin dato,Desconocida,0,0,,0.0,Mid,El Colombiano,Barrios las Granjas; las Nieves; San Blas y el Jardín,Las Granjas,-75.5473213,6.2781983,False,False,03,Manrique,comuna
2743,1983-12-12,1983,12,1980,flujo de detritos,sin dato,Desconocida,0,0,,0.0,Mid,El Colombiano,Barrios el Jardín; las Granjas; San Blas y las Nieves,El Playón de Los Comuneros,-75.5520518,6.306426999999999,False,False,02,Santa Cruz,comuna
2746,1983-09-23,1983,9,1980,flujo de detritos,sin dato,Desconocida,1,1,,0.0,Mid,Ingeominas,Barrio las Margaritas; sector de la Iguaná,Santa Margarita,-75.6120795,6.2832382,False,False,60,San Cristóbal,corregimiento
2747,1983-09-20,1983,9,1980,deslizamiento,sin dato,Otra causa,0,0,,0.0,High,Ingeominas,Basurero,,-75.537668,6.26963,False,False,03,Manrique,comuna
2748,1983-10-31,1983,10,1980,deslizamiento,sin dato,Otra causa,0,0,,0.0,High,Ingeominas,Vía San Diego - Hotel Intercontinental,,-75.557386,6.213994,False,False,14,El Poblado,comuna
2749,1983-11-09,1983,11,1980,deslizamiento,sin dato,Desconocida,0,0,,0.0,Mid,Ingeominas,Barrio el Salado,El Salado,-75.628788,6.255095,False,False,60,San Cristóbal,corregimiento
2750,1983-11-25,1983,11,1980,deslizamiento,sin dato,Desconocida,0,0,,0.0,Mid,Ingeominas,Barrio el Pinal,El Pinal,-75.54586,6.243351,False,False,08,Villa Hermosa,comuna
2752,1983-04-24,1983,4,1980,deslizamiento,sin dato,Desconocida,0,0,,0.0,Mid,Tesis de La Universidad Nacional *,Calle 106 con Cra. 43 B,Granizal,-75.550319,6.29482,False,False,02,Santa Cruz,comuna
2753,1983-04-16,1983,4,1980,deslizamiento,sin dato,Desconocida,0,0,,0.0,Mid,Tesis de La Universidad Nacional *,Calle 95 a con Cra. 36,Villa Guadalupe,-75.546122,6.285748,False,False,01,Popular,comuna
2754,1983-04-20,1983,4,1980,deslizamiento,sin dato,Desconocida,0,0,,0.0,Mid,Tesis de La Universidad Nacional *,Calle 126 con Cra. 40,La Isla,-75.549281,6.306693,False,False,,,
2755,1983-04-20,1983,4,1980,deslizamiento,sin dato,Desconocida,0,0,,0.0,Mid,Tesis de La Universidad Nacional *,Calle 124 con Cra. 43,La Isla,-75.546953,6.303673,False,False,01,Popular,comuna
2756,1983-09-26,1983,9,1980,deslizamiento,sin dato,Desconocida,0,0,,0.0,Mid,Tesis de La Universidad Nacional *,Calle 112 con Cra. 47,La Isla,-75.549879,6.301844,False,False,02,Santa Cruz,comuna
2757,1983-10-03,1983,10,1980,deslizamiento,sin dato,Desconocida,0,0,,0.0,Mid,Tesis de La Universidad Nacional *,Calle 112 con Cra. 48,La Isla,-75.550286,6.301974,False,False,02,Santa Cruz,comuna
2758,1983-10-03,1983,10,1980,deslizamiento,sin dato,Desconocida,0,0,,0.0,Mid,Tesis de La Universidad Nacional *, ,La Francia,-75.554609,6.300438,False,False,02,Santa Cruz,comuna
2759,1983-03-08,1983,3,1980,deslizamiento,sin dato,Desconocida,0,0,,0.0,Mid,Tesis de La Universidad Nacional *,Calle 101 B con Cra. 30,El Compromiso,-75.541579,6.290536,False,False,01,Popular,comuna
2760,1983-12-15,1983,12,1980,deslizamiento,sin dato,Desconocida,0,0,,0.0,Mid,Tesis de La Universidad Nacional *,Calle 87 con Cra. 50 B,Aranjuez,-75.558888,6.279737,False,False,04,Aranjuez,comuna
2761,1983-10-19,1983,10,1980,deslizamiento,sin dato,Desconocida,0,0,,0.0,Mid,Tesis de La Universidad Nacional *,Calle 88 con Cra. 53 a,Bermejal - Los Alamos,-75.565328,6.280348,False,False,04,Aranjuez,comuna
2762,1983-09-07,1983,9,1980,deslizamiento,sin dato,Desconocida,0,0,,0.0,Mid,Tesis de La Universidad Nacional *,Calle 65 con Cra. 42,Villa Hermosa,-75.555137,6.257875,False,False,08,Villa Hermosa,comuna
2763,1983-12-12,1983,12,1980,deslizamiento,sin dato,Desconocida,0,0,,0.0,Mid,Tesis de La Universidad Nacional *,Calle 53 con Cra. 11,Las Estancias,-75.537761,6.235547,False,False,08,Villa Hermosa,comuna
2764,1983-11-25,1983,11,1980,deslizamiento,sin dato,Desconocida,0,0,,0.0,Mid,Tesis de La Universidad Nacional *,Calle 56 con Cra. 15,Villa Tina,-75.538434,6.239879,False,False,08,Villa Hermosa,comuna
2765,1983-12-22,1983,12,1980,deslizamiento,sin dato,Desconocida,0,0,,0.0,Mid,Tesis de La Universidad Nacional *,Calle 36 con Cra. 33 B,El Salvador,-75.560254,6.233571,False,False,09,Buenos Aires,comuna
2766,1983-06-01,1983,6,1980,deslizamiento,sin dato,Desconocida,0,0,,0.0,Mid,Tesis de La Universidad Nacional *,Calle 45 con Cra. 35,Buenos Aires,-75.556054,6.237129,False,False,09,Buenos Aires,comuna
2767,1983-09-22,1983,9,1980,deslizamiento,sin dato,Desconocida,0,0,,0.0,Mid,Tesis de La Universidad Nacional *,,Picachito,-75.586595,6.300852,False,False,60,San Cristóbal,corregimiento
2768,1983-04-30,1983,4,1980,deslizamiento,sin dato,Desconocida,0,0,,0.0,Mid,Tesis de La Universidad Nacional *,,Veinte de Julio,-75.620345,6.251835,False,False,13,San Javier,comuna
2769,1984-10-20,1984,10,1980,deslizamiento,sin dato,Otra causa - Otra causa,0,0,,0.0,High,Bdod-60247-Ing.,,,-75.565815,6.247638,True,False,,,
2771,1984-05-13,1984,5,1980,deslizamiento,sin dato,Desconocida,0,0,,0.0,Mid,Ingeominas,Blanquizal,Blanquizal,-75.610614,6.269186,False,False,60,San Cristóbal,corregimiento
2772,1984-10-21,1984,10,1980,flujo de detritos,sin dato,Desconocida,0,0,,0.0,Mid,Bomberos  Medellín,Calle 45 con Cra 102 C,San Javier Nº1,-75.61862649999999,6.255650900000001,False,False,13,San Javier,comuna
2773,1984-01-19,1984,1,1980,flujo de detritos,sin dato,Desconocida,0,0,,0.0,Mid,Bomberso Medellín,,La Francia,-75.5545989,6.300361499999999,False,False,02,Santa Cruz,comuna
2775,1984-09-10,1984,9,1980,flujo de detritos,sin dato,Desconocida,0,0,,0.0,Mid,El Colombiano,Barrios Calazans y Ferrini,Calazans,-75.5989846,6.260915799999999,False,False,12,La América,comuna
2776,1984-10-11,1984,10,1980,flujo de detritos,sin dato,Desconocida,0,0,,0.0,Mid,El Colombiano,El Poblado,El Poblado,-75.5762572,6.2132868,False,False,14,El Poblado,comuna
2777,1984-08-05,1984,8,1980,flujo de detritos,sin dato,Desconocida,0,0,,0.0,Mid,El Colombiano,Barrios Ferrini y Calazans,Ferrini,-75.596802,6.2705408,False,False,12,La América,comuna
2778,1984-09-10,1984,9,1980,flujo de detritos,sin dato,Desconocida,0,0,,0.0,Mid,El Colombiano,Barrios Ferrini y Calazans,Ferrini,-75.596802,6.2705408,False,False,12,La América,comuna
2779,1984-08-01,1984,8,1980,deslizamiento,sin dato,Otra causa - Otra causa,1,1,,0.0,High,Ing.,B.20 Julio,,-75.620345,6.251835,False,False,13,San Javier,comuna
2784,1984-02-28,1984,2,1980,flujo de detritos,sin dato,Desconocida,0,0,,0.0,Mid,Ingeominas,Barrio Villa Tina (Parte Alta),Villa Tina,-75.5400433,6.234102399999999,False,False,09,Buenos Aires,comuna
2786,1984-02-28,1984,2,1980,flujo de detritos,sin dato,Desconocida,2,2,,0.0,Mid,Ingeominas,Barrios: el Pinal y la Toma,El Pinal,-75.5458657,6.2432986,False,False,08,Villa Hermosa,comuna
2787,1984-04-23,1984,4,1980,flujo de detritos,sin dato,Desconocida,0,0,,0.0,Mid,Ingeominas,Barrio Villa Tina,Villa Tina,-75.5400433,6.234102399999999,False,False,09,Buenos Aires,comuna
2788,1984-08-05,1984,8,1980,flujo de detritos,sin dato,Desconocida,0,0,,0.0,Mid,Ingeominas,Barrio la Iguaná,Nueva Villa de Iguaná,-75.60407719999999,6.235881,False,False,16,Belén,comuna
2789,1984-01-19,1984,1,1980,deslizamiento,sin dato,Otra causa,0,0,,0.0,High,Ingeominas,6'1355 - 75'3405. Basurero de Moravia,,-75.567907,6.2772,False,False,04,Aranjuez,comuna
2790,1984-10-22,1984,10,1980,flujo de detritos,sin dato,Desconocida,0,0,,0.0,Mid,Ingeominas,Barrios Antonio Nariñio; Santa Lucía y Calazans,Antonio Nariño,-75.6200813,6.258274,False,False,13,San Javier,comuna
2791,1984-04-23,1984,4,1980,deslizamiento,sin dato,Desconocida,1,1,,0.0,Mid,Ingeominas,Barrio el Pinal,El Pinal,-75.54586,6.243351,False,False,08,Villa Hermosa,comuna
2792,1984-05-10,1984,5,1980,deslizamiento,sin dato,Desconocida,0,0,,0.0,Mid,Ingeominas,Barrio Pedregal,Pedregal,-75.574974,6.299642,False,False,06,Doce de Octubre,comuna
2793,1984-06-18,1984,6,1980,deslizamiento,sin dato,Desconocida,0,0,,0.0,High,Ingeominas,Barrio Civinval,,-75.565815,6.247638,True,False,,,
2794,1984-07-15,1984,7,1980,deslizamiento,sin dato,Desconocida,0,0,,0.0,Mid,Ingeominas,Barrio Aranjuez y la Piñuela,Aranjuez,-75.559687,6.27695,False,False,04,Aranjuez,comuna
2795,1984-08-05,1984,8,1980,deslizamiento,sin dato,Desconocida,0,0,,0.0,Mid,Ingeominas,Barrio Villa Turbay,Villa Turbay,-75.529863,6.235224,False,False,08,Villa Hermosa,comuna
2796,1984-08-05,1984,8,1980,deslizamiento,sin dato,Desconocida,2,2,,0.0,Mid,Ingeominas,Barrio la Francia,La Francia,-75.554609,6.300438,False,False,02,Santa Cruz,comuna
2797,1984-08-21,1984,8,1980,deslizamiento,sin dato,Desconocida,1,1,,0.0,Mid,Ingeominas,Barrio Popular,Popular,-75.546266,6.304135,False,False,01,Popular,comuna
2798,1984-09-20,1984,9,1980,deslizamiento,sin dato,Desconocida,0,0,,0.0,Mid,Ingeominas,Barrios Antonio Nariño y el Socorro,Antonio Nariño,-75.621074,6.25921,False,False,13,San Javier,comuna
2799,1984-09-20,1984,9,1980,deslizamiento,sin dato,Desconocida,0,0,,0.0,Mid,Ingeominas,Barrio Santo Domingo Savio,Santo Domingo Savio Nº1,-75.545699,6.297495,False,False,01,Popular,comuna
2800,1984-10-11,1984,10,1980,deslizamiento,sin dato,Desconocida,0,0,,0.0,Mid,Ingeominas,Barrio el Socorro,El Socorro,-75.616457,6.2615,False,False,60,San Cristóbal,corregimiento
2801,1984-10-16,1984,10,1980,deslizamiento,sin dato,Desconocida,0,0,,0.0,Mid,Ingeominas,Barrio 12 de Octubre,Doce de Octubre Nº1,-75.579118,6.305517,False,False,06,Doce de Octubre,comuna
2802,1984-10-16,1984,10,1980,deslizamiento,sin dato,Desconocida,0,0,,0.0,Mid,Ingeominas,Barrio la Francia,La Francia,-75.554609,6.300438,False,False,02,Santa Cruz,comuna
2803,1984-10-22,1984,10,1980,deslizamiento,sin dato,Desconocida,0,0,,0.0,Mid,Ingeominas,Barrio San Javier la Loma,San Javier Nº1,-75.618632,6.255723,False,False,13,San Javier,comuna
2804,1984-10-31,1984,10,1980,deslizamiento,sin dato,Otra causa,0,0,,0.0,High,Ingeominas,Vía San Antonio de Prado - Heliconia,,-75.668792,6.193011,False,False,80,San Antonio de Prado,corregimiento
2805,1984-10-26,1984,10,1980,deslizamiento,sin dato,Desconocida,0,0,,0.0,Mid,Ingeominas,Barrio San José de la Cima,San José de La Cima Nº1,-75.541903,6.28105,False,False,03,Manrique,comuna
2806,1984-11-02,1984,11,1980,deslizamiento,sin dato,Desconocida,0,0,,0.0,Mid,Ingeominas,Barrio Popular,Popular,-75.546266,6.304135,False,False,01,Popular,comuna
2807,1984-11-02,1984,11,1980,deslizamiento,sin dato,Desconocida,0,0,,0.0,Mid,Ingeominas,Barrio el Corazón,El Corazón,-75.629931,6.248291,False,False,SN01,,comuna
2808,1984-02-28,1984,2,1980,flujo de detritos,sin dato,Desconocida,2,2,,0.0,High,Ingeominas,Barrios: la Toma y el Pinal,,-75.56581530000001,6.2476376,True,False,,,
2809,1984-10-22,1984,10,1980,flujo de detritos,sin dato,Desconocida,0,0,,0.0,Mid,Ingeominas,Barrios Antonio Nariñio; Santa Lucía y Calazans,Santa Lucia,-75.60698719999999,6.2579101,False,False,12,La América,comuna
2810,1984-10-22,1984,10,1980,flujo de detritos,sin dato,Desconocida,0,0,,0.0,Mid,Ingeominas,Barrios Antonio Nariñio; Santa Lucía y Calazans,Calazans,-75.5989846,6.260915799999999,False,False,12,La América,comuna
2811,1984-07-15,1984,7,1980,deslizamiento,sin dato,Desconocida,0,0,,0.0,Mid,Ingeominas,La Piñuela y Aranjuez,La Piñuela,-75.556046,6.281053,False,False,04,Aranjuez,comuna
2812,1984-09-20,1984,9,1980,deslizamiento,sin dato,Desconocida,0,0,,0.0,Mid,Ingeominas,Barrios el Socorro y Antonio Nariño,El Socorro,-75.616457,6.2615,False,False,60,San Cristóbal,corregimiento
2813,1984-05-15,1984,5,1980,deslizamiento,sin dato,Desconocida,0,0,,0.0,Mid,Tesis de La Universidad Nacional *,Calle 106 B con Cra. 32,Santo Domingo Savio Nº1,-75.541722,6.29453,False,False,01,Popular,comuna
2814,1984-07-14,1984,7,1980,deslizamiento,sin dato,Desconocida,0,0,,0.0,Mid,Tesis de La Universidad Nacional *,Calle 110 con Cra. 31 a,Santo Domingo Savio Nº1,-75.537752,6.297587,False,False,01,Popular,comuna
2815,1984-05-16,1984,5,1980,deslizamiento,sin dato,Desconocida,0,0,,0.0,Mid,Tesis de La Universidad Nacional *,Calle 104 con Cra. 39,Granizal,-75.5474,6.292535,False,False,01,Popular,comuna
2816,1984-05-16,1984,5,1980,deslizamiento,sin dato,Desconocida,0,0,,0.0,Mid,Tesis de La Universidad Nacional *,Calle 118 con Cra. 48 a,La Frontera,-75.550312,6.303194,False,False,02,Santa Cruz,comuna
2817,1984-05-16,1984,5,1980,deslizamiento,sin dato,Desconocida,0,0,,0.0,Mid,Tesis de La Universidad Nacional *,Calle 103 con Cra. 48,Santa Cruz,-75.554282,6.293478,False,False,02,Santa Cruz,comuna
2818,1984-05-09,1984,5,1980,deslizamiento,sin dato,Desconocida,0,0,,0.0,Mid,Tesis de La Universidad Nacional *,,La Esperanza Nº2,-75.542451,6.295459,False,False,01,Popular,comuna
2819,1984-07-26,1984,7,1980,deslizamiento,sin dato,Desconocida,0,0,,0.0,Mid,Tesis de La Universidad Nacional *,Calle 88 con Cra. 53 a,Bermejal - Los Alamos,-75.565328,6.280348,False,False,04,Aranjuez,comuna
2820,1984-05-23,1984,5,1980,deslizamiento,sin dato,Desconocida,0,0,,0.0,Mid,Tesis de La Universidad Nacional *,Calle 59 con Cra. 30,Enciso,-75.550455,6.250177,False,False,08,Villa Hermosa,comuna
2821,1984-08-06,1984,8,1980,deslizamiento,sin dato,Desconocida,0,0,,0.0,Mid,Tesis de La Universidad Nacional *,Caicedo - San Antonio,San Antonio,-75.554588,6.242343,False,False,09,Buenos Aires,comuna
2822,1984-08-04,1984,8,1980,deslizamiento,sin dato,Desconocida,0,0,,0.0,Mid,Tesis de La Universidad Nacional *,Calle 52 con Cra. 22. Caicedo - San Antonio,San Antonio,-75.545351,6.240489,False,False,08,Villa Hermosa,comuna
2823,1984-05-16,1984,5,1980,deslizamiento,sin dato,Desconocida,0,0,,0.0,Mid,Tesis de La Universidad Nacional *,El Pinal y 13 de Noviembre,El Pinal,-75.54586,6.243351,False,False,08,Villa Hermosa,comuna
2824,1984-01-04,1984,1,1980,deslizamiento,sin dato,Desconocida,0,0,,0.0,Mid,Tesis de La Universidad Nacional *,Calle 52 con Cra. 11,Las Estancias,-75.538593,6.233197,False,False,08,Villa Hermosa,comuna
2825,1984-10-12,1984,10,1980,deslizamiento,sin dato,Desconocida,0,0,,0.0,Mid,Tesis de La Universidad Nacional *, ,Villa Liliam,-75.532765,6.233949,False,False,08,Villa Hermosa,comuna
2826,1984-05-16,1984,5,1980,deslizamiento,sin dato,Desconocida,0,0,,0.0,Mid,Tesis de La Universidad Nacional *,,Doce de Octubre Nº1,-75.579118,6.305517,False,False,06,Doce de Octubre,comuna
2827,1984-05-16,1984,5,1980,deslizamiento,sin dato,Desconocida,0,0,,0.0,Mid,Tesis de La Universidad Nacional *,,Picachito,-75.586595,6.300852,False,False,60,San Cristóbal,corregimiento
2828,1984-05-14,1984,5,1980,deslizamiento,sin dato,Desconocida,0,0,,0.0,Mid,Tesis de La Universidad Nacional *,Caicedo - San Antonio,San Antonio,-75.554588,6.242343,False,False,09,Buenos Aires,comuna
2829,1984-05-19,1984,5,1980,deslizamiento,sin dato,Desconocida,0,0,,0.0,Mid,Tesis de La Universidad Nacional *, ,Antonio Nariño,-75.621074,6.25921,False,False,13,San Javier,comuna
2830,1984-09-27,1984,9,1980,deslizamiento,sin dato,Desconocida,0,0,,0.0,Mid,Tesis de La Universidad Nacional *, ,El Pesebre,-75.601902,6.268909,False,False,12,La América,comuna
2831,1984-08-04,1984,8,1980,deslizamiento,sin dato,Desconocida,0,0,,0.0,Mid,Tesis de La Universidad Nacional *,Calle 51 con Cra. 11. Caicedo - San Antonio,San Antonio,-75.538552,6.232442,False,False,09,Buenos Aires,comuna
2832,1985-09-06,1985,9,1980,deslizamiento,sin dato,Otra causa - Otra causa,7,7,,60.0,High,Bdod-60328,B.Pesebre,,-75.601896,6.269204,False,False,SN01,,comuna
2833,1985-08-03,1985,8,1980,deslizamiento,sin dato,Otra causa - Otra causa,2,2,,22.0,High,Bdod-60321,B.Popular,,-75.546266,6.304135,False,False,01,Popular,comuna
2834,1984-05-14,1984,5,1980,deslizamiento,sin dato,Desconocida,0,0,,0.0,Mid,Tesis de La Universidad Nacional *,Calle 56 con Cra. 21,13 de Noviembre,-75.543771,6.240803,False,False,08,Villa Hermosa,comuna
2835,1985-09-14,1985,9,1980,flujo de detritos,sin dato,Desconocida,0,0,,0.0,Mid,Bomberois Medellín,Cll 39 con Cr 38.,El Salvador,-75.5604208,6.2359598,False,False,09,Buenos Aires,comuna
2836,1985-03-11,1985,3,1980,flujo de detritos,sin dato,Otra causa,0,0,,0.0,High,El Colombiano,Glorieta de Guayabal,,-75.56581530000001,6.2476376,True,False,,,
2837,1985-09-27,1985,9,1980,deslizamiento,lluvia,Lluvias - Fuertes aguaceros continuos y alcantarillados obstruidos,6,6,,0.0,Mid,El Colombiano,Calle 116 Nº 43B - 52,Popular,-75.548398,6.301918,False,False,01,Popular,comuna
2838,1985-09-27,1985,9,1980,deslizamiento,lluvia,Lluvias - Fuertes aguaceros y continuos,0,0,,0.0,Mid,El Colombiano,Carrera 81 con Calle 57,El Pesebre,-75.596319,6.270653,False,False,12,La América,comuna
2839,1985-09-27,1985,9,1980,deslizamiento,lluvia,Lluvias - Fuertes aguaceros y continuos,0,0,,0.0,Mid,El Colombiano,Cra 41 con Calle 86,Las Esmeraldas,-75.54898,6.27801,False,False,03,Manrique,comuna
2840,1985-09-27,1985,9,1980,flujo de detritos,lluvia,Lluvias - Ola invernal y arroyuelos salidos del cauce,0,0,,0.0,Mid,El Colombiano,Barrio Castilla,Castilla,-75.5727914,6.2911827,False,False,05,Castilla,comuna
2841,1985-05-15,1985,5,1980,flujo de detritos,lluvia,Lluvias,0,0,,0.0,Mid,El Colombiano,Calle 60 con Cra. 38,Los Ángeles,-75.56714,6.26598,False,False,04,Aranjuez,comuna
2845,1985-08-21,1985,8,1980,deslizamiento,sin dato,Desconocida,0,0,,0.0,Mid,Ingeominas,Barrio Santo Domingo; Calle 95A con Cra. 39,Santo Domingo Savio Nº1,-75.548376,6.286384,False,False,01,Popular,comuna
2847,1985-03-11,1985,3,1980,deslizamiento,sin dato,Desconocida,0,0,,0.0,Mid,Ingeominas,Barrio Popular,Popular,-75.546266,6.304135,False,False,01,Popular,comuna
2848,1985-06-05,1985,6,1980,deslizamiento,sin dato,Desconocida,0,0,,0.0,Mid,Ingeominas,Barrio Picachito,Picachito,-75.586595,6.300852,False,False,60,San Cristóbal,corregimiento
2849,1985-08-24,1985,8,1980,deslizamiento,lluvia,Lluvias - Ola invernal y aguas perdidas,4,4,,0.0,Mid,Ingeominas,Barrio Santo Domingo; el sector Es Llamado También Nuevo Hor,Santo Domingo Savio Nº1,-75.545699,6.297495,False,False,01,Popular,comuna
2850,1985-09-26,1985,9,1980,deslizamiento,sin dato,Desconocida,4,4,,0.0,Mid,Ingeominas,Barrio Popular,Popular,-75.546266,6.304135,False,False,01,Popular,comuna
2851,1985-10-01,1985,10,1980,deslizamiento,sin dato,Desconocida - Se desconoce,0,0,,0.0,High,Ingeominas,Vía las Palmas (El Peñasco),,-75.55137,6.214854,False,False,90,Santa Elena,corregimiento
2852,1985-10-26,1985,10,1980,deslizamiento,sin dato,Desconocida,1,1,,0.0,Mid,Ingeominas,Barrio el Pesebre,El Pesebre,-75.601902,6.268909,False,False,12,La América,comuna
2853,1985-11-12,1985,11,1980,deslizamiento,sin dato,Desconocida,0,0,,0.0,High,Ingeominas,Barrio Santa Cecilia; Cra 43B con Calle 101,,-75.549286,6.291056,False,False,01,Popular,comuna
2854,1985-05-27,1985,5,1980,deslizamiento,sin dato,Desconocida,0,0,,0.0,Mid,Ingeominas,Barrio Santo Domingo,Santo Domingo Savio Nº1,-75.545699,6.297495,False,False,01,Popular,comuna
2856,1985-08-16,1985,8,1980,deslizamiento,sin dato,Desconocida,0,0,,0.0,Mid,Tesis de La Universidad Nacional *, ,La Rosa,-75.561808,6.290334,False,False,04,Aranjuez,comuna
2857,1985-08-24,1985,8,1980,deslizamiento,sin dato,Desconocida,0,0,,0.0,Mid,Tesis de La Universidad Nacional *, ,Granizal,-75.545892,6.292499,False,False,01,Popular,comuna
2858,1985-04-16,1985,4,1980,deslizamiento,sin dato,Desconocida,0,0,,0.0,Mid,Tesis de La Universidad Nacional *, ,Villa Liliam,-75.532765,6.233949,False,False,08,Villa Hermosa,comuna
2859,1985-08-12,1985,8,1980,deslizamiento,sin dato,Desconocida,0,0,,0.0,Mid,Tesis de La Universidad Nacional *, ,San José de La Cima Nº1,-75.541903,6.28105,False,False,03,Manrique,comuna
2860,1985-09-27,1985,9,1980,deslizamiento,sin dato,Desconocida,0,0,,0.0,Mid,Tesis de La Universidad Nacional *,Calle 101 con Cra. 43 B,Santa Cruz,-75.550565,6.290865,False,False,01,Popular,comuna
2861,1985-08-20,1985,8,1980,deslizamiento,sin dato,Desconocida,0,0,,0.0,Mid,Tesis de La Universidad Nacional *,Calle 55 con Cra. 10,Villa Liliam,-75.536222,6.235294,False,False,08,Villa Hermosa,comuna
2862,1985-08-29,1985,8,1980,deslizamiento,sin dato,Desconocida,0,0,,0.0,Mid,Tesis de La Universidad Nacional *,Calle 55 con Cra. 10,Villa Liliam,-75.536222,6.235294,False,False,08,Villa Hermosa,comuna
2863,1985-11-28,1985,11,1980,deslizamiento,sin dato,Desconocida,0,0,,0.0,Mid,Tesis de La Universidad Nacional *,,Veinte de Julio,-75.620345,6.251835,False,False,13,San Javier,comuna
2864,1986-10-21,1986,10,1980,flujo de detritos,sin dato,Otra causa - Otra causa,0,0,,0.0,High,Bdod-60410,,,-75.56581530000001,6.2476376,True,False,,,
2865,1986-10-21,1986,10,1980,flujo de detritos,sin dato,Otra causa - Otra causa,0,0,,0.0,High,Bdod-60415,,,-75.56581530000001,6.2476376,True,False,,,
2866,1986-10-22,1986,10,1980,deslizamiento,sin dato,Otra causa - Otra causa,1,1,,0.0,High,Bdod-60419,,,-75.565815,6.247638,True,False,,,
2867,1986-10-25,1986,10,1980,flujo de detritos,sin dato,Otra causa,0,0,,650.0,High,Bdod-60427,,,-75.56581530000001,6.2476376,True,False,,,
2868,1986-10-26,1986,10,1980,deslizamiento,sin dato,Otra causa - Otra causa,0,0,,25.0,High,Bdod-60430,B.L.Mirlas,,-75.565815,6.247638,True,False,,,
2869,1986-10-30,1986,10,1980,deslizamiento,sin dato,Otra causa - Otra causa,0,0,,22.0,High,Bdod-60445,B.Sta.Cruz,,-75.558579,6.293459,False,False,02,Santa Cruz,comuna
2870,1986-06-06,1986,6,1980,flujo de detritos,sin dato,Desconocida,0,0,,0.0,Mid,El Colombiano,Barrio Robledo; Clle 76 con Cra. 80,Robledo,-75.596802,6.276998799999999,False,False,07,Robledo,comuna
2871,1986-06-06,1986,6,1980,flujo de detritos,sin dato,Desconocida,0,0,,0.0,Mid,El Colombiano,Barrio Tricentenario; Avenida Regional,Tricentenario,-75.56697,6.2910195,False,False,05,Castilla,comuna
2872,1986-06-06,1986,6,1980,flujo de detritos,sin dato,Desconocida,0,0,,0.0,Mid,El Colombiano,Barrio Castilla; Cra 75B con Clle. 91A,Castilla,-75.5727914,6.2911827,False,False,05,Castilla,comuna
2873,1986-06-06,1986,6,1980,flujo de detritos,sin dato,Desconocida,0,0,,0.0,Mid,El Colombiano,Barrio Calazans,Calazans,-75.5989846,6.260915799999999,False,False,12,La América,comuna
2874,1986-10-09,1986,10,1980,flujo de detritos,sin dato,Desconocida,0,0,,0.0,Mid,El Colombiano,Barrio Alejandro Echavarría y la Milagrosa,Alejandro Echavarría,-75.5502324,6.2408389,False,False,09,Buenos Aires,comuna
2875,1986-10-20,1986,10,1980,flujo de detritos,sin dato,Desconocida,0,0,,0.0,Mid,El Colombiano,Barrios America; Belén las Playas; el Poblado; Autop. Norte,La América,-75.6026222,6.2552062,False,False,12,La América,comuna
2876,1986-10-09,1986,10,1980,flujo de detritos,sin dato,Desconocida,0,0,,0.0,Mid,El Colombiano,Barrio la Milagrosa y Alejandro Echavarría,La Milagrosa,-75.5524157,6.2338014,False,False,09,Buenos Aires,comuna
2877,1986-10-20,1986,10,1980,flujo de detritos,sin dato,Desconocida,0,0,,0.0,Mid,El Colombiano,Barrios Belén las Playas; la Ameri; el Poblado; Autop. Norte,Las Playas,-75.59534699999999,6.220151599999999,False,False,16,Belén,comuna
2878,1986-10-20,1986,10,1980,flujo de detritos,sin dato,Desconocida,0,0,,0.0,Mid,El Colombiano,Barrios America; Belén las Playas; el Poblado; Autop. Norte,El Poblado,-75.5762572,6.2132868,False,False,14,El Poblado,comuna
2879,1986-05-15,1986,5,1980,flujo de detritos,lluvia,Lluvias - Fuerte aguacero,0,0,,0.0,High,El Colombiano,Calle 59 con Cr. 32,,-75.56581530000001,6.2476376,True,False,,,
2880,1986-06-03,1986,6,1980,flujo de detritos,lluvia,Lluvias - Fuerte y prolongado aguacero,0,0,,0.0,Mid,El Colombiano,Calle 96 con la Cra 65 y con la Cra. 72,Castilla,-75.5727914,6.2911827,False,False,05,Castilla,comuna
2881,1986-06-03,1986,6,1980,flujo de detritos,lluvia,Lluvias - Fuerte y prolongado aguacero,0,0,,0.0,Mid,El Colombiano,,Tricentenario,-75.56697,6.2910195,False,False,05,Castilla,comuna
2882,1986-06-03,1986,6,1980,deslizamiento,lluvia,Lluvias - Fuerte aguacero,0,0,,0.0,Mid,El Colombiano,Entre Los barrios de Santo Domingo Savio y Villa Guadalupe *,Santo Domingo Savio Nº1,-75.549044,6.291915,False,False,01,Popular,comuna
2883,1986-08-21,1986,8,1980,flujo de detritos,actividad humana,Error humano - Desbordamiento quebrda de la zona represada por las basuras,0,0,,0.0,Mid,El Colombiano,En el sector de la Calle 90 con Cra. 49B,Aranjuez,-75.56748,6.28306,False,False,04,Aranjuez,comuna
2884,1986-10-18,1986,10,1980,flujo de detritos,lluvia,Lluvias - Fuerte y prolongado aguacero y desbordamiento de la quebrada la,0,0,,0.0,Mid,El Colombiano,Por Varias Vías Pples de Castilla;Como en Clle 88 con Cra 76,Castilla,-75.5727914,6.2911827,False,False,05,Castilla,comuna
2886,1986-10-20,1986,10,1980,flujo de detritos,sin dato,Desconocida,0,0,,0.0,Mid,Ingeominas,Barrio Castilla; quebrada la Loca,Castilla,-75.5727914,6.2911827,False,False,05,Castilla,comuna
2887,1986-10-26,1986,10,1980,flujo de detritos,sin dato,Desconocida,2,2,,0.0,Mid,Ingeominas,Barrio Iguaná,Nueva Villa de Iguaná,-75.60407719999999,6.235881,False,False,16,Belén,comuna
2888,1986-07-02,1986,7,1980,deslizamiento,sin dato,Desconocida,0,0,,0.0,Mid,Ingeominas,Barrio Villa Guadalupe,Villa Guadalupe,-75.551691,6.284815,False,False,03,Manrique,comuna
2889,1986-09-01,1986,9,1980,deslizamiento,sin dato,Otra causa,0,0,,0.0,High,Ingeominas,Vía el Poblado - Envigado; Oviedo,,-75.573933,6.198718,False,False,14,El Poblado,comuna
2890,1986-10-09,1986,10,1980,deslizamiento,sin dato,Desconocida,0,0,,0.0,Mid,Ingeominas,Barrio Caicedo,Barrio Caycedo,-75.554599,6.242251,False,False,09,Buenos Aires,comuna
2891,1986-10-22,1986,10,1980,deslizamiento,sin dato,Desconocida,0,0,,0.0,Mid,Ingeominas,Invación la Independencia,Las Independencias,-75.625173,6.248731,False,False,13,San Javier,comuna
2892,1986-10-23,1986,10,1980,deslizamiento,sin dato,Desconocida,1,1,,0.0,Mid,Ingeominas,Barrio Santo Domingo Savio,Santo Domingo Savio Nº1,-75.545699,6.297495,False,False,01,Popular,comuna
2893,1986-10-26,1986,10,1980,deslizamiento,sin dato,Desconocida,0,0,,0.0,Mid,Ingeominas,Barrio Independencias,Las Independencias,-75.625173,6.248731,False,False,13,San Javier,comuna
2894,1986-11-05,1986,11,1980,deslizamiento,sin dato,Otra causa,0,0,,0.0,High,Ingeominas,Vía Santa Elena,,-75.536289,6.230932,False,False,09,Buenos Aires,comuna
2895,1986-01-16,1986,1,1980,flujo de detritos,sin dato,Desconocida,0,0,,0.0,Mid,V,Calle 75 a con Cra 64 C. Vía Regional por la Planta de Esso.,Caribe,-75.5738985,6.2703817,False,False,05,Castilla,comuna
2896,1986-04-20,1986,4,1980,flujo de detritos,sin dato,Desconocida,0,0,,0.0,High,Unknown,Hospital San Vicente de Paul.,,-75.56581530000001,6.2476376,True,False,,,
2899,1987-05-04,1987,5,1980,flujo de detritos,sin dato,Desconocida,0,0,,0.0,High,El Colombiano,Autopista Norte (Universidad Nacional),,-75.56581530000001,6.2476376,True,False,,,
2900,1987-05-05,1987,5,1980,flujo de detritos,sin dato,Desconocida,1,1,,0.0,High,El Colombiano,Puente Acevedo,,-75.56581530000001,6.2476376,True,False,,,
2901,1987-05-04,1987,5,1980,flujo de detritos,sin dato,Desconocida,0,0,,0.0,Mid,El Colombiano,Barrios Manrique; Campo Valdés; Prado,Manrique Central Nº1,-75.56714,6.26753,False,False,04,Aranjuez,comuna
2902,1987-06-01,1987,6,1980,flujo de detritos,sin dato,Desconocida,0,0,,0.0,High,El Colombiano,Cerro el Volador (Calle 65),,-75.56581530000001,6.2476376,True,False,,,
2903,1987-10-22,1987,10,1980,flujo de detritos,sin dato,Desconocida,0,0,,0.0,Mid,El Colombiano,Barrio Belalcazar,Belalcazar,-75.5633316,6.2980228,False,False,05,Castilla,comuna
2904,1987-11-19,1987,11,1980,flujo de detritos,sin dato,Desconocida,0,0,,0.0,Mid,El Colombiano,Barrio Castilla,Castilla,-75.5727914,6.2911827,False,False,05,Castilla,comuna
2905,1987-05-04,1987,5,1980,flujo de detritos,sin dato,Desconocida,0,0,,0.0,Mid,El Colombiano,Barrios Campo Valdés; Prado; Manrique,Campo Valdés Nº1,-75.5556678,6.2752639,False,False,04,Aranjuez,comuna
2907,1987-05-04,1987,5,1980,flujo de detritos,sin dato,Desconocida,0,0,,0.0,Mid,El Colombiano,Barrios Prado; Campo Valdés; Manrique,Prado,-75.5611485,6.2598612,False,False,10,La Candelaria,comuna
2909,1987-05-02,1987,5,1980,flujo de detritos,lluvia,Lluvias - Torrencial aguacero,0,0,,0.0,Mid,El Colombiano,En Los barrios Populares Nº 1 y 2,Popular,-75.5465935,6.3033664,False,False,01,Popular,comuna
2910,1987-05-02,1987,5,1980,flujo de detritos,lluvia,Lluvias - Torrencial aguacero,0,0,,0.0,Mid,El Colombiano,En la Autopista Norte entre Calles 75 y 75A,Caribe,-75.5738985,6.2703817,False,False,05,Castilla,comuna
2912,1987-05-04,1987,5,1980,deslizamiento,lluvia,Lluvias - Fuertes aguaceros que se precipitaron en el norte,0,0,,0.0,Mid,El Colombiano,Carrera 43A con Calle 125,Popular,-75.547155,6.304139,False,False,02,Santa Cruz,comuna
2913,1987-05-20,1987,5,1980,flujo de detritos,actividad humana,Error humano - Por cascajo y otros materiales de una construcción además,0,0,,0.0,Mid,El Colombiano,Sector las Perlas; en la Calle 53 con Cra 27,Barrio Caycedo,-75.5545989,6.2422512,False,False,09,Buenos Aires,comuna
2914,1987-07-31,1987,7,1980,flujo de detritos,lluvia,Lluvias - Desbordamiento de quebrada La Iguaná por fuerte aguacero,0,0,,0.0,Mid,El Colombiano,,Nueva Villa de Iguaná,-75.60407719999999,6.235881,False,False,16,Belén,comuna
2915,1987-10-21,1987,10,1980,deslizamiento,sin dato,Desconocida,0,0,,0.0,Mid,El Colombiano,Calle 98C con Cras 40 a 42,San Pablo,-75.548983,6.289097,False,False,01,Popular,comuna
2917,1987-09-27,1987,9,1980,deslizamiento,actividad humana,Error humano - Una acequia no revestida en parte superior del deslizamiento,500,500,"Villatina: cerca de 500 fallecidos (Wikipedia; El Colombiano, El Tiempo).",605.0,Mid,El Colombiano y por Boletín de Vías,Entre las Cras.15 y 17 con Calles 56C y 56E (Aprox. 1.2 Ha),Villatina,-75.538085,6.241167,False,False,08,Villa Hermosa,comuna
2920,1987-08-04,1987,8,1980,deslizamiento,sin dato,Otra causa,0,0,,0.0,High,Ingeominas,Vía Medellín - Sonsón; Km. 12,,-75.533978,6.321897,False,False,,,
2921,1987-08-02,1987,8,1980,flujo de detritos,sin dato,Desconocida,0,0,,0.0,Mid,Ingeominas,Barrio la Iguaná,Nueva Villa de Iguaná,-75.60407719999999,6.235881,False,False,16,Belén,comuna
2922,1987-05-06,1987,5,1980,deslizamiento,sin dato,Desconocida,0,0,,0.0,Mid,Ingeominas,Barrio San José de la Cima,San José de La Cima Nº1,-75.541903,6.28105,False,False,03,Manrique,comuna
2924,1987-05-22,1987,5,1980,deslizamiento,sin dato,Desconocida,0,0,,0.0,Mid,Ingeominas,Santa Lucía,Santa Lucia,-75.606998,6.257999,False,False,12,La América,comuna
2927,1988-04-05,1988,4,1980,flujo de detritos,sin dato,Otra causa - Otra causa,0,0,,0.0,High,Bdod-60528,,,-75.56581530000001,6.2476376,True,False,,,
2928,1988-08-05,1988,8,1980,deslizamiento,sin dato,Otra causa - Otra causa,3,3,,0.0,High,Bdod-60556,,,-75.565815,6.247638,True,False,,,
2929,1988-10-17,1988,10,1980,deslizamiento,sin dato,Otra causa - Otra causa,1,1,,0.0,High,Bdod-60574,B.Violetas,,-75.612813,6.231342,False,False,16,Belén,comuna
2930,1988-11-22,1988,11,1980,flujo de detritos,sin dato,Otra causa - Otra causa,0,0,,0.0,High,Bdod--60608,,,-75.56581530000001,6.2476376,True,False,,,
2931,1988-04-15,1988,4,1980,flujo de detritos,sin dato,Desconocida,0,0,,0.0,High,El Colombiano,Barrios Lovaina y el Salvador,,-75.56581530000001,6.2476376,True,False,,,
2932,1988-04-15,1988,4,1980,flujo de detritos,sin dato,Desconocida,0,0,,0.0,Mid,El Colombiano,Barrio Manrique Oriental (Calle 68 con Cra. 39),Manrique Oriental,-75.5487769,6.2640347,False,False,03,Manrique,comuna
2933,1988-05-03,1988,5,1980,flujo de detritos,sin dato,Desconocida,0,0,,0.0,High,El Colombiano,Zona urbana,,-75.56581530000001,6.2476376,True,False,,,
2934,1988-06-28,1988,6,1980,flujo de detritos,sin dato,Desconocida,1,1,,0.0,Mid,El Colombiano,Barrio Los Conquistadores,Los Conquistadores,-75.581523,6.2423547,False,False,11,Laureles-Estadio,comuna
2935,1988-07-05,1988,7,1980,flujo de detritos,lluvia,Desconocida - Creciente de la quebrada La Iguaná,0,0,,0.0,Mid,El Colombiano,Barrio la Iguaná,Nueva Villa de Iguaná,-75.60407719999999,6.235881,False,False,16,Belén,comuna
2936,1988-07-10,1988,7,1980,flujo de detritos,sin dato,Desconocida,0,0,,0.0,High,El Colombiano,Las Cruces,,-75.56581530000001,6.2476376,True,False,,,
2937,1988-09-08,1988,9,1980,flujo de detritos,sin dato,Desconocida,0,0,,0.0,Mid,El Colombiano,Barrio las Estancias,Las Estancias,-75.5356764,6.233980799999999,False,False,08,Villa Hermosa,comuna
2938,1988-09-10,1988,9,1980,flujo de detritos,sin dato,Desconocida,9,9,,0.0,Mid,El Colombiano,Barrio la Iguaná,Nueva Villa de Iguaná,-75.60407719999999,6.235881,False,False,16,Belén,comuna
2939,1988-09-13,1988,9,1980,flujo de detritos,sin dato,Desconocida,0,0,,0.0,Mid,El Colombiano,Barrio Santa Cruz,Santa Cruz,-75.5582376,6.2933582,False,False,02,Santa Cruz,comuna
2940,1988-10-01,1988,10,1980,flujo de detritos,sin dato,Desconocida,0,0,,0.0,Mid,El Colombiano,Barrio la Iguaná,Nueva Villa de Iguaná,-75.60407719999999,6.235881,False,False,16,Belén,comuna
2941,1988-10-10,1988,10,1980,flujo de detritos,sin dato,Desconocida,0,0,,0.0,Mid,El Colombiano,Barrio la Iguaná,Nueva Villa de Iguaná,-75.60407719999999,6.235881,False,False,16,Belén,comuna
2942,1988-11-23,1988,11,1980,flujo de detritos,sin dato,Desconocida,0,0,,0.0,Mid,El Colombiano,Barrio Robledo (Las Margaritas),Robledo,-75.596802,6.276998799999999,False,False,07,Robledo,comuna
2943,1988-11-23,1988,11,1980,flujo de detritos,sin dato,Desconocida,0,0,,0.0,Mid,El Colombiano,Barrio la Iguaná; en la Calle. 53,Nueva Villa de Iguaná,-75.60407719999999,6.235881,False,False,16,Belén,comuna
2944,1988-11-23,1988,11,1980,flujo de detritos,sin dato,Desconocida,0,0,,0.0,High,El Colombiano,Sector del Estadio (Quebrada Ana Díaz),,-75.56581530000001,6.2476376,True,False,,,
2945,1988-11-23,1988,11,1980,flujo de detritos,sin dato,Desconocida,0,0,,0.0,Mid,El Colombiano,Barrio Moravia,Moravia,-75.56697,6.2781026,False,False,04,Aranjuez,comuna
2946,1988-11-24,1988,11,1980,flujo de detritos,sin dato,Desconocida,0,0,,0.0,High,El Colombiano,Quebradas la Loca; Santa Helena; Patibilca,,-75.56581530000001,6.2476376,True,False,,,
2947,1988-11-25,1988,11,1980,flujo de detritos,sin dato,Desconocida,0,0,,0.0,High,El Colombiano,Quebs. la Loca; la Castro; la Rebelde; la Aguadita y la Hond,,-75.56581530000001,6.2476376,True,False,,,
2948,1988-12-04,1988,12,1980,flujo de detritos,sin dato,Desconocida - Quebrada  La Volcana,0,0,,0.0,High,El Colombiano,Vía las Palmas .,,-75.56581530000001,6.2476376,True,False,,,
2949,1988-04-15,1988,4,1980,flujo de detritos,sin dato,Desconocida,0,0,,0.0,Mid,El Colombiano,Barrios el Salvador y Lovaina,El Salvador,-75.5604208,6.2359598,False,False,09,Buenos Aires,comuna
2952,1988-05-28,1988,5,1980,flujo de detritos,lluvia,Lluvias - Fuertes aguaceros,0,0,,0.0,Mid,El Colombiano,Varias Partes de Castilla y Zonas Vecinas,Castilla,-75.5727914,6.2911827,False,False,05,Castilla,comuna
2955,1988-06-24,1988,6,1980,flujo de detritos,lluvia,Lluvias - Fuerte aguacero y desbordamiento de La Picacha,0,0,,0.0,Mid,El Colombiano,Belén Altavista Hasta Conquistadores,Belén,-75.5914068,6.2315137,False,False,16,Belén,comuna
2956,1988-06-25,1988,6,1980,flujo de detritos,lluvia,Lluvias - Fuerte aguacero,0,0,,0.0,Mid,El Colombiano,A la altura de la Autopista Sur con el Puente de San Juan,Naranjal,-75.5844334,6.250181299999999,False,False,11,Laureles-Estadio,comuna
2957,1988-07-08,1988,7,1980,deslizamiento,lluvia,Lluvias - Desbordamiento quebrada la rosa,0,0,,0.0,Mid,El Colombiano,Calle 101B con Cra 43B,Santa Lucia,-75.617095,6.256523,False,False,13,San Javier,comuna
2958,1988-07-08,1988,7,1980,deslizamiento,actividad humana,Error humano - Mal manejo de los alcantarillados y fallas humanas,0,0,,0.0,Mid,El Colombiano,,Doce de Octubre Nº1,-75.579118,6.305517,False,False,06,Doce de Octubre,comuna
2959,1988-09-09,1988,9,1980,flujo de detritos,lluvia,Lluvias - Crecida y desbordamiento de la quebrada Santa Elena,0,0,,0.0,High,El Colombiano,Cerca al Nacimiento de la Quebda Santa Elena,,-75.56581530000001,6.2476376,True,False,,,
2960,1988-09-19,1988,9,1980,flujo de detritos,lluvia,Lluvias - Desbordamiento de la quebrada La Picacha,0,0,,0.0,Mid,El Colombiano,Calle 102A y 102B Hasta la Calle 104A con la Cra 84,Progreso,-75.5826144,6.305993600000001,False,False,06,Doce de Octubre,comuna
2961,1988-09-19,1988,9,1980,flujo de detritos,lluvia,Lluvias,0,0,,0.0,Mid,El Colombiano,Parte Baja del barrio Santa Cruz en las Riveras del Río Med,Santa Cruz,-75.5582376,6.2933582,False,False,02,Santa Cruz,comuna
2962,1988-09-17,1988,9,1980,flujo de detritos,lluvia,Lluvias - Gran ola invernal,0,0,,0.0,Mid,El Colombiano,,Blanquizal,-75.6106246,6.2689886,False,False,60,San Cristóbal,corregimiento
2963,1988-09-17,1988,9,1980,flujo de detritos,lluvia,Lluvias - Gran ola invernal,0,0,,0.0,Mid,El Colombiano,,San Isidro,-75.5611485,6.2856893,False,False,04,Aranjuez,comuna
2964,1988-09-17,1988,9,1980,flujo de detritos,lluvia,Lluvias - Gran ola invernal,0,0,,0.0,Mid,El Colombiano,Entre Betania y Berlencito,Betania,-75.6193539,6.2434047,False,False,13,San Javier,comuna
2965,1988-09-17,1988,9,1980,flujo de detritos,lluvia,Lluvias - Gran ola invernal,0,0,,0.0,Mid,El Colombiano,De la Cra 65 Hasta el Río Medellín,Tenche,-75.5807954,6.2313632,False,False,15,Guayabal,comuna
2966,1988-09-17,1988,9,1980,flujo de detritos,lluvia,Lluvias - Gran ola invernal,0,0,,0.0,High,El Colombiano,Barrio Otrabanda (No Aparece en la Lista de Barrios),,-75.56581530000001,6.2476376,True,False,,,
2967,1988-10-03,1988,10,1980,flujo de detritos,lluvia,Lluvias - Fuerte aguacero,0,0,,0.0,Mid,El Colombiano,,Pedregal,-75.5749743,6.2996416,False,False,06,Doce de Octubre,comuna
2968,1988-10-03,1988,10,1980,flujo de detritos,lluvia,Lluvias - Fuerte aguacero,0,0,,0.0,Mid,El Colombiano,,Picacho,-75.585161,6.294759,False,False,06,Doce de Octubre,comuna
2969,1988-10-03,1988,10,1980,flujo de detritos,lluvia,Lluvias - Fuerte aguacero,0,0,,0.0,Mid,El Colombiano,,Alfonso López,-75.5793401,6.286844700000001,False,False,06,Doce de Octubre,comuna
2970,1988-10-03,1988,10,1980,flujo de detritos,lluvia,Lluvias - Fuerte aguacero,0,0,,0.0,High,El Colombiano,Barrio Miramar,,-75.56581530000001,6.2476376,True,False,,,
2971,1988-10-03,1988,10,1980,flujo de detritos,lluvia,Lluvias - Fuerte aguacero,0,0,,0.0,Mid,El Colombiano,Parte Baja de Castilla,Castilla,-75.5727914,6.2911827,False,False,05,Castilla,comuna
2972,1988-10-24,1988,10,1980,flujo de detritos,lluvia,Lluvias - Fuerte aguacero,0,0,,0.0,Mid,El Colombiano,Calle 10 con Cra. 43A (Banco Comercial Antioqueño),El Poblado,-75.5762572,6.2132868,False,False,14,El Poblado,comuna
2973,1988-11-11,1988,11,1980,deslizamiento,lluvia,Lluvias - Ola invernal,0,0,,0.0,Mid,El Colombiano,Cra. 44 con Clle 98,Villa Guadalupe,-75.550736,6.288683,False,False,01,Popular,comuna
2974,1988-12-03,1988,12,1980,flujo de detritos,lluvia,Lluvias,0,0,,0.0,High,El Colombiano,Barrio el Vergel;Sectores la India;La Pastora y la Madre Lau,,-75.56581530000001,6.2476376,True,False,,,
2975,1988-11-22,1988,11,1980,flujo de detritos,lluvia,Lluvias - Lluvia torrencial e inundación por desbordamiento de,0,0,,0.0,High,El Colombiano,Mercado Cafetero. Avenida 33,,-75.56581530000001,6.2476376,True,False,,,
2976,1988-11-22,1988,11,1980,flujo de detritos,lluvia,Lluvias - Desbordamiento de quebrada La Hueso,0,0,,0.0,Mid,El Colombiano,Cra . 80. por el Restaurante Zorba;Sector Estadio - Naranjal,La Florida,-75.5640593,6.205738699999999,False,False,14,El Poblado,comuna
2977,1988-11-22,1988,11,1980,flujo de detritos,lluvia,Lluvias - Lluvias torrenciales,0,0,,0.0,Mid,El Colombiano,,Moravia,-75.56697,6.2781026,False,False,04,Aranjuez,comuna
2978,1988-11-22,1988,11,1980,flujo de detritos,lluvia,Lluvias - Lluvias torrenciales y desbordamiento de quebrada Ana Diaz,0,0,,0.0,High,El Colombiano,Calle 33Aa con Cra 84; Clle 30A-89; Clle 35 con 94; *,,-75.56581530000001,6.2476376,True,False,,,
2979,1988-11-22,1988,11,1980,flujo de detritos,lluvia,Lluvias - Lluvias torrenciales y desbordamiento de la quebrada La Hueso,0,0,,0.0,Mid,El Colombiano,Sector la Macarena Además en Suramericana y Conquistadores,Naranjal,-75.5844334,6.250181299999999,False,False,11,Laureles-Estadio,comuna
2980,1988-11-22,1988,11,1980,deslizamiento,lluvia,Lluvias - Ola invernal sumado a aguas subterraneas perdidas,0,0,,0.0,Mid,El Colombiano,Kilometro 3. Carretera Medellín - las Palmas,El Poblado,-75.576257,6.213287,False,False,14,El Poblado,comuna
2981,1988-11-22,1988,11,1980,flujo de detritos,lluvia,Lluvias - Intenso periodo de lluvias,0,0,,0.0,High,El Colombiano,Barrios que Bordean la quebrada la Iguaná (No Dicen Cuales),,-75.56581530000001,6.2476376,True,False,,,
2982,1988-11-23,1988,11,1980,deslizamiento,lluvia,Lluvias - Fuerte aguacero,0,0,,0.0,Mid,El Colombiano, ,Villa Tina,-75.540093,6.234141,False,False,09,Buenos Aires,comuna
2983,1988-12-03,1988,12,1980,flujo de detritos,lluvia,Lluvias - Lluvias torrenciales produjeron desbordamiento de qbdas,0,0,,0.0,Mid,El Colombiano,Calle 65Aa con Cra 40; quebrada la Loca y la Mansión*,Villa Hermosa,-75.54848072482906,6.2556094708794765,False,False,08,Villa Hermosa,comuna
2984,1988-12-19,1988,12,1980,deslizamiento,lluvia,Lluvias - Aguas perdidas y falla geologica (reptación de terreno),0,0,,0.0,High,El Colombiano,Corregimiento de Santa Elena,,-75.498689,6.210387,False,False,90,Santa Elena,corregimiento
2985,1988-11-23,1988,11,1980,flujo de detritos,lluvia,Lluvias - Desbordamiento de quebrada Santa Elena por fuerte aguacero,0,0,,0.0,High,El Colombiano,Av. la Playa; Cra Girartdot; el Palo; Palacé y Bolivar,,-75.56581530000001,6.2476376,True,False,,,
2990,1988-11-05,1988,11,1980,flujo de detritos,sin dato,Desconocida,0,0,,0.0,Mid,Ingeominas,Barrio Aures (Calle 70 con Cra. 90),Aures Nº1,-75.5960745,6.2918346,False,False,07,Robledo,comuna
2991,1988-01-18,1988,1,1980,deslizamiento,sin dato,Otra causa,0,0,,0.0,High,Ingeominas,Vía Medellín - Santa Elena; Km. 4,,-75.520068,6.227247,False,False,90,Santa Elena,corregimiento
2992,1988-08-16,1988,8,1980,deslizamiento,sin dato,Otra causa,3,3,,0.0,High,Ingeominas,Vía a las Palmas; a Unos 200 Metros del Estadero el Peñasco,,-75.55137,6.214854,False,False,90,Santa Elena,corregimiento
2993,1988-11-19,1988,11,1980,deslizamiento,sin dato,Otra causa,0,0,,0.0,High,Ingeominas,Vía a Santa Helena,,-75.520068,6.227247,False,False,90,Santa Elena,corregimiento
2994,1988-11-11,1988,11,1980,deslizamiento,sin dato,Desconocida,0,0,,0.0,High,Ingeominas,Barrio Santa Cecilia,,-75.549286,6.291056,False,False,01,Popular,comuna
2996,1988-11-22,1988,11,1980,flujo de detritos,sin dato,Desconocida,0,0,,0.0,Mid,por Alli Pasa La Quebrada La Hueso,Puente la Iguaná con Cra. 70,Cerro El Volador,-75.582522,6.264745,False,False,07,Robledo,comuna
2999,1989-03-23,1989,3,1980,flujo de detritos,sin dato,Desconocida,0,0,,0.0,High,El Colombiano,Quebradas la Iguaná; la Minita; Altavista y Ana Díaz,,-75.56581530000001,6.2476376,True,False,,,
3000,1989-04-11,1989,4,1980,flujo de detritos,sin dato,Desconocida,0,0,,0.0,High,El Colombiano,Exito; Politecnico; Eafit; Poblado,,-75.56581530000001,6.2476376,True,False,,,
3001,1989-09-13,1989,9,1980,flujo de detritos,sin dato,Desconocida,0,0,,0.0,Mid,El Colombiano,Barrio el Rincón (Belén) y Antioquia,El Rincón,-75.6048047,6.2068644,False,False,16,Belén,comuna
3002,1989-09-13,1989,9,1980,flujo de detritos,sin dato,Desconocida,0,0,,0.0,Mid,El Colombiano,Barrio Altavista,Altavista,-75.6106246,6.2225098,False,False,16,Belén,comuna
3003,1989-09-13,1989,9,1980,flujo de detritos,sin dato,Desconocida,0,0,,0.0,Mid,El Colombiano,Barrio Los Comuneros (El Playón de Los Comuneros),El Playón de Los Comuneros,-75.5520518,6.306426999999999,False,False,02,Santa Cruz,comuna
3005,1989-09-13,1989,9,1980,flujo de detritos,sin dato,Desconocida,0,0,,0.0,High,El Colombiano,Aeroparque,,-75.56581530000001,6.2476376,True,False,,,
3006,1989-10-17,1989,10,1980,flujo de detritos,sin dato,Desconocida,0,0,,0.0,High,El Colombiano,,,-75.56581530000001,6.2476376,True,False,,,
3007,1989-05-04,1989,5,1980,flujo de detritos,lluvia,Lluvias - Lluvia torrencial con desbordamiento de la quebrada La Volcana,0,0,,0.0,Mid,El Colombiano,Universidad Eafit; Avenida las Vegas,La Aguacatala,-75.5778849,6.199026099999999,False,False,14,El Poblado,comuna
3008,1989-01-01,1989,1,1980,flujo de detritos,lluvia,Lluvias - Intensas lluvias,0,0,,0.0,High,El Colombiano,Centro de Medellín (Av.Oriental con Argentina),,-75.56581530000001,6.2476376,True,False,,,
3009,1989-04-28,1989,4,1980,flujo de detritos,lluvia,Lluvias - Desbordamiento de quebrada  Guayabala,0,0,,0.0,Mid,El Colombiano,Zona Sur Occidental,Las Playas,-75.59534699999999,6.220151599999999,False,False,16,Belén,comuna
3010,1989-04-28,1989,4,1980,flujo de detritos,lluvia,Lluvias - Desbordamiento de quebrada  Guayabala,0,0,,0.0,Mid,El Colombiano,Zona Sur Occidental,Cristo Rey,-75.5844334,6.206302,False,False,15,Guayabal,comuna
3011,1989-04-28,1989,4,1980,flujo de detritos,lluvia,Lluvias - Desbordamiento de quebrada  Guayabala,0,0,,0.0,Mid,El Colombiano,Zona Sur Occidental,Guayabal,-75.5887989,6.210293099999999,False,False,15,Guayabal,comuna
3012,1989-05-04,1989,5,1980,flujo de detritos,lluvia,Lluvias - Fuertes aguaceros que produjo el desbordamiento de quebdas,0,0,,0.0,Mid,El Colombiano,,Villa Liliam,-75.532765,6.233899699999999,False,False,08,Villa Hermosa,comuna
3013,1989-05-04,1989,5,1980,flujo de detritos,lluvia,Lluvias - Fuertes aguaceros que produjeron desbordamiento del río Medellín,0,0,,0.0,Mid,El Colombiano,Margen del Río Medellín,Moravia,-75.56697,6.2781026,False,False,04,Aranjuez,comuna
3014,1989-05-04,1989,5,1980,flujo de detritos,lluvia,Lluvias - Desbordamiento de quebrada  La Volcana y la quebrada  La Aguacatala,0,0,,0.0,Mid,El Colombiano,Transversales Superior e Inferior,Los Balsos Nº1,-75.560014,6.1871142,False,False,14,El Poblado,comuna
3015,1989-10-22,1989,10,1980,deslizamiento,actividad humana,Error humano - Construccion en zona de alto riesgo de deslizamiento de,0,0,,0.0,Mid,El Colombiano,Urbanización Ciudadela del Valle; Cra 79 a con Calle 3 B,Belén,-75.603016,6.213929,False,False,16,Belén,comuna
3017,1989-12-03,1989,12,1980,flujo de detritos,lluvia,Lluvias - Aguacero torrencial,0,0,,0.0,Mid,El Colombiano,En un sector del barrio Marco Fidel Suarez.*,Granizal,-75.5458657,6.2923651,False,False,01,Popular,comuna
3018,1989-12-01,1989,12,1980,flujo de detritos,lluvia,Lluvias - Ola invernal desde el mes de octubre,0,0,,0.0,Mid,El Colombiano,Clle 100 con Cra 42,Popular,-75.5465935,6.3033664,False,False,01,Popular,comuna
3019,1989-12-01,1989,12,1980,flujo de detritos,lluvia,Lluvias - Ola invernal produjo salida del cauce de una quebrada del sector,0,0,,0.0,Mid,El Colombiano,,Las Granjas,-75.5473213,6.2781983,False,False,03,Manrique,comuna
3020,1989-12-01,1989,12,1980,flujo de detritos,lluvia,Lluvias - Ola invernal,0,0,,0.0,Mid,El Colombiano,Clle 9 Sur entre Cras 52 y 54,La Colina,-75.5938919,6.1968879,False,False,,,
3021,1989-12-01,1989,12,1980,flujo de detritos,lluvia,Lluvias - Ola invernal y lluvia torrencial,0,0,,0.0,Mid,El Colombiano,Clle 4 con Cra 52,Campo Amor,-75.5838141,6.2129061,False,False,15,Guayabal,comuna
3022,1989-12-01,1989,12,1980,flujo de detritos,lluvia,Lluvias - Ola invernal,0,0,,0.0,Mid,El Colombiano,Clle 3 Sur Cra 50,Cristo Rey,-75.5844334,6.206302,False,False,15,Guayabal,comuna
3031,1989-02-27,1989,2,1980,deslizamiento,sin dato,Desconocida,0,0,,0.0,Mid,Ingeominas,Barrio 12 de Octubre,Doce de Octubre Nº1,-75.579118,6.305517,False,False,06,Doce de Octubre,comuna
3032,1989-09-13,1989,9,1980,deslizamiento,sin dato,Desconocida,4,4,,0.0,Mid,Ingeominas,Barrio Villa Tina,Villa Tina,-75.540093,6.234141,False,False,09,Buenos Aires,comuna
3033,1989-09-13,1989,9,1980,deslizamiento,sin dato,Desconocida,0,0,,0.0,Mid,Ingeominas,Barrio Manrique (La Avanzada),La Avanzada,-75.538892,6.295624,False,False,01,Popular,comuna
3034,1989-09-05,1989,9,1980,deslizamiento,sin dato,Otra causa - Otra causa,4,4,,0.0,High,Reonad,Villa Tina,,-75.5399,6.233544,False,False,09,Buenos Aires,comuna
3037,1990-10-09,1990,10,1990,deslizamiento,sin dato,Otra causa - Otra causa,4,4,,0.0,High,Bdod--60737,,,-75.565815,6.247638,True,False,,,
3038,1990-10-02,1990,10,1990,flujo de detritos,sin dato,Desconocida,0,0,,0.0,Mid,Bomberos Medellinº,Calle 60 con Cra. 45 D,San Miguel,-75.5531434,6.252537200000001,False,False,08,Villa Hermosa,comuna
3040,1990-04-12,1990,4,1990,flujo de detritos,sin dato,Desconocida,0,0,,0.0,High,El Colombiano,Zona urbana,,-75.56581530000001,6.2476376,True,False,,,
3041,1990-06-18,1990,6,1990,flujo de detritos,sin dato,Desconocida,0,0,,0.0,High,El Colombiano,,,-75.56581530000001,6.2476376,True,False,,,
3042,1990-10-27,1990,10,1990,flujo de detritos,sin dato,Desconocida,0,0,,0.0,Mid,El Colombiano,Barrio Santa Cruz,Santa Cruz,-75.5582376,6.2933582,False,False,02,Santa Cruz,comuna
3044,1990-10-27,1990,10,1990,flujo de detritos,sin dato,Desconocida,0,0,,0.0,Mid,El Colombiano,Barrio Santo Domingo Savio,Santo Domingo Savio Nº1,-75.53775159999999,6.2975875,False,False,01,Popular,comuna
3045,1990-10-27,1990,10,1990,flujo de detritos,sin dato,Desconocida,0,0,,0.0,Mid,El Colombiano,Barrio Aures,Aures Nº1,-75.5960745,6.2918346,False,False,07,Robledo,comuna
3046,1990-11-03,1990,11,1990,flujo de detritos,sin dato,Desconocida,0,0,,0.0,Mid,El Colombiano,Barrio Conquistadores y en otros barrios (Ver Observaciones),Los Conquistadores,-75.581523,6.2423547,False,False,11,Laureles-Estadio,comuna
3047,1990-10-27,1990,10,1990,flujo de detritos,sin dato,Desconocida,0,0,,0.0,Mid,El Colombiano,Barrios Pedregal; Zamora (Bello) y Robledo,Pedregal,-75.5749743,6.2996416,False,False,06,Doce de Octubre,comuna
3048,1990-10-27,1990,10,1990,flujo de detritos,sin dato,Desconocida,0,0,,0.0,Mid,El Colombiano,Barrios Zamora; Pedregal y Robledo,Robledo,-75.596802,6.276998799999999,False,False,07,Robledo,comuna
3049,1990-11-03,1990,11,1990,flujo de detritos,sin dato,Desconocida,0,0,,0.0,Mid,El Colombiano,Barrio San Javier y en otros barrios (Ver Observaciones),San Javier Nº1,-75.61862649999999,6.255650900000001,False,False,13,San Javier,comuna
3050,1990-11-03,1990,11,1990,flujo de detritos,sin dato,Desconocida,0,0,,0.0,Mid,El Colombiano,Barrio Altavista y en otros barrios (Ver Observaciones),Altavista,-75.6106246,6.2225098,False,False,16,Belén,comuna
3051,1990-11-03,1990,11,1990,flujo de detritos,sin dato,Desconocida,0,0,,0.0,Mid,El Colombiano,Barrio Santo Domingo y en otros barrios (Ver Observaciones),Santo Domingo Savio Nº1,-75.53775159999999,6.2975875,False,False,01,Popular,comuna
3052,1990-11-03,1990,11,1990,flujo de detritos,sin dato,Desconocida,0,0,,0.0,Mid,El Colombiano,Barrio Villa Tina y en otros barrios (Ver Observaciones),Villa Tina,-75.5400433,6.234102399999999,False,False,09,Buenos Aires,comuna
3053,1990-11-03,1990,11,1990,flujo de detritos,sin dato,Desconocida,0,0,,0.0,Mid,El Colombiano,Barrio Popular y en otros barrios (Ver Observaciones),Popular,-75.5465935,6.3033664,False,False,01,Popular,comuna
3054,1990-11-03,1990,11,1990,flujo de detritos,sin dato,Desconocida,0,0,,0.0,Mid,El Colombiano,Barrio las Independen y en otros barrios (Ver Observaciones),Las Independencias,-75.62517319999999,6.2487306,False,False,13,San Javier,comuna
3055,1990-01-26,1990,1,1990,flujo de detritos,actividad humana,Error humano - Por rebose de un tanque de agua localizada en el sector,0,0,,13.0,Mid,El Colombiano,Cra 70 con Clle 65,Nueva Villa de Iguaná,-75.60407719999999,6.235881,False,False,16,Belén,comuna
3058,1990-10-05,1990,10,1990,deslizamiento,actividad humana,Error humano - Talud muy empinado y tambien a causa de aguas perdidas,0,0,,0.0,Mid,El Colombiano, ,Metropolitano,-75.607739,6.26378,False,False,13,San Javier,comuna
3059,1990-11-05,1990,11,1990,flujo de detritos,lluvia,Lluvias - Lluvia torrencial que ocaciono desbordamiento de,0,0,,0.0,Mid,El Colombiano,,Los Mangos,-75.5436824,6.2516278,False,False,08,Villa Hermosa,comuna
3060,1990-11-02,1990,11,1990,flujo de detritos,lluvia,Lluvias - Desbordamiento quebrada La Picacha,0,0,,0.0,Mid,El Colombiano,Cra 76 con Av. Bolivariana; Av 33,El Nogal - Los Almendros,-75.596802,6.2369701,False,False,16,Belén,comuna
3061,1990-11-02,1990,11,1990,flujo de detritos,lluvia,Lluvias - La quebrada La Hueso se salió de su cauce,0,0,,0.0,Mid,El Colombiano,Parte donde pasa la quebrada la Hueso en el Sector; Cerca Desemb,Suramericana,-75.5844334,6.255345699999999,False,False,11,Laureles-Estadio,comuna
3062,1990-11-05,1990,11,1990,flujo de detritos,lluvia,Lluvias - Lluvia torrencial,0,0,,0.0,Mid,El Colombiano,En el barrio San Antonio en la Calle 53 con Cra 11,San Antonio,-75.5400433,6.2392645,False,False,08,Villa Hermosa,comuna
3063,1990-11-02,1990,11,1990,flujo de detritos,lluvia,Lluvias - Aguas que se salieron de su cauce (qbda la picacha),0,0,,0.0,Mid,El Colombiano,Sector el Cafetero; Clle 34 con Cra 65; Cerca a Desembocadur,Los Conquistadores,-75.581523,6.2423547,False,False,11,Laureles-Estadio,comuna
3070,1990-10-13,1990,10,1990,deslizamiento,sin dato,Desconocida,4,4,,0.0,Mid,Ingeominas,Barrio el Salado,El Salado,-75.628788,6.255095,False,False,60,San Cristóbal,corregimiento
3071,1990-10-30,1990,10,1990,deslizamiento,sin dato,Otra causa,0,0,,0.0,High,Ingeominas,,,-75.565815,6.247638,True,False,,,
3072,1990-11-03,1990,11,1990,deslizamiento,sin dato,Otra causa,0,0,,0.0,High,Ingeominas,117A con 79; 111 con 38 y 108 con 36,,-75.565815,6.247638,True,False,,,
3073,1990-10-28,1990,10,1990,deslizamiento,sin dato,Otra causa - Otra causa,1,1,,948.0,High,Reonad,,,-75.565815,6.247638,True,False,,,
3074,1991-04-28,1991,4,1990,flujo de detritos,lluvia,Lluvias - Aumento de caudal del río Medellín por fuertes aguaceros,0,0,,90.0,Mid,El Colombiano,Riveras del Río Medellín; en barrio Santa Cruz- la Rosa,Santa Cruz,-75.5582376,6.2933582,False,False,02,Santa Cruz,comuna
3076,1991-04-28,1991,4,1990,flujo de detritos,lluvia,Lluvias - Se desbordó la quebrada Guayabala en este sector;club San Remo,0,0,,0.0,Mid,El Colombiano,Av. 80 con la quebrada la Guayabala,Diego Echevarría,-75.59534699999999,6.214989999999999,False,False,16,Belén,comuna
3077,1991-10-31,1991,10,1990,flujo de detritos,lluvia,Lluvias - Desborde de la quebrada Santa Elena ; brotó por las,0,0,,0.0,Mid,El Colombiano,Centro de la Ciudad entre barrios Los Angeles y Bombona Nº1,Bombona Nº1,-75.5635708,6.2446486,False,False,10,La Candelaria,comuna
3078,1991-10-18,1991,10,1990,deslizamiento,actividad humana,Error humano - Aguas perdidas que produjeron inestabilidad de los terrenos,0,0,,0.0,Mid,El Colombiano,San Michel; Calle 11Sur con Cra 29D,El Poblado,-75.565027,6.188374,False,False,14,El Poblado,comuna
3079,1991-12-05,1991,12,1990,deslizamiento,lluvia,Lluvias - Por el invierno y por banqueos mal hechos en la base de un,0,0,,0.0,Mid,El Colombiano,Sector de María Auxiliadora. Clle 124 con Cra 50A,El Playón de Los Comuneros,-75.551817,6.306335,False,False,02,Santa Cruz,comuna
3081,1991-11-16,1991,11,1990,deslizamiento,sin dato,Otra causa - Movimiento lento de asentamiento y hundimiento del terreno,0,0,,0.0,Mid,El Colombiano,Viviendas que Bordean la quebrada el Ahorcado en el Costado*,Manrique Central Nº1,-75.56714,6.26753,False,False,04,Aranjuez,comuna
3082,1991-11-16,1991,11,1990,deslizamiento,actividad humana,Error humano - Por aguas perdidas por rompimineto de tubo de acueducto,0,0,,0.0,Mid,El Colombiano,Barrio Aranjuez Anillo,Aranjuez,-75.559687,6.27695,False,False,04,Aranjuez,comuna
3083,1992-09-23,1992,9,1990,deslizamiento,actividad humana,Error humano - Deforestación de la zona; aguas perdidas en la parte,0,0,,10.0,Mid,Unknown,Carrera 27 X Calle 68A,Versalles Nº1,-75.541697,6.26223,False,False,03,Manrique,comuna
3086,1993-07-04,1993,7,1990,deslizamiento,lluvia,Lluvias - Prolongado aguacero,0,0,,0.0,High,El Colombiano,En la Calle 6-56 de la Calle 51.,,-75.565815,6.247638,True,False,,,
3087,1993-07-16,1993,7,1990,deslizamiento,sin dato,Desconocida,0,0,,0.0,High,El Colombiano,En el Corregimiento de Boquerón; Carretera al Mar,,-75.654991,6.32199,False,False,60,San Cristóbal,corregimiento
3088,1993-09-03,1993,9,1990,flujo de detritos,lluvia,Lluvias - Fuertes aguaceros que hicieron que se saliera de su cauce,0,0,,0.0,High,El Colombiano,Centro Urbanización el Limonar; Zona Sur Occidental,,-75.56581530000001,6.2476376,True,False,,,
3089,1993-07-04,1993,7,1990,deslizamiento,lluvia,Lluvias - Prolongado aguacero,0,0,,0.0,Mid,El Colombiano,Cra 24Bb con Calle 57Aa,El Pinal,-75.546667,6.247845,False,False,08,Villa Hermosa,comuna
3090,1993-07-04,1993,7,1990,flujo de detritos,sin dato,Desconocida,0,0,,0.0,Mid,El Colombiano,Cra 50Aa en el Nº 87-02 de un sector de Aranjuez,Aranjuez,-75.56748,6.28306,False,False,04,Aranjuez,comuna
3091,1993-11-17,1993,11,1990,flujo de detritos,actividad humana,Desconocida - Represamiento de la quebrada La Iguaná,0,0,,0.0,Mid,El Colombiano,Sector de San Cristobal. Cra 64,Nueva Villa de Iguaná,-75.60407719999999,6.235881,False,False,16,Belén,comuna
3093,1993-10-30,1993,10,1990,flujo de detritos,lluvia,Lluvias - Fuerte aguacero,0,0,,0.0,Mid,El Colombiano,Desbordamiento de quebrada la Hueso Cerca a Su Desembocadura,Naranjal,-75.5844334,6.250181299999999,False,False,11,Laureles-Estadio,comuna
3094,1993-11-12,1993,11,1990,flujo de detritos,lluvia,Lluvias - Fuerte aguaceros y ola invernal,0,0,,0.0,Mid,El Colombiano,Desbordamiento de quebrada la Hueso,Naranjal,-75.5844334,6.250181299999999,False,False,11,Laureles-Estadio,comuna
3098,1994-11-04,1994,11,1990,deslizamiento,lluvia,Lluvias - Fuertes lluvias sobre terrenos deforestados e inestables,5,5,,0.0,High,El Colombiano,Vereda Cabañas- Vía que conduce a Heliconia Aprox.3 Km *,,-75.668792,6.193011,False,False,80,San Antonio de Prado,corregimiento
3100,1994-09-08,1994,9,1990,deslizamiento,sin dato,Otra causa,3,3,,0.0,High,Ingeominas,Palacé,,-75.569751,6.244265,False,False,10,La Candelaria,comuna
3102,1994-11-04,1994,11,1990,deslizamiento,sin dato,Otra causa - Otra causa,7,7,,7.0,High,Reonad,,,-75.565815,6.247638,True,False,,,
3108,1995-08-22,1995,8,1990,deslizamiento,sin dato,Otra causa - Otra causa,0,0,,0.0,High,Dnpad,Barrio la Cruz,,-75.537341,6.270955,False,False,03,Manrique,comuna
3109,1995-08-22,1995,8,1990,deslizamiento,sin dato,Otra causa - Otra causa,0,0,,0.0,High,Dnpad,Barrio Popular,,-75.546266,6.304135,False,False,01,Popular,comuna
3110,1995-08-22,1995,8,1990,deslizamiento,sin dato,Otra causa - Otra causa,0,0,,0.0,High,Dnpad,El Triunfo,,-75.586598,6.307416,False,False,06,Doce de Octubre,comuna
3111,1995-08-22,1995,8,1990,deslizamiento,sin dato,Otra causa - Otra causa,0,0,,0.0,High,Dnpad,Barrio Granizal,,-75.546458,6.292262,False,False,01,Popular,comuna
3117,1995-06-07,1995,6,1990,flujo de detritos,lluvia,Lluvias - Lluvias torrenciales,0,0,,0.0,Mid,El Colombiano,En la Residencia Cataluña,La Milagrosa,-75.5524157,6.2338014,False,False,09,Buenos Aires,comuna
3120,1995-06-07,1995,6,1990,deslizamiento,lluvia,Lluvias,0,0,,0.0,High,El Colombiano,Vía a Santa Elena,,-75.520068,6.227247,False,False,90,Santa Elena,corregimiento
3121,1995-06-07,1995,6,1990,deslizamiento,lluvia,Lluvias - Lluvia torrencial,0,0,,0.0,Mid,El Colombiano,Vía que conduce a San Pedro de Los Milagros,Picacho,-75.585161,6.294759,False,False,06,Doce de Octubre,comuna
3122,1995-08-04,1995,8,1990,flujo de detritos,lluvia,Lluvias - Fuerte aguacero,0,0,,0.0,Mid,El Colombiano,Cra 107 con Calle 31A,Las Violetas,-75.61353439999999,6.2303343,False,False,16,Belén,comuna
3123,1995-06-07,1995,6,1990,flujo de detritos,lluvia,Lluvias,0,0,,0.0,Mid,El Colombiano,Desbordamiento de quebrada Chupadero,El Salvador,-75.5604208,6.2359598,False,False,09,Buenos Aires,comuna
3125,1995-06-07,1995,6,1990,flujo de detritos,lluvia,Lluvias - Lluvias torrenciales,0,0,,0.0,Mid,El Colombiano,Edificio Camacol a Orillas del Río Medellín,Suramericana,-75.5844334,6.255345699999999,False,False,11,Laureles-Estadio,comuna
3126,1995-08-05,1995,8,1990,deslizamiento,lluvia,Lluvias - Fuerte aguacero,0,0,,0.0,Mid,El Colombiano,Cra 44 con la 67,Santo Domingo Savio Nº1,-75.554325,6.262996,False,False,03,Manrique,comuna
3127,1995-08-05,1995,8,1990,flujo de detritos,lluvia,Lluvias - Fuerte aguacero,1,1,,0.0,Mid,El Colombiano,Calle 107 con Cra 49A,Santa Cruz,-75.5582376,6.2933582,False,False,02,Santa Cruz,comuna
3128,1995-08-21,1995,8,1990,deslizamiento,lluvia,Lluvias - Ola invernal y por la pendiente tan fuerte,0,0,,0.0,Mid,El Colombiano,Calle 126 con Cra 43A,Santo Domingo Savio Nº1,-75.546913,6.304679,False,False,02,Santa Cruz,comuna
3129,1995-08-21,1995,8,1990,flujo de detritos,lluvia,Lluvias - Fuerte aguacero y debilidad del terreno,0,0,,0.0,High,El Colombiano,Barrio el Jardín. Cra 31Aa con Calle 85B,,-75.56581530000001,6.2476376,True,False,,,
3130,1995-06-07,1995,6,1990,flujo de detritos,lluvia,Lluvias - Crecida de la quebrada sata Elena por lluvia torrencial,0,0,,0.0,Mid,El Colombiano,Orillas de la quebrada Santa Elena,Santa Lucia,-75.60698719999999,6.2579101,False,False,12,La América,comuna
3133,1995-08-20,1995,8,1990,flujo de detritos,lluvia,Lluvias - Desbordamiento quebrada  La Iguaná,0,0,,0.0,Mid,El Colombiano,Viviendas Ubicadas en el Tramo Cra 70 - 80,Nueva Villa de Iguaná,-75.60407719999999,6.235881,False,False,16,Belén,comuna
3134,1995-08-20,1995,8,1990,deslizamiento,lluvia,Lluvias,0,0,,0.0,Mid,El Colombiano, ,Robledo,-75.596822,6.277148,False,False,07,Robledo,comuna
3135,1995-08-20,1995,8,1990,deslizamiento,lluvia,Lluvias - Lluvias torrenciales,0,0,,0.0,Mid,El Colombiano,La Cantera. Calle 126 con Cra 42 Ee,Popular,-75.546048,6.304486,False,False,02,Santa Cruz,comuna
3136,1995-08-20,1995,8,1990,deslizamiento,lluvia,Lluvias - Un alud de tierra cayó sobre el cauce de una pequeña quebrad,0,0,,0.0,Mid,El Colombiano,Cra. 42 con Calle 68,Campo Valdés Nº1,-75.553103,6.263444,False,False,03,Manrique,comuna
3137,1995-05-16,1995,5,1990,flujo de detritos,lluvia,Lluvias - Se creció la quebrada Ana Diaz,0,0,,0.0,Mid,El Colombiano,Calle 45B con Cra 77,Laureles,-75.5887989,6.251593799999999,False,False,11,Laureles-Estadio,comuna
3138,1995-05-16,1995,5,1990,flujo de detritos,lluvia,Lluvias - Se creció la quebrada Ana Diaz,0,0,,0.0,Mid,El Colombiano,Calle 39 con Cra 106,Veinte de Julio,-75.6215362,6.2518578,False,False,13,San Javier,comuna
3139,1995-05-15,1995,5,1990,deslizamiento,lluvia,Lluvias - Fuerte aguacero,1,1,,0.0,Mid,El Colombiano,Calle 59C # 180-15,Llanaditas,-75.542607,6.252865,False,False,08,Villa Hermosa,comuna
3140,1995-05-15,1995,5,1990,deslizamiento,lluvia,Lluvias - Fuerte aguacero,0,0,,0.0,High,El Colombiano,Sector de las Palmas,,-75.55137,6.214854,False,False,90,Santa Elena,corregimiento
3141,1995-05-15,1995,5,1990,deslizamiento,lluvia,Lluvias - Fuerte aguacero,0,0,,0.0,Mid,El Colombiano, ,Santa Cruz,-75.558279,6.293427,False,False,02,Santa Cruz,comuna
3142,1995-06-07,1995,6,1990,flujo de detritos,lluvia,Lluvias - Lluvias torrenciales,0,0,,0.0,Mid,El Colombiano,Barrio Santa Cruz- la Rosa a Orillas del Río Medellín,Santa Cruz,-75.5582376,6.2933582,False,False,02,Santa Cruz,comuna
3143,1995-06-07,1995,6,1990,deslizamiento,lluvia,Lluvias - Lluvias torrenciales que dieron inestabilidad del terreno,0,0,,6.0,High,El Colombiano,Barrio la Toma. Cra 20 - Calle 53,,-75.544199,6.238958,False,False,08,Villa Hermosa,comuna
3146,1995-06-07,1995,6,1990,flujo de detritos,lluvia,Lluvias,0,0,,0.0,Mid,El Colombiano,Autopista Norte; Terminal de Transporte (Deprimido); Feria *,Caribe,-75.5738985,6.2703817,False,False,05,Castilla,comuna
3147,1995-06-07,1995,6,1990,flujo de detritos,lluvia,Lluvias - Se desbordó una quebrada del sector,0,0,,0.0,Mid,El Colombiano,Por Guayabal,La Colina,-75.5938919,6.1968879,False,False,,,
3161,1996-04-14,1996,4,1990,flujo de detritos,sin dato,Desconocida,0,0,,287.0,High,Dnpad,B. Manrique Oriental,,-75.56581530000001,6.2476376,True,False,,,
3171,1996-04-14,1996,4,1990,flujo de detritos,lluvia,Lluvias - Fuerte e intenso aguacero y por la ola invernal,0,0,,260.0,Mid,El Colombiano,Desbordamiento de quebrada la Honda,Manrique Oriental,-75.5487769,6.2640347,False,False,03,Manrique,comuna
3172,1996-05-15,1996,5,1990,flujo de detritos,lluvia,Lluvias - Lluvias torrenciales,0,0,,0.0,Mid,El Colombiano,Barrio Santa Cruz - la Rosa a Orillas del Río Medellín,Santa Cruz,-75.5582376,6.2933582,False,False,02,Santa Cruz,comuna
3173,1996-05-15,1996,5,1990,deslizamiento,lluvia,Lluvias - Lluvia torrencial,0,0,,0.0,Mid,El Colombiano,Calle 48Ee con Cra 99,Juan Xiii - La Quiebra,-75.612312,6.262194,False,False,13,San Javier,comuna
3174,1996-05-16,1996,5,1990,flujo de detritos,lluvia,Lluvias - Lluvias torrenciales que ocacionaron aumento de caudal de,0,0,,0.0,Mid,El Colombiano,Parte Baja de Villa Liliam,Villa Liliam,-75.532765,6.233899699999999,False,False,08,Villa Hermosa,comuna
3175,1996-05-16,1996,5,1990,flujo de detritos,lluvia,Lluvias - Fuerte aguacero y crecida de la quebrada  La Pastora,0,0,,0.0,Mid,El Colombiano,Urbanización Cataluña,Barrios de Jesús,-75.5965957,6.2225499,False,False,16,Belén,comuna
3176,1996-05-27,1996,5,1990,deslizamiento,otro,Desconocida - Socavación de la quebrada la india,0,0,,0.0,Mid,El Colombiano,Urbanización Loyola,Buenos Aires,-75.556054,6.237129,False,False,09,Buenos Aires,comuna
3177,1996-05-25,1996,5,1990,deslizamiento,actividad humana,Error humano - Aguas perdidas (negras) se infiltran a través del suelo,0,0,,0.0,Mid,El Colombiano,Parte alta de San Blas,San José de La Cima Nº1,-75.541903,6.28105,False,False,03,Manrique,comuna
3178,1996-05-16,1996,5,1990,flujo de detritos,lluvia,Lluvias - La quebrada el ahorcado se creció,0,0,,0.0,High,El Colombiano,En Lobaina; Taller de Frenos Palacé,,-75.56581530000001,6.2476376,True,False,,,
3179,1996-05-23,1996,5,1990,deslizamiento,sin dato,Desconocida - Aguas perdidas produjeron agrietamiento y hundimiento,0,0,,0.0,Mid,El Colombiano,Cerca del Hotel Intercontinental. Vía las Palmas,Lalinde,-75.567698,6.212935,False,False,14,El Poblado,comuna
3181,1996-05-16,1996,5,1990,deslizamiento,lluvia,Lluvias - Ola invernal,2,2,,0.0,Mid,El Colombiano,Sector la Torre,Villa Tina,-75.537643,6.231055,False,False,09,Buenos Aires,comuna
3184,1996-06-13,1996,6,1990,deslizamiento,lluvia,Lluvias - Infiltraciones de aguas lluvias que debilitaron el terreno,0,0,,0.0,Mid,El Colombiano,Al Nororienrte de Medellín,San José de La Cima Nº1,-75.541903,6.28105,False,False,03,Manrique,comuna
3186,1996-06-15,1996,6,1990,flujo de detritos,lluvia,Lluvias - Fuerte aguacero que ocasionó desbordamiento de los arroyos,0,0,,0.0,Mid,El Colombiano,Facultad de medicina/veterinaria de la U de a,Cerro El Volador,-75.582522,6.264745,False,False,07,Robledo,comuna
3193,1996-05-11,1996,5,1990,flujo de detritos,lluvia,Lluvias - La quebrada la pola se desbordó por las lluvias torrenciales,0,0,,0.0,Mid,El Colombiano,,Guayabal,-75.5887989,6.210293099999999,False,False,15,Guayabal,comuna
3194,1996-05-13,1996,5,1990,flujo de detritos,lluvia,Lluvias - El río alcanzó hasta 4 y 5 metros sobre el nivel normal,1,1,,0.0,Mid,El Colombiano,Orillas del Río Medellín en barrios Santa Cruz-La Rosa,Santa Cruz,-75.5582376,6.2933582,False,False,02,Santa Cruz,comuna
3197,1996-07-17,1996,7,1990,deslizamiento,sin dato,Desconocida,0,0,,0.0,High,El Colombiano,Kilometro 10 + 500 Mts,,-75.565815,6.247638,True,False,,,
3198,1996-07-02,1996,7,1990,deslizamiento,lluvia,Lluvias - Ola invernal,0,0,,0.0,High,El Colombiano,Barrio San Blas (No Está en la Lista de Barrios). *,,-75.547254,6.277966,False,False,03,Manrique,comuna
3199,1996-07-04,1996,7,1990,deslizamiento,lluvia,Lluvias - Fuertes y prolongados aguaceros,0,0,,0.0,Mid,El Colombiano, ,San José de La Cima Nº1,-75.541903,6.28105,False,False,03,Manrique,comuna
3202,1996-07-08,1996,7,1990,deslizamiento,lluvia,Lluvias - Terreno inestable de alta pendiente que se desprendió con,0,0,,0.0,Mid,El Colombiano,Calle 101C con Cra 84.,Doce de Octubre Nº2,-75.582686,6.301882,False,False,06,Doce de Octubre,comuna
3203,1996-09-04,1996,9,1990,deslizamiento,lluvia,Lluvias - Fuerte ola invernal,0,0,,0.0,Mid,El Colombiano,En las Independencias Iii; en la Cra 113,Las Independencias,-75.627066,6.248064,False,False,13,San Javier,comuna
3204,1996-09-04,1996,9,1990,deslizamiento,lluvia,Lluvias - Fuerte ola invernal,0,0,,0.0,Mid,El Colombiano,Cerca a la Terminal de Buses de Calazans; Ubicado en la *,Calazans,-75.599,6.26094,False,False,12,La América,comuna
3205,1996-10-24,1996,10,1990,flujo de detritos,lluvia,Lluvias - Lluvia torrencial que hizo desbordar la quebrada La Altavista,0,0,,0.0,Mid,El Colombiano,Cra. 119 con Calle 19 (Belén Altavista),Altavista,-75.6106246,6.2225098,False,False,16,Belén,comuna
3206,1996-10-24,1996,10,1990,flujo de detritos,sin dato,Desconocida,0,0,,0.0,High,El Colombiano,Calle 19 con Cra. 9,,-75.56581530000001,6.2476376,True,False,,,
3210,1996-10-03,1996,10,1990,flujo de detritos,lluvia,Lluvias - Se desbordó la quebrada La Hueso cerca a su desembocadura,0,0,,0.0,Mid,El Colombiano,Calle 48C con Cra 65,Suramericana,-75.5844334,6.255345699999999,False,False,11,Laureles-Estadio,comuna
3211,1996-10-13,1996,10,1990,deslizamiento,sin dato,Desconocida - El suelo de la vía se hundió y se agrietó(es más un,0,0,,0.0,Mid,El Colombiano,Vía a las Palmas; Cerca a la Antigua Discoteca Britania,Las Palmas,-75.564787,6.238662,False,False,10,La Candelaria,comuna
3230,1997-06-16,1997,6,1990,flujo de detritos,lluvia,Desconocida - Desbordamiento de la quebrada La María,0,0,,0.0,High,Bomberos de Envigado,Vereda la Verde,,-75.56581530000001,6.2476376,True,False,,,
3239,1997-01-23,1997,1,1990,deslizamiento,sin dato,Desconocida,0,0,,45.0,High,Dnpad,B. Caicedo,,-75.554845,6.242023,False,False,09,Buenos Aires,comuna
3241,1997-02-17,1997,2,1990,flujo de detritos,lluvia,Lluvias - Fuerte aguacero que ocasionó desbordamiento de quebrada  La Honda,0,0,,0.0,High,El Colombiano,Barrio San Blas(No Está en Lista de Barrios).Cl 85 con Cr.42,,-75.56581530000001,6.2476376,True,False,,,
3242,1997-04-24,1997,4,1990,deslizamiento,actividad humana,Otra causa - Por aguas negras que corren bajo sus hogares por una,0,0,,0.0,Mid,El Colombiano,Belén Altavista. Calle 18C con Cra. 88,Altavista,-75.610246,6.222515,False,False,16,Belén,comuna
3243,1997-04-06,1997,4,1990,flujo de detritos,lluvia,Lluvias - Desbordamiento de la quebrada  El Salado por fuertes aguaceros,0,0,,0.0,Mid,El Colombiano,Cra 112 con Calle 34D,Las Independencias,-75.62517319999999,6.2487306,False,False,13,San Javier,comuna
3244,1997-05-16,1997,5,1990,flujo de detritos,lluvia,Lluvias - Se desbordó la quebrada  Doña maría; por fuertes aguaceros,0,0,,60.0,High,El Colombiano,Vereda Santa Rita; a 10 Minutos en Carro de San Antonio,,-75.56581530000001,6.2476376,True,False,,,
3246,1997-02-17,1997,2,1990,deslizamiento,lluvia,Lluvias - Fuerte aguacero,0,0,,0.0,Mid,El Colombiano,Cra. 48 con Calle 102,Santa Cruz,-75.554231,6.292729,False,False,02,Santa Cruz,comuna
3247,1997-02-17,1997,2,1990,flujo de detritos,lluvia,Lluvias - Fuerte aguacero,0,0,,0.0,Mid,El Colombiano,Cra 50B con Calle 83,Campo Valdés Nº1,-75.5556678,6.2752639,False,False,04,Aranjuez,comuna
3248,1997-11-08,1997,11,1990,flujo de detritos,actividad humana,Error humano - Por taponamiento de alcantarillas (falta de mantenimineto y,0,0,,0.0,Mid,El Colombiano,Calle 57D Nº 31-81,Enciso,-75.55168789999999,6.248624,False,False,08,Villa Hermosa,comuna
3249,1997-11-08,1997,11,1990,flujo de detritos,actividad humana,Error humano - Taponamiento de alcantarillas y lluvias aisladas,0,0,,0.0,Mid,El Colombiano,Calle 2 Sur con Cra 55,Cristo Rey,-75.5844334,6.206302,False,False,15,Guayabal,comuna
3250,1997-12-29,1997,12,1990,flujo de detritos,actividad humana,Error humano - Taponamiento de alcantarillas y lluvias aisladas,0,0,,0.0,Mid,El Colombiano,En el barrio Belén Rincón,El Rincón,-75.6048047,6.2068644,False,False,16,Belén,comuna
3255,1998-05-31,1998,5,1990,deslizamiento,sin dato,Desconocida,0,0,,0.0,High,Bomberos de Envigado,Vereda el Salado. Estadero el Kiosco,,-75.675947,6.209746,False,False,80,San Antonio de Prado,corregimiento
3301,1998-06-06,1998,6,1990,deslizamiento,sin dato,Desconocida,0,0,,0.0,High,Cuerpo de Bomberos de Itaguí,Vereda Potrerito,,-75.666647,6.183241,False,False,80,San Antonio de Prado,corregimiento
3308,1998-05-27,1998,5,1990,deslizamiento,lluvia,Lluvias - Fuerte y prolongado aguacero,0,0,,0.0,Mid,El Colombiano,En el sector Loma de Los Balsos;Calle 9Sur Cerca al Colegio*,Las Palmas,-75.569029,6.192057,False,False,14,El Poblado,comuna
3310,1998-05-03,1998,5,1990,deslizamiento,actividad humana,Error humano - Construcción en zona de alto riesgo y lluvias aisladas,0,0,,0.0,High,El Colombiano,Barrio de Invación Vallejuelos; a Orillas de quebrada la Iguana*,,-75.565815,6.247638,True,False,,,
3312,1998-09-05,1998,9,1990,deslizamiento,lluvia,Otra causa - Por infiltración de aguas subterraneas y lluvias aisladas,0,0,,0.0,Mid,El Colombiano,Parte alta del barrio Villa Tina (Cerro de Pan de Azucar),Villa Tina,-75.540093,6.234141,False,False,09,Buenos Aires,comuna
3314,1998-09-06,1998,9,1990,deslizamiento,lluvia,Lluvias - Caída del box coulvert de la quebrada  Moreno ocasionó el,0,0,,0.0,Mid,El Colombiano,Autopista Norte entre Los barrios Tricentenario y Toscana,Toscana,-75.558965,6.306945,False,False,05,Castilla,comuna
3315,1998-09-03,1998,9,1990,deslizamiento,lluvia,Lluvias - Intenso aguacero; además no hay control de las aguas,2,2,,12.0,Mid,El Colombiano,,Bello Horizonte,-75.589527,6.281962,False,False,07,Robledo,comuna
3316,1998-09-02,1998,9,1990,flujo de detritos,lluvia,Lluvias - Desbordamiento de una quebrada del sector y poca capacidad,0,0,,0.0,Mid,El Colombiano,Cra. 52 con Calle 6 Sur (Centro Comercial),La Colina,-75.5938919,6.1968879,False,False,,,
3317,1998-09-02,1998,9,1990,flujo de detritos,lluvia,Lluvias,0,0,,0.0,Mid,El Colombiano,En Isaac Gaviria. Cra. 49 con Calle 107,Andalucía,-75.55168789999999,6.2989878,False,False,02,Santa Cruz,comuna
3318,1998-09-02,1998,9,1990,flujo de detritos,lluvia,Lluvias - Fuerte aguacero,0,0,,0.0,Mid,El Colombiano,,Guayabal,-75.5887989,6.210293099999999,False,False,15,Guayabal,comuna
3319,1998-10-26,1998,10,1990,deslizamiento,lluvia,Desconocida - No se habla de causa aunque en ese mes fue de mucho invierno,2,2,,1.0,Mid,El Colombiano,Barrio de Invación el Pinal. Cra 24 con Calle 56C,El Pinal,-75.543309,6.243368,False,False,08,Villa Hermosa,comuna
3320,1998-10-08,1998,10,1990,deslizamiento,lluvia,Lluvias - Ola invernal y por incapacidad de conducción de drenajes,0,0,,0.0,High,El Colombiano,Sector de Vallejuelos; en la Vía que de Medellín conduce *,,-75.61396,6.275984,False,False,07,Robledo,comuna
3321,1998-10-23,1998,10,1990,deslizamiento,lluvia,Lluvias - Se desprendió tierra del talud,0,0,,0.0,Mid,El Colombiano,Vía Loma del Tesoro entre la Glorieta y Palmas,El Tesoro,-75.555486,6.204034,False,False,14,El Poblado,comuna
3322,1998-10-20,1998,10,1990,flujo de detritos,lluvia,Lluvias - Fuerte aguacero,0,0,,0.0,Mid,El Colombiano,Villa del Socorro. Cra. 103 con Calle 48C,El Socorro,-75.6164442,6.2614015,False,False,13,San Javier,comuna
3323,1998-10-20,1998,10,1990,flujo de detritos,lluvia,Lluvias - Fuerte aguacero,0,0,,0.0,Mid,El Colombiano,Depresión de la Av. Oriental,Villa Nueva,-75.5633316,6.2528213,False,False,10,La Candelaria,comuna
3325,1998-12-28,1998,12,1990,deslizamiento,lluvia,Lluvias - Desprendimiento de roca,1,1,,0.0,Mid,El Colombiano,,Carpinelo,-75.539467,6.291715,False,False,01,Popular,comuna
3330,1998-02-20,1998,2,1990,deslizamiento,actividad humana,Error humano - Antropicas - Naturales,0,0,,0.0,Mid,Unknown,Cra. 89 a Nº 77A - 11,Mirador del Doce,-75.582815,6.302381,False,False,06,Doce de Octubre,comuna
3335,1998-07-08,1998,7,1990,deslizamiento,sin dato,Otra causa - Roca ubicada en posición inadecuada; lavado de matriz,0,0,,0.0,High,Unknown,Calle 18 Nº 102 B - 15,,-75.56581530000001,6.2476376,True,False,,,
3336,1998-11-23,1998,11,1990,flujo de detritos,actividad humana,Error humano - Fuerte invierno;mal mantenimiento de los canales y no civism,2,2,,0.0,High,Tesis Control de Inundaciones En La*,,,-75.56581530000001,6.2476376,True,False,,,
3337,1998-06-30,1998,6,1990,deslizamiento,sin dato,Desconocida,0,0,,0.0,High,Unknown,Calle 18 Nº 107 a - 66,,-75.631446,6.223749,False,False,70,Altavista,corregimiento
3421,1999-12-12,1999,12,1990,deslizamiento,lluvia,Lluvias - Debido al alto invierno de los últimos meses de 1999,0,0,,0.0,High,Corantioquia,Vereda la Cuchilla del Corregimiento de San Cristobal en *,,-75.664861,6.296523,False,False,60,San Cristóbal,corregimiento
3449,1999-05-22,1999,5,1990,deslizamiento,sin dato,Desconocida,0,0,,0.0,High,Cuerpo de Bomberos de Itaguí,Vereda el Salado. Estadero Casa Fernando,,-75.675947,6.209746,False,False,80,San Antonio de Prado,corregimiento
3470,1999-11-01,1999,11,1990,flujo de detritos,lluvia,Lluvias - Levantamiento de techos de viviendas,0,0,,75.0,High,Cuerpo de Bomberos de Itaguí,Barrio Santa Rita,,-75.56581530000001,6.2476376,True,False,,,
3486,1999-07-14,1999,7,1990,deslizamiento,actividad humana,Error humano - Deslizamiento lento; donde las paredes y el piso se rajaron,0,0,,6.0,High,El Colombiano,Vereda la Volcana,,-75.69106,6.33713,False,False,50,San Sebastián de Palmitas,corregimiento
3487,1999-06-10,1999,6,1990,deslizamiento,lluvia,Lluvias - Ola invernal y fuerte aguacero,0,0,,0.0,Mid,El Colombiano, ,Belencito,-75.617083,6.247947,False,False,13,San Javier,comuna
3488,1999-06-10,1999,6,1990,flujo de detritos,lluvia,Lluvias - Ola invernal y fuerte aguacero,0,0,,0.0,Mid,El Colombiano,Carrera 45 con Clle. 42,Colón,-75.56915310000001,6.2426562,False,False,10,La Candelaria,comuna
3489,1999-03-30,1999,3,1990,deslizamiento,lluvia,Lluvias - Ola invernal,1,1,,0.0,Mid,El Colombiano,Al Noroccidente de Med.En el Asentamiento de el Compromiso,El Compromiso,-75.544422,6.284618,False,False,03,Manrique,comuna
3491,1999-03-15,1999,3,1990,deslizamiento,sin dato,Desconocida,0,0,,0.0,High,El Colombiano,Km 6 de la Carretera que Comunica el Corregimiento De*,,-75.565815,6.247638,True,False,,,
3492,1999-06-10,1999,6,1990,deslizamiento,lluvia,Lluvias - Ola invernal y fuerte aguacero,0,0,,0.0,Mid,El Colombiano,En la Calle 35 con la Cra 107,Veinte de Julio,-75.619073,6.249164,False,False,13,San Javier,comuna
3493,1999-06-10,1999,6,1990,deslizamiento,lluvia,Lluvias - Ola invernal y fuerte aguacero,0,0,,0.0,High,El Colombiano,Barrio Vallejuelos; Vía al Mar,,-75.614381,6.276603,False,False,07,Robledo,comuna
3494,1999-06-10,1999,6,1990,flujo de detritos,lluvia,Lluvias - Ola invernal y se desbordó el río Medellín,0,0,,0.0,Mid,El Colombiano,Carrera 52 con la Calle 100,La Rosa,-75.5618762,6.2902308,False,False,04,Aranjuez,comuna
3495,1999-06-10,1999,6,1990,flujo de detritos,lluvia,Lluvias - Desbordamiento de la quebrada  Altavista por fuerte aguacero,0,0,,0.0,Mid,El Colombiano,Calle 30 con la Cra 65 (Entre Los barrios Tenche y Fatima),Tenche,-75.5807954,6.2313632,False,False,15,Guayabal,comuna
3496,1999-02-27,1999,2,1990,deslizamiento,lluvia,Lluvias,0,0,,0.0,Mid,El Colombiano,Belén Zafra,Belén,-75.606296,6.227549,False,False,16,Belén,comuna
3497,1999-02-26,1999,2,1990,deslizamiento,lluvia,Lluvias - Lluvias torrenciales,0,0,,0.0,Mid,El Colombiano, ,La Libertad,-75.542963,6.24067,False,False,08,Villa Hermosa,comuna
3498,1999-03-31,1999,3,1990,deslizamiento,sin dato,Otra causa - Aguas perdidas,0,0,,0.0,High,El Colombiano,Sector de Media Luna. Vía a Santa Elena. en el Km 10+700,,-75.520068,6.227247,False,False,90,Santa Elena,corregimiento
3499,1999-03-26,1999,3,1990,deslizamiento,lluvia,Otra causa - Aguas perdidas y lluvias torrenciales  se dio asentamiento,0,0,,0.0,High,El Colombiano,Vía a Santa Elena. Km 7+700,,-75.520068,6.227247,False,False,90,Santa Elena,corregimiento
3500,1999-06-10,1999,6,1990,flujo de detritos,lluvia,Lluvias - Desbordamiento de quebrada  La Picacha por fuerte aguacero,0,0,,0.0,Mid,El Colombiano,Calle 34 con Cra. 65,Los Conquistadores,-75.581523,6.2423547,False,False,11,Laureles-Estadio,comuna
3503,1999-06-28,1999,6,1990,flujo de detritos,lluvia,Lluvias - Desbordamiento de quebrada El Salado,0,0,,0.0,Mid,El Colombiano,En Villa Café en el sector de Belén; al Lado de la U. de Med,Belén,-75.5914068,6.2315137,False,False,16,Belén,comuna
3504,1999-06-28,1999,6,1990,flujo de detritos,lluvia,Lluvias - Fuerte aguacero y ola invernal,0,0,,0.0,Mid,El Colombiano,Belén Aguas Frías; Escuela San Pablo,Belén,-75.5914068,6.2315137,False,True,16,Belén,comuna
3505,1999-06-28,1999,6,1990,flujo de detritos,lluvia,Lluvias - Se inundó parte de La Cra  70; además de la 65 y la 80 por,0,0,,0.0,Mid,El Colombiano,Carrera 70 con Calle 14. Belén las Playas,Las Playas,-75.59534699999999,6.220151599999999,False,False,16,Belén,comuna
3506,1999-06-28,1999,6,1990,flujo de detritos,lluvia,Lluvias - Desbordamiento de quebrada  Altavista por fuerte aguacero,0,0,,0.0,Mid,El Colombiano,Calle 30 con Cra 65 (Entre barrios Tenche y Fatima),Tenche,-75.5807954,6.2313632,False,False,15,Guayabal,comuna
3508,1999-05-10,1999,5,1990,flujo de detritos,lluvia,Lluvias - Ola invernal y desbordamiento de quebrada  La Montañita y,0,0,,0.0,High,El Colombiano,Barrio Paris (No Aparece en la Lista de Barrios),,-75.56581530000001,6.2476376,True,False,,,
3510,1999-09-24,1999,9,1990,flujo de detritos,lluvia,Desconocida - Desbordamiento de quebrada minitas,0,0,,0.0,Mid,El Colombiano,San Martín de Porres; Cra. 75B entre Clle 98 y 99,Castilla,-75.5727914,6.2911827,False,False,05,Castilla,comuna
3511,1999-09-24,1999,9,1990,deslizamiento,lluvia,Lluvias,1,1,,0.0,Mid,El Colombiano,Manrique parte Alta; Calle 83B con Cra. 25C.,Manrique Central Nº1,-75.540785,6.274409,False,False,03,Manrique,comuna
3512,1999-09-24,1999,9,1990,flujo de detritos,lluvia,Lluvias - Se desbordó la quebrada El Tetero,0,0,,0.0,Mid,El Colombiano,Cra. 86 con Calle 57,Moravia,-75.56697,6.2781026,False,False,04,Aranjuez,comuna
3514,1999-11-01,1999,11,1990,flujo de detritos,lluvia,Lluvias - Fuerte aguacero,0,0,,0.0,Mid,El Colombiano,En el sector del Colegio San Carlos,Belén,-75.5914068,6.2315137,False,False,16,Belén,comuna
3515,1999-11-01,1999,11,1990,deslizamiento,lluvia,Lluvias - Ola invernal y se desplomó una vivienda,0,0,,0.0,Mid,El Colombiano,Belén Zafra.,Belén,-75.606296,6.227549,False,False,16,Belén,comuna
3516,1999-11-01,1999,11,1990,deslizamiento,lluvia,Lluvias - Ola invernal,0,0,,0.0,Mid,El Colombiano,Sector Cañada Negra en el barrio Popular 2,Popular,-75.546266,6.304135,False,False,01,Popular,comuna
3519,1999-11-01,1999,11,1990,flujo de detritos,lluvia,Lluvias - Desbordamiento de quebrada  Altavista por el fuerte aguacero,0,0,,0.0,Mid,El Colombiano,Entre Tenche y Fatima.En el Puente de la Cra. 65 y la Cll 30,Belén,-75.5914068,6.2315137,False,True,16,Belén,comuna
3548,2000-09-04,2000,9,2000,deslizamiento,actividad humana,Error humano - Por aguas perdidas,0,0,,0.0,Mid,Bomberos Medellinº,Calle 48 con Cra. 1 Aa,Ocho de Marzo,-75.529121,6.22943,False,False,09,Buenos Aires,comuna
3634,2000-05-15,2000,5,2000,deslizamiento,lluvia,Lluvias,7,7,,0.0,Mid,Periodico El Colombiano,Sector la Finquita,Enciso,-75.551688,6.248624,False,False,08,Villa Hermosa,comuna
3635,2000-06-14,2000,6,2000,deslizamiento,lluvia,Lluvias,0,0,,0.0,Mid,Periodico El Colombiano,Sector Juan Xxiiii - la Ivisa,La Floresta,-75.612835,6.264622,False,False,13,San Javier,comuna
3790,2002-06-11,2002,6,2000,flujo de detritos,lluvia,Lluvias,0,0,,0.0,High,Periodico El Colombiano,Patio Bonito; el Poblado; Guayabal; Belén,,-75.56581530000001,6.2476376,True,False,,,
3793,2002-12-17,2002,12,2000,flujo de detritos,lluvia,Lluvias,0,0,,0.0,Mid,Periodico El Colombiano,Barrio Santo Domingo Savio,Santo Domingo Savio Nº1,-75.53775159999999,6.2975875,False,False,01,Popular,comuna
3794,2002-12-17,2002,12,2000,flujo de detritos,lluvia,Lluvias,0,0,,0.0,Mid,Periodico El Colombiano,Barrio la Francia,La Francia,-75.5545989,6.300361499999999,False,False,02,Santa Cruz,comuna
3796,2002-12-17,2002,12,2000,flujo de detritos,lluvia,Lluvias - Lluvias acrecentaron quebrada La Maquina,0,0,,0.0,Mid,Periodico El Colombiano,Barrio Campovaldés,Campo Valdés Nº1,-75.5556678,6.2752639,False,False,04,Aranjuez,comuna
3797,2002-12-17,2002,12,2000,deslizamiento,lluvia,Lluvias - Provocaron varios desñizamientos,0,0,,0.0,Mid,Periodico El Colombiano,Barrio Villatina,Villa Tina,-75.540093,6.234141,False,False,09,Buenos Aires,comuna
3798,2002-04-09,2002,4,2000,flujo de detritos,sin dato,Deslizamiento - Inestabilidad del terreno que generó deslizamientos,1,1,,14.0,Mid,Periodico El Mundo,Calle 58C con Carrera 87,Blanquizal,-75.6106246,6.2689886,False,False,60,San Cristóbal,corregimiento
3799,2003-05-27,2003,5,2000,flujo de detritos,sin dato,Deslizamiento - Inestabilidad del terreno y fuertes lluvias deslizamiento,3,3,,0.0,High,Periódico El Mundo,El Salado,,-75.56581530000001,6.2476376,True,False,,,
3800,2003-06-15,2003,6,2000,deslizamiento,sin dato,Desconocida,2,2,,0.0,High,Periódico El Colombiano,Comuna Nororiental; Unión de Cristo,,-75.565815,6.247638,True,False,,,
3801,2003-02-25,2003,2,2000,flujo de detritos,lluvia,Lluvias - Inundacioiones fuertes vientos,0,0,,0.0,High,Periodico El Colombiano,Sur; Occidente y Norte del Valle de Aburra,,-75.56581530000001,6.2476376,True,False,,,
3802,2003-09-25,2003,9,2000,flujo de detritos,lluvia,Lluvias,0,0,,3.0,Mid,Periodico El Colombiano,,Andalucía,-75.55168789999999,6.2989878,False,False,02,Santa Cruz,comuna
3803,2003-10-29,2003,10,2000,deslizamiento,lluvia,Lluvias - Rodaron 15 m,2,2,,0.0,Mid,Periodico El Colombiano,Ladera el Carpinelo,Santo Domingo Savio Nº1,-75.53775159999999,6.2975875,False,False,01,Popular,comuna
3804,2003-10-31,2003,10,2000,deslizamiento,lluvia,Lluvias,3,3,,0.0,Mid,Periodico El Colombiano,El Popular 2 sector Caña Negra,Popular,-75.5465935,6.3033664,False,False,01,Popular,comuna
3805,2003-02-25,2003,2,2000,flujo de detritos,lluvia,Lluvias - Inundacioiones fuertes vientos,0,0,,0.0,High,Periodico El Colombiano,Sur; Occidente y Norte del Valle de Aburra,,-75.56581530000001,6.2476376,True,False,,,
3806,2003-06-16,2003,6,2000,deslizamiento,lluvia,Deslizamiento - Altas lluvias y deslizamiento,2,2,,0.0,Mid,Periódico El Mundo, ,Villa Liliam,-75.532765,6.233949,False,False,08,Villa Hermosa,comuna
3808,2004-09-29,2004,9,2000,flujo de detritos,lluvia,Lluvias,0,0,,0.0,High,Periidico El Colombiano,Castilla,,-75.56581530000001,6.2476376,True,False,,,
3809,2004-04-25,2004,4,2000,deslizamiento,lluvia,Lluvias - Ola invernal,2,2,,0.0,Mid,Periodico El Colombiano,Km 8 Vía las Palmas,Enciso,-75.551688,6.248624,False,False,08,Villa Hermosa,comuna
3810,2004-03-13,2004,3,2000,deslizamiento,lluvia,Lluvias,0,0,,0.0,Mid,Periodico El Colombiano,,Santo Domingo Savio Nº1,-75.545699,6.297495,False,False,01,Popular,comuna
3812,2004-10-04,2004,10,2000,deslizamiento,sin dato,Otra causa,1,1,,0.0,High,Periodico El Colombiano,Barrio 8 Marzo Calle 47 N 1081,,-75.528782,6.228409,False,False,09,Buenos Aires,comuna
3813,2004-10-10,2004,10,2000,deslizamiento,lluvia,Lluvias,0,0,,0.0,High,Periodico El Colombiano,Autopista Medellín Bogota; Cerca al Peaje,,-75.515545,6.327991,False,False,,,
3816,2004-10-19,2004,10,2000,deslizamiento,lluvia,Lluvias,0,0,,0.0,High,Periodico El Colombiano,Barrio Villatina,,-75.5399,6.233544,False,False,09,Buenos Aires,comuna
3817,2004-10-20,2004,10,2000,flujo de detritos,lluvia,Lluvias,1,1,,0.0,High,Periodico El Colombiano,Llanaditas; Sucre; el Pinal y Aures,,-75.56581530000001,6.2476376,True,False,,,
3818,2004-11-09,2004,11,2000,flujo de detritos,lluvia,Lluvias,0,0,,0.0,High,Periodico El Colombiano,Santa Rita; Naranjito; la Verde,,-75.56581530000001,6.2476376,True,False,,,
3822,2004-10-08,2004,10,2000,flujo de detritos,lluvia,Lluvias,0,0,,0.0,High,Periodico El Colombiano,Vereda Nazaret quebrada la Miel,,-75.56581530000001,6.2476376,True,False,,,
3823,2004-11-20,2004,11,2000,flujo de detritos,lluvia,Lluvias,2,2,,0.0,High,Periodico El Colombiano,Belencito San Javier,,-75.56581530000001,6.2476376,True,False,,,
3825,2004-10-04,2004,10,2000,deslizamiento,lluvia,Lluvias - Altas lluvias-deslizamiento,1,1,,0.0,Mid,Periódico El Mundo,Mano de Dios,13 de Noviembre,-75.542966,6.244548,False,False,08,Villa Hermosa,comuna
3827,2004-11-07,2004,11,2000,deslizamiento,lluvia,Lluvias - Lluvias deslizamiento,0,0,,0.0,Mid,Periódico El Mundo,Sector la Torre,Santo Domingo Savio Nº1,-75.540826,6.29821,False,False,01,Popular,comuna
3828,2004-11-12,2004,11,2000,deslizamiento,lluvia,Lluvias - Lluvias y deslizamiento,0,0,,100.0,Mid,Periódico El Mundo,Sector la Torre,Santo Domingo Savio Nº1,-75.540826,6.29821,False,False,01,Popular,comuna
3832,2004-10-05,2004,10,2000,deslizamiento,lluvia,Lluvias - Lluvias y deslizamiento,0,0,,1.0,Mid,Peródico El Mundo,,Olaya Herrera,-75.607751,6.274186,False,False,60,San Cristóbal,corregimiento
3835,2004-10-10,2004,10,2000,deslizamiento,sin dato,Otra causa,0,0,,0.0,High,Unknown,Barrio Aranjuez; Calle 47 Calle 95 Q. la Cañaverala,,-75.554722,6.287023,False,False,04,Aranjuez,comuna
3836,2004-11-04,2004,11,2000,deslizamiento,lluvia,Lluvias,0,0,,0.0,High,Unknown,Barrio Santo Domingo Savio,,-75.545699,6.297495,False,False,01,Popular,comuna
3840,2005-11-21,2005,11,2000,flujo de detritos,lluvia,Lluvias - Fuertes lluvias que generaron inundaciones en el barrio,0,0,,0.0,High,Área Metropolitana,Barrio Conquistadores,,-75.56581530000001,6.2476376,True,False,,,
3842,2005-05-20,2005,5,2000,deslizamiento,lluvia,Lluvias - Lluvias instensa y deslizamiento,1,1,,4.0,Mid,Periódico El Mundo,La Francia,Andalucía,-75.554609,6.30046,False,False,02,Santa Cruz,comuna
3843,2005-10-19,2005,10,2000,deslizamiento,lluvia,Inundación - Lluvias y lodos,0,0,,86.0,Mid,Periódico El Mundo,,Olaya Herrera,-75.607751,6.274186,False,False,60,San Cristóbal,corregimiento
3846,2005-07-20,2005,7,2000,flujo de detritos,lluvia,Inundación - Lluvias intesas y avenida torrencial lodo,2,2,,8.0,Mid,Peródico El Mundo,,Moscú Nº1,-75.54754580015444,6.288902816495357,False,False,01,Popular,comuna
3857,2006-03-24,2006,3,2000,deslizamiento,lluvia,Lluvias - Deslizamientos que afectaron viviendas y la vía a Heliconia,3,3,,0.0,High,El Colombiano,Sectores Palo Blanco; la Variante; la Loma,,-75.661025,6.181164,False,False,80,San Antonio de Prado,corregimiento
3866,2006-06-01,2006,6,2000,flujo de detritos,lluvia,Lluvias - Inundación generada por las fuertes lluvias,0,0,,0.0,High,El Colombiano,Naranjitos; Paloblanco; Calle Siete; la Manguala,,-75.56581530000001,6.2476376,True,False,,,
3867,2006-06-12,2006,6,2000,flujo de detritos,lluvia,Lluvias - Desbordamiento de la quebrada La Minita,0,0,,0.0,Mid,El Mundo,Carrera 70A con Calle 96,Castilla,-75.5727914,6.2911827,False,False,05,Castilla,comuna
3868,2006-06-12,2006,6,2000,flujo de detritos,lluvia,Lluvias - Falta de colectores de aguas lluvias,0,0,,0.0,Mid,El Mundo,,Picachito,-75.5873438,6.301926600000001,False,False,60,San Cristóbal,corregimiento
3875,2006-10-14,2006,10,2000,deslizamiento,lluvia,Lluvias - Movimiento de masa que afectó 3 viviendas,0,0,,0.0,Mid,El Colombiano,,Santo Domingo Savio Nº1,-75.545699,6.297495,False,False,01,Popular,comuna
3876,2006-11-14,2006,11,2000,deslizamiento,lluvia,Lluvias - Movimiento en masa que sepultó una vivienda,5,5,,0.0,Mid,El Colombiano,No Especifica Dirección,El Salado,-75.628788,6.255095,False,False,60,San Cristóbal,corregimiento
3878,2006-11-23,2006,11,2000,flujo de detritos,lluvia,Lluvias - Fuerte aguacero que ocasionó desbordamiento de quebrada  La Hueso,0,0,,0.0,Mid,El Colombiano,Sectores Macarena; Suramericana y Naranjal,Naranjal,-75.5844334,6.250181299999999,False,False,11,Laureles-Estadio,comuna
3879,2006-11-23,2006,11,2000,deslizamiento,lluvia,Lluvias - Deslizamiento que afectó viviendas,0,0,,0.0,High,El Colombiano,Sectores Caracolí y las Margaritas,,-75.61652,6.275103,False,False,07,Robledo,comuna
3882,2006-12-11,2006,12,2000,flujo de detritos,lluvia,Lluvias - Desbordamiento de la quebrada Malpaso que afectó a solingral,0,0,,0.0,Mid,Amva,Cruce de la quebrada Malpaso con la Cr 67,Robledo,-75.596802,6.276998799999999,False,False,07,Robledo,comuna
3883,2006-12-11,2006,12,2000,flujo de detritos,lluvia,Lluvias - Desbordamiento de la quebrada La Quintana que afectó,0,0,,0.0,Mid,El Colombiano,Terminal de Transporte del Norte,Castilla,-75.5727914,6.2911827,False,False,05,Castilla,comuna
3884,2006-12-11,2006,12,2000,flujo de detritos,lluvia,Lluvias - Creciente de quebrada en el barrio granizal que afectó un,1,1,,0.0,Mid,El Colombiano,No Especificado,Granizal,-75.5458657,6.2923651,False,False,01,Popular,comuna
3885,2006-03-23,2006,3,2000,deslizamiento,lluvia,Vendaval,0,0,,0.0,High,Web,Conexion Vial Guillermo Gaviria Correa,,-75.654216,6.297683,False,False,60,San Cristóbal,corregimiento
3887,2007-05-08,2007,5,2000,deslizamiento,lluvia,Lluvias - Deslizamiento de tierra generado por las fuertes lluvias;,0,0,,0.0,Mid,El Colombiano,Cr 47D sector Denominado el Hueco,La Francia,-75.566939,6.247653,False,False,10,La Candelaria,comuna
3893,2007-05-19,2007,5,2000,deslizamiento,lluvia,Lluvias - Deslizamiento que afectó una vivienda y un muro de contencio,0,0,,0.0,High,El Colombiano,Vereda Belén Altavista,,-75.607707,6.227387,False,False,16,Belén,comuna
3896,2007-05-27,2007,5,2000,deslizamiento,lluvia,Lluvias - Movimiento en masa debido a la alta saturación del suelo,0,0,,0.0,High,El Colombiano,Sector la capilla,,-75.494448,6.274592,False,False,90,Santa Elena,corregimiento
3898,2007-05-28,2007,5,2000,flujo de detritos,lluvia,Lluvias - Inundación en vías de acceso al corregimiento; en,0,0,,0.0,High,El Colombiano,Vía de Acceso al Corregimiento,,-75.56581530000001,6.2476376,True,False,,,
3899,2007-05-27,2007,5,2000,deslizamiento,lluvia,Lluvias - Varios movimientos en masa que afectaron la vía de,0,0,,0.0,High,El Colombiano,Vía de Acceso al Corregimiento,,-75.565815,6.247638,True,False,,,
3920,2007-10-14,2007,10,2000,flujo de detritos,lluvia,Vendaval - Fuerte aguacero que azotó la ciudad; principalmente el secto,0,0,,60.0,Mid,El Mundo,Q. la Cascada; Afluente de Q. la Iguaná,Olaya Herrera,-75.6077147,6.274074,False,False,60,San Cristóbal,corregimiento
3921,2007-10-14,2007,10,2000,flujo de detritos,lluvia,Lluvias - La comunidad culpa la reciente canalizacion de la quebrada,0,0,,0.0,Mid,El Colombiano,Q. la Cantera; Calle 92 con la 75A,Kenedy,-75.5844334,6.2915088,False,False,06,Doce de Octubre,comuna
3922,2007-10-18,2007,10,2000,flujo de detritos,lluvia,Vendaval - Intensas lluvias sumado con basuras en la quebrada  la comun,0,0,,0.0,Mid,El Colombiano,Belén Rincon; quebrada el Saladito,Belén,-75.5914068,6.2315137,False,False,16,Belén,comuna
3923,2007-10-27,2007,10,2000,deslizamiento,lluvia,Vendaval - Fuerte aguacero desde las 6 p m hasta la madrugada,2,2,,0.0,Mid,El Colombiano,,La Avanzada,-75.538892,6.295624,False,False,01,Popular,comuna
3924,2007-11-03,2007,11,2000,deslizamiento,lluvia,Lluvias - Movimietno en masa de aporx  25 m3; tipo flujo,0,0,,0.0,Mid,Amva,Cra 28 X Clle 79B,La Cruz,-75.542499,6.270645,False,False,03,Manrique,comuna
3925,2007-11-04,2007,11,2000,flujo de detritos,lluvia,Lluvias - Intensa precipitacion a las 2 pm  generando gran escorrentía,0,0,,79.0,Mid,Amva,Campo Santo Calle 56E X Cra 17,Villa Tina,-75.5400433,6.234102399999999,False,False,09,Buenos Aires,comuna
3926,2007-11-04,2007,11,2000,flujo de detritos,lluvia,Lluvias - Fuerte precipitación generó gran escorrentia,0,0,,127.0,Mid,Amva,Esfuerzos de Paz #2,Las Estancias,-75.5356764,6.233980799999999,False,False,08,Villa Hermosa,comuna
3927,2007-11-04,2007,11,2000,flujo de detritos,lluvia,Lluvias - Avenida torrencial de la qeubrada que obstryó el canal,0,0,,0.0,Mid,Amva,Sector Q. la Gallinaza,Villa Tina,-75.5400433,6.234102399999999,False,True,09,Buenos Aires,comuna
3929,2007-11-04,2007,11,2000,flujo de detritos,lluvia,Lluvias - Inundaciones rápidas con lodo y bloques de roca,0,0,,0.0,Mid,Amva,Calle 56 X Cra 16,Villa Tina,-75.5400433,6.234102399999999,False,True,09,Buenos Aires,comuna
3930,2007-10-08,2007,10,2000,flujo de detritos,sin dato,Otra causa - Inundaciones que ocasionaron pérdidas en mercancias,0,0,,0.0,High,El Colombiano,Central Minorista; Locales de la Cr Bolívar bajo Viaducto*,,-75.56581530000001,6.2476376,True,False,,,
3931,2007-11-23,2007,11,2000,flujo de detritos,lluvia,Lluvias - Desbordamiento de las quebradas La Hueso y La Iguaná,0,0,,0.0,Mid,El Colombiano,Barrios el Estadio; Naranjal y San Javier el Socorro,Estadio,-75.5938919,6.2601283,False,False,11,Laureles-Estadio,comuna
3932,2007-10-23,2007,10,2000,deslizamiento,lluvia,Lluvias - Fuertes lluvias a las 7:30 p m;mal manejo de escorrentia,2,2,,0.0,Mid,El Colombiano,Calle 36C X Carrera 114,Belencito,-75.626644,6.249128,False,False,13,San Javier,comuna
3933,2007-11-04,2007,11,2000,flujo de detritos,lluvia,Lluvias - Inundaciones rápidas con lodo y bloques de roca,0,0,,0.0,Mid,Amva,Sector la Estrechura; Cra 20 X Calle 53,Villa Tina,-75.5400433,6.234102399999999,False,True,09,Buenos Aires,comuna
3934,2007-11-23,2007,11,2000,flujo de detritos,lluvia,Vendaval - Fuerte precipitacion 67 movimiento en masa,0,0,,0.0,Mid,El Colombiano,Q. la Iguaná,El Pesebre,-75.6018947,6.268745399999999,False,False,12,La América,comuna
3935,2008-02-17,2008,2,2000,flujo de detritos,lluvia,Lluvias - Intenso aguaceero entre 3:29 y 4:50 p m,0,0,,0.0,Mid,El Mundo,Deprimido de Bulerias,San Joaquín,-75.585161,6.246974,False,False,11,Laureles-Estadio,comuna
3936,2008-02-17,2008,2,2000,flujo de detritos,lluvia,Lluvias - Intenso aguacero entre las 3:29 y 4:50p m,0,0,,0.0,Mid,El Mundo,Deprimido de San Juan Hacia la Regional,Naranjal,-75.5844334,6.250181299999999,False,False,11,Laureles-Estadio,comuna
3937,2008-02-17,2008,2,2000,flujo de detritos,lluvia,Lluvias - Se inundaron los sotanos de edificios,0,0,,0.0,Mid,El Mundo,Residentes de Algunos Edificos,Laureles,-75.5887989,6.251593799999999,False,False,11,Laureles-Estadio,comuna
3938,2008-02-17,2008,2,2000,flujo de detritos,lluvia,Inundación - Intenso aguacero entre las 3:29 y las 4:4:50 p m,0,0,,0.0,Mid,El Mundo,Deprimido de San Juan con la Avenida del Ferrocarril,Corazón de Jesús,-75.5778849,6.2493536,False,False,10,La Candelaria,comuna
3939,2008-03-14,2008,3,2000,deslizamiento,lluvia,Lluvias - Movimiento en masa ocurrido a las 3:30 a m,0,0,,0.0,Mid,El Colombiano,Carrera 55 X Calle 95,Aranjuez,-75.564459,6.287802,False,False,04,Aranjuez,comuna
3940,2008-03-24,2008,3,2000,deslizamiento,otro,Otra causa - Erosión interna de quebrada pativilca,0,0,,0.0,Mid,El Mundo,Sector Corea; Calle 57 X Cra 33,Boston,-75.552402,6.247062,False,False,08,Villa Hermosa,comuna
3941,2008-04-13,2008,4,2000,deslizamiento,lluvia,Lluvias - Intensas lluvias que generaron flujos de lodos,0,0,,0.0,High,Noticias Hora 13,,,-75.565815,6.247638,True,False,,,
3942,2008-04-14,2008,4,2000,deslizamiento,actividad humana,Error humano - Exacavación en la cosntruccion del centro comercial Santa Fé,0,0,,10.0,Mid,El Colombiano,,El Castillo,-75.572791,6.190502,False,False,14,El Poblado,comuna
3943,2008-02-22,2008,2,2000,deslizamiento,lluvia,Vendaval - Fuertes lluvias que han azotado el valle en los últimos 5 di,0,0,,0.0,High,El Colombiano,Sector Santa Rita; Carrera 13Aa con Calle Primavera,,-75.546662,6.309745,False,False,,,
3944,2008-05-26,2008,5,2000,deslizamiento,lluvia,Lluvias - Intensas lluvias que han azotado la region por frente humedo,0,0,,0.0,Mid,Noticiero Hora 13,Km 13 Vía Medellín-Las Palmas,Las Palmas,-75.557603,6.214616,False,False,14,El Poblado,comuna
3945,2008-05-31,2008,5,2000,deslizamiento,lluvia,Lluvias - Lluvias intensas durante las dos últimas semanas,0,0,,100.0,Mid,Noticias Hora 13, ,El Salado,-75.628788,6.255095,False,False,60,San Cristóbal,corregimiento
3946,2008-05-31,2008,5,2000,deslizamiento,lluvia,Lluvias - Lluvias antecedentes superiores a 150 movimiento en masa,28,27,El Socorro: 27 fallecidos y 16 lesionados según la revista EIA (2008) y otras fuentes; el inventario trae 28.,0.0,Mid,Amva,San Pedro-Las Peñitas; el Socorro- Piedra Lisa,El Socorro,-75.621512,6.262624,False,False,13,San Javier,comuna
3947,2008-06-03,2008,6,2000,deslizamiento,lluvia,Lluvias - Movimietno en masa tipo flujo de lodos,0,0,,40.0,Mid,Hora 13,Belencito Corazon,Belencito,-75.617083,6.247947,False,False,13,San Javier,comuna
3948,2008-05-27,2008,5,2000,deslizamiento,lluvia,Vendaval - Intensas lluvias que golpean el pais por frente humedo,0,0,,25.0,Mid,Noticiero Hora 13,Sector la Cañada,El Salvador,-75.560421,6.23596,False,False,09,Buenos Aires,comuna
3949,2008-06-07,2008,6,2000,deslizamiento,lluvia,Lluvias - Intensas lluvias a las 8 p m,0,0,,0.0,Mid,El Colombiano,Cra 107 X Clle 37; sector la Colina,San Javier Nº1,-75.619585,6.250633,False,False,13,San Javier,comuna
3950,2008-06-07,2008,6,2000,deslizamiento,lluvia,Lluvias - Intensas lluvias en las horas de la noche,0,0,,0.0,Mid,El Colombiano,Doble Calzada las Palmas Km 6+600 el Peñasco,Las Palmas,-75.566,6.22,False,False,09,Buenos Aires,comuna
3952,2008-06-10,2008,6,2000,deslizamiento,lluvia,Lluvias - En horas de la maduragada; intensas lluvias del 9 de junio,0,0,,0.0,Mid,El Colombiano,Calle 111 X Cra 38B,El Salado,-75.622546,6.250752,False,False,13,San Javier,comuna
3953,2008-06-10,2008,6,2000,flujo de detritos,lluvia,Lluvias - Intensas lluvias en horas de la noche del 9 de junio,0,0,,0.0,Mid,El Colombiano,Q. la Hueso; sector de la Autopista,Suramericana,-75.5844334,6.255345699999999,False,False,11,Laureles-Estadio,comuna
3954,2008-06-10,2008,6,2000,flujo de detritos,lluvia,Lluvias - Intensas lluvias del 10 de junio,0,0,,0.0,Mid,El Colombiano,Q. Malpaso. Cra 95 X Clle 79C y Cra 94Aa X Calle 80,Aures Nº1,-75.5960745,6.2918346,False,False,07,Robledo,comuna
3955,2008-06-10,2008,6,2000,flujo de detritos,lluvia,Lluvias - Intensas lluvias en la noche del 10 de junio,0,0,,0.0,Mid,El Colombiano,Calle 81A X Cra 87 Q. la Batea; sector el Diamante,Robledo,-75.596802,6.276998799999999,False,False,07,Robledo,comuna
3956,2008-06-10,2008,6,2000,flujo de detritos,lluvia,Lluvias - Intensas lluvias en la noche del 10 de junio,0,0,,0.0,Mid,El Colombiano,Cra 80 X Clle 80; Q. Pajarito y la Quintana,Pajarito,-75.6106246,6.2896573,False,False,60,San Cristóbal,corregimiento
3957,2008-06-12,2008,6,2000,deslizamiento,lluvia,Lluvias - A las 5 30 a m,0,0,,0.0,Mid,El Mundo,Blanquizal,Blanquizal,-75.610614,6.269186,False,False,60,San Cristóbal,corregimiento
3959,2008-07-17,2008,7,2000,deslizamiento,lluvia,Lluvias - Deslizamiento que sepultó dos viviendas a las 7 a m,4,4,,0.0,Mid,El Colombiano,Sector la Balastrera,Santo Domingo Savio Nº1,-75.542384,6.301785,False,False,01,Popular,comuna
3960,2008-08-25,2008,8,2000,deslizamiento,lluvia,Lluvias - Reactivacion de movimiento del 4 de noviembre de 2007,0,0,,0.0,Mid,El Colombiano,Sector Esfuerzos de Paz,Villa Tina,-75.540093,6.234141,False,False,09,Buenos Aires,comuna
3961,2008-08-24,2008,8,2000,flujo de detritos,lluvia,Lluvias - Lluvias intensas que generaron inundaciones rápidas,0,0,,0.0,Mid,El Colombiano,Sector el Altico,Villa Tina,-75.5400433,6.234102399999999,False,False,09,Buenos Aires,comuna
3962,2008-08-24,2008,8,2000,flujo de detritos,lluvia,Lluvias - Intensas lluvias que generaron inundaciones rápidas,0,0,,0.0,Mid,El Colombiano,Sector Sol de Oriente,Villa Turbay,-75.5298536,6.2351091,False,False,08,Villa Hermosa,comuna
3963,2008-08-26,2008,8,2000,flujo de detritos,lluvia,Lluvias - Intenso aguacero de 30 movimiento en masa en 30 minutos a las 4 p m,0,0,,0.0,Mid,El Colombiano,Margen del Río Medellín,Palermo,-75.564787,6.287728899999999,False,False,04,Aranjuez,comuna
3964,2008-08-26,2008,8,2000,flujo de detritos,lluvia,Lluvias - Intenso aguacero de 30 movimiento en masa en 30 minutos a las 4 p m,0,0,,0.0,Mid,El Colombiano,Calle 56Aa X Cra 10,Villa Tina,-75.5400433,6.234102399999999,False,False,09,Buenos Aires,comuna
3965,2008-08-26,2008,8,2000,flujo de detritos,lluvia,Lluvias - Intensa lluvia de 30 movimiento en masa en 30 minutos a las 4 p m,0,0,,0.0,Mid,El Colombiano,Q. la Presidenta; Clinica Oftalmologica de Medellín,El Poblado,-75.5762572,6.2132868,False,False,14,El Poblado,comuna
3966,2008-08-26,2008,8,2000,flujo de detritos,lluvia,Lluvias - Intensa lluvia de 30 movimiento en masa en 30 minutos a las 4 p m,0,0,,0.0,Mid,El Colombiano,Quebrada no identificada,Loreto,-75.5524157,6.2208975,False,False,90,Santa Elena,corregimiento
3968,2008-08-26,2008,8,2000,deslizamiento,lluvia,Lluvias - Inytensas lluvias de 30 movimiento en masa en 30 minutos a las 4 p m,0,0,,0.0,Mid,El Mundo,Calle 10 X Cra 37,Villa Tina,-75.566657,6.209139,False,False,14,El Poblado,comuna
3970,2008-09-25,2008,9,2000,flujo de detritos,lluvia,Lluvias - Intenso aguacero de 2:30 - 3:10 p m con 34 movimiento en masa,0,0,,0.0,Mid,El Colombiano,Inundaciones Rápidas por Itenso Aguacero,Suramericana,-75.5844334,6.255345699999999,False,False,11,Laureles-Estadio,comuna
3972,2008-10-13,2008,10,2000,deslizamiento,lluvia,Lluvias - Intensas lluvias en la noche,0,0,,0.0,Mid,Hora 13,Sector la Silla,Santo Domingo Savio Nº2,-75.541295,6.300198,False,False,01,Popular,comuna
3973,2008-10-20,2008,10,2000,deslizamiento,lluvia,Lluvias - Movimiento en masa a la 1 a m,0,0,,0.0,Mid,Hora 13,El Pesebre,Robledo,-75.601945,6.268952,False,False,12,La América,comuna
3974,2008-11-16,2008,11,2000,deslizamiento,lluvia,Lluvias - Deslizamiento-Flujo de lodos a la 5:45 a m,12,12,Alto Verde (Cola del Zorro): 12 fallecidos (El Colombiano; Vanguardia).,0.0,Low,Amva,Sector Cola del Zorro; Urb. Alto Verde,Altos del Poblado,-75.550291,6.203645,False,False,90,Santa Elena,corregimiento
3975,2008-11-23,2008,11,2000,flujo de detritos,lluvia,Lluvias - Inundación rápida a las 2:30 p m,4,4,,0.0,High,El Colombiano,Sector el Tambor,,-75.56581530000001,6.2476376,True,False,,,
3978,2009-03-22,2009,3,2000,flujo de detritos,lluvia,Lluvias - Intensas lluvias a las 4 p m,0,0,,0.0,Mid,El Mundo,Desbordamiento de quebrada sin Identificar,La Cruz,-75.5378599,6.2747047,False,False,03,Manrique,comuna
3979,2009-03-22,2009,3,2000,flujo de detritos,actividad humana,Error humano - Intensas lluvias auemtnaron el caudal,2,2,,0.0,High,El Mundo,Q. la Iguana,,-75.56581530000001,6.2476376,True,False,,,
3982,2009-04-01,2009,4,2000,flujo de detritos,lluvia,Lluvias - Intensas lluvias y desbordamiento a las 10:30 p m,0,0,,0.0,Mid,El Colombiano,Q. la Presidenta; Cra 46 Clle 7 -10 Exito el Poblado,Patio Bonito,-75.57570199999999,6.2060607,False,False,14,El Poblado,comuna
3983,2009-04-11,2009,4,2000,flujo de detritos,lluvia,Vendaval,0,0,,20.0,High,El Colombiano,Casco urbano del Corregimiento,,-75.56581530000001,6.2476376,True,False,,,
3984,2009-04-04,2009,4,2000,deslizamiento,lluvia,Lluvias - Por encima del umbral de 150 movimiento en masa en los 15 dias antecedentes,2,2,,80.0,High,Medellín,Vereda el Salado; Finca Villa Mariela,,-75.676165,6.210081,False,False,80,San Antonio de Prado,corregimiento
3992,2009-05-07,2009,5,2000,deslizamiento,lluvia,Lluvias - Movimiento en masa,0,0,,0.0,Mid,El Mundo, ,Villa Tina,-75.540093,6.234141,False,False,09,Buenos Aires,comuna
3996,2009-10-19,2009,10,2000,flujo de detritos,lluvia,Lluvias - Inundación rápida que afectó la zona,0,0,,0.0,Mid,El Mundo,Q. la Hueso; Esatacion la Floresta,La Floresta,-75.59971209999999,6.255125199999999,False,False,12,La América,comuna
3999,2010-06-03,2010,6,2010,deslizamiento,lluvia,Vendaval - Intensas lluvias durante la semana,0,0,,0.0,High,Amva,Km 11+200,,-75.565815,6.247638,True,False,,,
4000,2010-07-04,2010,7,2010,deslizamiento,lluvia,Vendaval - Fue porque ayer a eso de las 5:30 de la tarde una tubería de,0,0,,0.0,Mid,El Colombiano,Carrera 44A con Calle 88 en el sector de Manrique las Esmera,Manrique Oriental,-75.552244,6.280389,False,False,03,Manrique,comuna
4001,2010-11-02,2010,11,2010,deslizamiento,lluvia,Vendaval - Intensas lluvias e intervención antrópica,1,1,,0.0,Mid,El Colombiano,Calle 39 con al Carrera 115B; barrio el Salado,El Salado,-75.627106,6.255288,False,False,13,San Javier,comuna
4002,2010-11-08,2010,11,2010,flujo de detritos,lluvia,Vendaval - Creciente a las 6:30 p m,0,0,,0.0,Mid,El Colombiano,Quebrada la Presidenta; Cola del Zorro; Edificios Entrearroy,El Poblado,-75.5762572,6.2132868,False,False,14,El Poblado,comuna
4003,2010-11-08,2010,11,2010,deslizamiento,lluvia,Vendaval - Las aguas generaron el represamiento de varias quebradas del,0,0,,0.0,Mid,El Colombiano,Kilómetro 8; Cerca a la Colegiatura.,El Poblado,-75.545841,6.208899,False,False,90,Santa Elena,corregimiento
4005,2010-11-12,2010,11,2010,deslizamiento,lluvia,Vendaval,1,1,,0.0,Mid,El Colombiano,Carrera 15A con la Calle 56A,Villa Tina,-75.539006,6.23811,False,False,08,Villa Hermosa,comuna
4006,2010-11-13,2010,11,2010,deslizamiento,lluvia,Vendaval,1,1,,0.0,Mid,El Colombiano,Carrera 15A con la Calle 56A,Villa Tina,-75.539006,6.23811,False,False,08,Villa Hermosa,comuna
4007,2010-11-12,2010,11,2010,deslizamiento,lluvia,Vendaval,0,0,,0.0,Mid,El Colombiano,Calle 53 con la Carrera 15,Villa Tina,-75.539609,6.235995,False,False,08,Villa Hermosa,comuna
4008,2010-11-13,2010,11,2010,deslizamiento,lluvia,Vendaval,3,3,,0.0,Mid,El Colombiano, ,La Sierra,-75.52694,6.235041,False,False,08,Villa Hermosa,comuna
4010,2010-11-03,2010,11,2010,deslizamiento,lluvia,Vendaval - La gran cantidad de lluvias,0,0,,60.0,High,Periodico El Colombiano; 13 de Noviembre,Vereda el Patio,,-75.662807,6.282596,False,False,60,San Cristóbal,corregimiento
4012,2010-12-02,2010,12,2010,deslizamiento,lluvia,Vendaval - La crítica situación de la vía se debe a la saturación de ag,0,0,,0.0,High,El Colombiano - El Mundo,Kilómetro 7 + 300 Vía las Palmas; entre Chuscalito y el Acce,,-75.560389,6.22134,False,False,09,Buenos Aires,comuna
4016,2011-02-10,2011,2,2010,deslizamiento,lluvia,Vendaval - Intensas lluvias de 30 movimiento en masa a las 4:00 p m,0,0,,0.0,Mid,El Colombiano,,Olaya Herrera,-75.607751,6.274186,False,False,60,San Cristóbal,corregimiento
4017,2010-11-30,2010,11,2010,flujo de detritos,lluvia,Vendaval - Intens aguacero que azotó la ciudad,0,0,,0.0,Mid,El Colombiano,Carrera 7; sectores 3 y 5,La Sierra,-75.5269421,6.2350279,False,False,08,Villa Hermosa,comuna
4021,2011-04-10,2011,4,2010,deslizamiento,lluvia,Vendaval,4,4,,0.0,Mid,Diario El Mundo, ,La Sierra,-75.52694,6.235041,False,False,08,Villa Hermosa,comuna
4024,2009-11-16,2009,11,2000,flujo de detritos,lluvia,Lluvias - Desbordamiento rápido de la quebrada a las 4 p m,1,1,,0.0,Mid,El Colombiano,Q. la Hueso,El Velódromo,-75.59534699999999,6.2537127,False,False,11,Laureles-Estadio,comuna
4026,2009-11-24,2009,11,2000,deslizamiento,actividad humana,Desconocida - Por una fuga de origen desconocido,0,0,,0.0,Mid,El Colombiano,Calle 93Ee con la Carrera 55C; parte Baja del barrio Palermo,Palermo,-75.564054,6.28552,False,False,04,Aranjuez,comuna
4041,2014-07-14,2014,7,2010,deslizamiento,sin dato,Desconocida,0,0,,95.0,High,Dagrd - Medellín,Barrio Olaya al Occidente de Medellín. sector donde Se Const,,-75.612126,6.272912,False,False,07,Robledo,comuna
4042,2014-09-17,2014,9,2010,deslizamiento,lluvia,Desbordamiento - Debido a las lluvias presentadas en el sector se presentaron,0,0,,0.0,High,Dagrd,Vía las Palmas Kilómetro 7,,-75.560389,6.22134,False,False,09,Buenos Aires,comuna
4043,2015-04-09,2015,4,2010,deslizamiento,actividad humana,Deslizamiento - Un deslizamiento de tierra que se produjo en la noche del mi,0,0,,0.0,Mid,El Colombiano,"Calle 107 con Carrera 49B, en la Comuna 2 (Santa Cruz).",La Francia,-75.554378,6.297855,False,False,02,Santa Cruz,comuna
4048,2013-05-21,2013,5,2010,deslizamiento,lluvia,"Lluvias - Ladera inestable saturada con agua por las intensas lluvias,",0,0,,0.0,Mid,El Colombiano,Sector Villa Sofía,Robledo,-75.588386,6.293182,False,False,07,Robledo,comuna
4050,2014-04-23,2014,4,2010,deslizamiento,lluvia,Lluvias - La saturación de agua por lluvia produjo el movimiento en ma,0,0,,0.0,Low,El Colombiano, ,Juan Xiii - La Quiebra,-75.61179,6.264367,False,False,SN01,,comuna
4056,2013-03-18,2013,3,2010,flujo de detritos,lluvia,La niña - Aguacero torrencial causo creciente que provocó deslizamient,0,0,,0.0,Low,El Mundo,Carrera 51 con Calle 95,Aranjuez,-75.56087,6.287307,False,False,04,Aranjuez,comuna
4057,2010-11-08,2010,11,2010,flujo de detritos,lluvia,La niña - Lluvias torrenciales en la zona durante ola invernal corresp,0,0,,0.0,Mid,El Colombiano,Quebrada la Presidenta,El Poblado,-75.5762572,6.2132868,False,True,14,El Poblado,comuna
4060,2012-03-18,2012,3,2010,flujo de detritos,lluvia,La niña - Lluvias torrenciales dentro del fenómeno citado,0,0,,0.0,Low,El Mundo,Carrera 51 con Calle 95,Aranjuez,-75.56087,6.287307,False,False,04,Aranjuez,comuna
4061,2014-12-09,2014,12,2010,deslizamiento,lluvia,Lluvias - Exceso de lluvias en terrenos no aptos para construir vivien,0,0,,0.0,Mid,El Mundo,Barrio la Cruz,La Cruz,-75.537834,6.274828,False,False,03,Manrique,comuna
4063,2013-09-06,2013,9,2010,deslizamiento,lluvia,Lluvias - Lluvias torrenciales al inicio de la temporad ainvernal,0,0,,0.0,Mid,El Mundo,Barrio la Cruz,La Cruz,-75.537834,6.274828,False,False,03,Manrique,comuna
4064,2013-05-21,2013,5,2010,deslizamiento,actividad humana,Error humano - Construcción antitécnica desestabiliza talud y las fuertes l,0,0,,0.0,Mid,El Mundo,Sector Villa Sofía,Robledo,-75.588386,6.293182,False,True,07,Robledo,comuna
4067,2016-09-23,2016,9,2010,deslizamiento,actividad humana,Error humano - Una escobrera sin permisos genera movimiento en masa,0,0,,0.0,High,Q'Hubo,Vereda Manzanillo del Corregimiento de Altavista,,-75.613629,6.206657,False,False,70,Altavista,corregimiento
4076,2016-09-22,2016,9,2010,deslizamiento,lluvia,Lluvias - Escombrera ilegal,0,0,,0.0,High,El Colombiano,Calle 2B con Carrera 81B,,-75.607581,6.210163,False,False,70,Altavista,corregimiento
4077,2016-10-16,2016,10,2010,deslizamiento,lluvia,Lluvias,0,0,,0.0,Mid,El Colombiano,Sector de Invasión de Esfuerzos de Paz 1,Villa Liliam,-75.532765,6.233949,False,False,08,Villa Hermosa,comuna
4079,2016-11-05,2016,11,2010,flujo de detritos,lluvia,Lluvias - Reducción de sección por basuras,0,0,,0.0,Mid,Telemedellín,"Sector Buenavista, quebrada la Gallinaza",Villa Tina,-75.5400433,6.234102399999999,False,False,09,Buenos Aires,comuna
4080,2016-11-05,2016,11,2010,flujo de detritos,lluvia,Lluvias - Reduccion de seccion por basuras,0,0,,0.0,Mid,Telemedellín,"Quebrada el Indio, sector Los Pomos",Buenos Aires,-75.5560544,6.237128999999999,False,False,09,Buenos Aires,comuna
4090,2016-11-05,2016,11,2010,flujo de detritos,lluvia,Lluvias - Intensas lluvias,0,0,,0.0,High,Telemedellín,Centro de Medellín,,-75.56581530000001,6.2476376,True,False,,,
4095,2016-12-10,2016,12,2010,deslizamiento,lluvia,Lluvias - Filtraciones de agua y yacimientos no encauzados adecuadamen,0,0,,0.0,High,El Colombiano,"Afectó a la Urbanización Serranías, la Vereda Santa Rita Par",,-75.651786,6.187192,False,False,80,San Antonio de Prado,corregimiento
4097,2016-12-11,2016,12,2010,deslizamiento,lluvia,Deslizamiento - Aguas subterráneas y los fuertes aguaceros de los últimos d,0,0,,0.0,High,Q'Hubo,Sector de la Serrania y Versalles,,-75.54398,6.267824,False,False,03,Manrique,comuna
4111,2017-02-15,2017,2,2010,flujo de detritos,actividad humana,Cortocircuito - Una fuga de gas y un corto circuito,0,0,,0.0,Mid,El Colombiano,,Alejandro Echavarría,-75.5502324,6.2408389,False,False,09,Buenos Aires,comuna
4112,2017-02-08,2017,2,2010,deslizamiento,sin dato,Desconocida - La fiscalía determinará la responsabilidad de lo sucedido,1,1,,0.0,Mid,Telemedellín, ,El Pesebre,-75.601902,6.268909,False,False,12,La América,comuna
4114,2017-03-01,2017,3,2010,flujo de detritos,lluvia,Lluvias - Fuertes lluvias,0,0,,0.0,High,El Colombiano,Sector de la Visitación a la altura del Puente de la 33,,-75.56581530000001,6.2476376,True,False,,,
4115,2017-03-01,2017,3,2010,flujo de detritos,lluvia,Lluvias - Un fuerte aguacero con granizada se presenta en Medellín,0,0,,0.0,High,El Colombiano,En la Glorieta de Monterrey (Calle 10 con Avenida las Vegas),,-75.56581530000001,6.2476376,True,False,,,
4117,2017-04-01,2017,4,2010,deslizamiento,lluvia,Lluvias - Parece que hay algunos flujos de agua en el sector que puede,0,0,,0.0,Mid,El Mundo,"Vía Sancho Paisa – Sajonia, Kilómetro 6+300, la Emergencia",Las Palmas,-75.566,6.22,False,False,09,Buenos Aires,comuna
4118,2017-04-01,2017,4,2010,deslizamiento,lluvia,Lluvias,1,1,,0.0,High,El Colombiano,Vereda las Playas Sur de Medellín,,-75.659414,6.191309,False,False,80,San Antonio de Prado,corregimiento
4119,2017-04-02,2017,4,2010,deslizamiento,lluvia,Lluvias,1,1,,3000.0,High,Telemedellín,Vereda el Salado,,-75.676165,6.210081,False,False,80,San Antonio de Prado,corregimiento
4120,2017-04-11,2017,4,2010,flujo de detritos,actividad humana,Otra causa - Debido al daño de uno de los tubos madres de epm,0,0,,0.0,High,El Colombiano,El Daño Se Registró a la altura de la Autopista Tomando la C,,-75.56581530000001,6.2476376,True,False,,,
4121,2017-04-08,2017,4,2010,flujo de detritos,lluvia,Lluvias - Lluvias,0,0,,0.0,Mid,El Colombiano,Desbordamiento de la quebrada la Hueso,La Floresta,-75.59971209999999,6.255125199999999,False,False,12,La América,comuna
4122,2017-04-08,2017,4,2010,flujo de detritos,lluvia,La niña - Fuertes lluvias,0,0,,0.0,Mid,El Colombiano,La Pichacha en Belén y Conquistadores,Belén,-75.5914068,6.2315137,False,False,16,Belén,comuna
4123,2017-04-08,2017,4,2010,flujo de detritos,lluvia,La niña - Fuertes lluvias,0,0,,0.0,High,El Colombiano,Quebrada Doña María,,-75.56581530000001,6.2476376,True,False,,,
4124,2017-04-08,2017,4,2010,deslizamiento,lluvia,Lluvias,0,0,,0.0,High,El Colombiano,En el sector del 8 de Marzo,,-75.528152,6.229304,False,False,90,Santa Elena,corregimiento
4125,2017-04-08,2017,4,2010,flujo de detritos,lluvia,La niña - Fuerte aguacero presentado horas anteriores,0,0,,0.0,High,El Colombiano,"En Los Puentes de la 33, la Aguacatala y en la Vía Santa Rit",,-75.56581530000001,6.2476376,True,False,,,
4126,2017-04-26,2017,4,2010,flujo de detritos,lluvia,Lluvias - Lluvias de la madrugada afectaron la fuente de la quebrada do,0,0,,0.0,High,Telemedellín,"De la Calle 64 Sur a la Calle 48 Sur, entre las Carreras 54E",,-75.56581530000001,6.2476376,True,False,,,
4127,2017-05-01,2017,5,2010,deslizamiento,actividad humana,"Error humano - El deslizamiento no fue producido por lluvia, sino por acció",1,1,,0.0,High,El Colombiano,En la Vereda Manzanillo del Corregimiento de Altavista,,-75.613629,6.206657,False,False,70,Altavista,corregimiento
4128,2017-08-05,2017,8,2010,deslizamiento,lluvia,Lluvias - Fuerte aguacero,0,0,,0.0,High,Teleantioquia Noticias,Barrio la Palma,,-75.602313,6.229139,False,False,16,Belén,comuna
4131,2017-05-30,2017,5,2010,deslizamiento,lluvia,Lluvias,0,0,,0.0,High,Telemedellín,Barrio 20 de Julio en la Comuna 13,,-75.620345,6.251835,False,False,13,San Javier,comuna
4132,2017-06-12,2017,6,2010,deslizamiento,lluvia,Lluvias,0,0,,0.0,Mid,Telemedellín,"Carrera 21 D # 84Aa - 181, sector conocido como la Palomera",Versalles Nº2,-75.536217,6.279181,False,False,90,Santa Elena,corregimiento
4133,2017-06-12,2017,6,2010,deslizamiento,lluvia,Lluvias,0,0,,0.0,Mid,Telemedellín,"Carrera 21 D # 84Aa - 181, sector conocido como la Palomera",Versalles Nº2,-75.536217,6.279181,False,True,90,Santa Elena,corregimiento
4134,2017-06-12,2017,6,2010,deslizamiento,lluvia,Lluvias,0,0,,0.0,Mid,Telemedellín,"Carrera 21 D # 84Aa - 181, sector conocido como la Palomera",Versalles Nº2,-75.536217,6.279181,False,True,90,Santa Elena,corregimiento
4135,2017-06-12,2017,6,2010,deslizamiento,lluvia,Lluvias,0,0,,0.0,Mid,Telemedellín,"Carrera 21 D # 84Aa - 181, sector conocido como la Palomera",Versalles Nº2,-75.536217,6.279181,False,True,90,Santa Elena,corregimiento
4136,2017-06-12,2017,6,2010,deslizamiento,lluvia,Lluvias,0,0,,0.0,Mid,Telemedellín,"Carrera 21 D # 84Aa - 181, sector conocido como la Palomera",Versalles Nº2,-75.536217,6.279181,False,True,90,Santa Elena,corregimiento
4137,2017-06-12,2017,6,2010,deslizamiento,lluvia,Lluvias,0,0,,0.0,Mid,Telemedellín,"Carrera 21 D # 84Aa - 181, sector conocido como la Palomera",Versalles Nº2,-75.536217,6.279181,False,True,90,Santa Elena,corregimiento
4138,2017-06-12,2017,6,2010,deslizamiento,lluvia,Lluvias,0,0,,0.0,Mid,El Colombiano,"Carrera 21 D # 84Aa - 181, sector conocido como la Palomera",Versalles Nº2,-75.536217,6.279181,False,True,90,Santa Elena,corregimiento
4139,2017-06-23,2017,6,2010,deslizamiento,lluvia,Lluvias,0,0,,0.0,High,El Colombiano,"Vía Hacia Santa Elena Kilómetro 7+420, Cerca de la Instituci",,-75.533124,6.228952,False,False,09,Buenos Aires,comuna
4141,2017-06-26,2017,6,2010,deslizamiento,lluvia,Lluvias,0,0,,0.0,Mid,El Colombiano,Carrera 23C #75C-98,La Cruz,-75.534905,6.269242,False,False,03,Manrique,comuna
4143,2017-09-19,2017,9,2010,flujo de detritos,lluvia,Lluvias,0,0,,0.0,High,El Colombiano ; El Mundo,"Laureles, el Poblado, Belén y el Centro de la Ciudad.",,-75.56581530000001,6.2476376,True,False,,,
4144,2017-10-03,2017,10,2010,flujo de detritos,lluvia,Lluvias,0,0,,0.0,Mid,El Colombiano,,Villa Tina,-75.5400433,6.234102399999999,False,False,09,Buenos Aires,comuna
4145,2017-10-03,2017,10,2010,deslizamiento,lluvia,Lluvias,0,0,,0.0,Mid,El Colombiano, ,Villa Tina,-75.540093,6.234141,False,True,09,Buenos Aires,comuna
4146,2017-10-02,2017,10,2010,deslizamiento,lluvia,Lluvias,0,0,,0.0,High,Minuto 30,Trayecto que conduce al Cerro Nutibara,,-75.56581530000001,6.2476376,True,False,,,
4147,2017-10-27,2017,10,2010,flujo de detritos,lluvia,Lluvias,0,0,,0.0,High,Minuto 30,Y área Metropolitana,,-75.56581530000001,6.2476376,True,False,,,
4150,2017-12-02,2017,12,2010,flujo de detritos,lluvia,Lluvias,0,0,,0.0,High,"Telemedellín, Minuto 30",,,-75.56581530000001,6.2476376,True,False,,,
4151,2017-12-13,2017,12,2010,deslizamiento,lluvia,Lluvias,0,0,,0.0,Mid,"El Colombiano, El Mundo, El Tiempo, Telemedellin, Teleantioquia","Carrera 32 con Calle 84C,Las Granjas de Manrique",Las Granjas,-75.544866,6.275862,False,False,03,Manrique,comuna
4152,2017-12-09,2017,12,2010,flujo de detritos,lluvia,Lluvias,0,0,,0.0,High,"El Colombiano, Teleantioquia","Barrio Castropol de el Poblado, Glorieta de Monterrey, Aven",,-75.56581530000001,6.2476376,True,False,,,
4153,2017-12-29,2017,12,2010,deslizamiento,lluvia,"Otra causa - Ocurrió por una saturación del terreno, no está asociado a l",0,0,,0.0,Mid,"El Mundo, El Colombiano, Telemedellin, Teleantioquia","Carrera 26C con la Calle 100, en la Comuna 1 (El Popular).",Carpinelo,-75.540308,6.289574,False,False,01,Popular,comuna
4154,2017-12-31,2017,12,2010,deslizamiento,lluvia,Otra causa - Al parecer no se debe a lluvias sino a la mala ubicación de,0,0,,0.0,High,"El Mundo, Caracol Radio, El Colombiano, Blu Radio, Caracoltv, El Tiempo, Telemedellin, Teleantioquia","Km 36+700 sector la Aldea (200 Metros Antes del Sector) , Au",,-75.703213,6.341126,False,False,50,San Sebastián de Palmitas,corregimiento
4155,2018-01-09,2018,1,2010,flujo de detritos,lluvia,Lluvias - Fuertes lluvias que cayeron durante la noche y parte de la m,0,0,,0.0,High,"El Colombiano, Telemedellin, Teleantioquia",En la Carrera 63 con Calle 111 -Vía la Paralela- y en el Dep,,-75.56581530000001,6.2476376,True,False,,,
4156,2018-01-09,2018,1,2010,flujo de detritos,lluvia,Lluvias,0,0,,0.0,High,Telemedellín,"Deprimidos de la Feria de Ganado, Villanueva y el sector de",,-75.56581530000001,6.2476376,True,False,,,
4157,2018-01-04,2018,1,2010,deslizamiento,sin dato,Desconocida,0,0,,0.0,Mid,"Telemedellin, Teleantioquia","Manrique Jardín, Comuna 3",Manrique Central Nº1,-75.56714,6.26753,False,False,04,Aranjuez,comuna
4158,2018-01-09,2018,1,2010,flujo de detritos,lluvia,Lluvias,0,0,,0.0,High,"Teleantioquia, Telemedellín","Sector San Francisco, Belén Aguas Frías",,-75.56581530000001,6.2476376,True,False,,,
4159,2018-01-10,2018,1,2010,deslizamiento,lluvia,Lluvias,0,0,,0.0,Mid,Teleantioquia,,Santander,-75.574974,6.307394,False,False,06,Doce de Octubre,comuna
4161,2018-04-11,2018,4,2010,deslizamiento,lluvia,Lluvias,0,0,,0.0,High,"Telemedellin, Teleantioquia, El Colombiano, El Tiempo","Vereda la Frisola, Filo de las Trecitas, Vía de Acceso al Po",,-75.688246,6.295022,False,False,50,San Sebastián de Palmitas,corregimiento
4162,2018-03-26,2018,3,2010,flujo de detritos,lluvia,Lluvias,1,1,,0.0,Mid,"Telemedellin, El Tiempo, El Colombiano",Barrio Aures,Robledo,-75.596802,6.276998799999999,False,False,07,Robledo,comuna
4163,2018-03-26,2018,3,2010,deslizamiento,lluvia,Lluvias - Más de 3 horas de aguacero,0,0,,0.0,High,Telemedellín,"Belencito Corazón, sector de las Independencias",,-75.617175,6.248444,False,False,13,San Javier,comuna
4164,2018-03-26,2018,3,2010,flujo de detritos,lluvia,Lluvias,0,0,,0.0,Mid,Telemedellín,,Santander,-75.5749743,6.3073944,False,False,06,Doce de Octubre,comuna
4170,2018-03-26,2018,3,2010,flujo de detritos,lluvia,Lluvias,0,0,,0.0,Mid,Teleantioquia,Hospital 12 de Octubre,Doce de Octubre Nº2,-75.5785588,6.3018313,False,False,06,Doce de Octubre,comuna
4175,2018-04-28,2018,4,2010,deslizamiento,lluvia,Lluvias,0,0,,0.0,High,"El Colombiano, Caracol Radio, El Tiempo, Teleantioquia","Vía Medellín-Santa Fe de Antioquia Kilómetro 34+200, sector",,-75.703213,6.341126,False,False,50,San Sebastián de Palmitas,corregimiento
4177,2018-04-30,2018,4,2010,deslizamiento,sin dato,Desconocida,0,0,,0.0,Mid,"El Colombiano, Telemedellín",Cerca a la Glorieta de Sajonia (Kilómetro 1+370),Las Palmas,-75.566,6.22,False,False,09,Buenos Aires,comuna
4178,2018-05-07,2018,5,2010,deslizamiento,lluvia,Lluvias,0,0,,0.0,Mid,Telemedellín, ,Moravia,-75.566958,6.278219,False,False,04,Aranjuez,comuna
4180,2018-05-03,2018,5,2010,flujo de detritos,lluvia,Lluvias,0,0,,0.0,High,Caracol Radio,Zona Céntrica y el Sur,,-75.56581530000001,6.2476376,True,False,,,
4181,2018-05-03,2018,5,2010,flujo de detritos,lluvia,Lluvias,0,0,,0.0,High,Caracol Radio,,,-75.56581530000001,6.2476376,True,False,,,
4182,2018-05-10,2018,5,2010,deslizamiento,lluvia,Lluvias,0,0,,0.0,High,"Teleantioquia, El Colombiano",Km 10+900,,-75.565815,6.247638,True,False,,,
4184,2018-05-10,2018,5,2010,deslizamiento,sin dato,Desconocida,0,0,,0.0,Mid,El Colombiano,Sector el Faro. Calle 59C con Carrera 16D,Llanaditas,-75.537908,6.254521,False,False,90,Santa Elena,corregimiento
4185,2018-05-16,2018,5,2010,deslizamiento,lluvia,Lluvias - Iniciadas hacia las 3 pm,0,0,,0.0,Mid,Telemedellín,,Villa Hermosa,-75.548481,6.255609,False,False,08,Villa Hermosa,comuna
4186,2018-05-15,2018,5,2010,flujo de detritos,lluvia,Lluvias,0,0,,0.0,Mid,Telemedellín,"La Presidenta, la Zúñiga, la Aguacatala Fueron las Quebradas",El Poblado,-75.5762572,6.2132868,False,False,14,El Poblado,comuna
4188,2018-05-21,2018,5,2010,deslizamiento,lluvia,Lluvias,0,0,,0.0,High,El Colombiano,Vía Medellín - Santa Fe de Antioquia sobre el sector del Tún,,-75.688735,6.324685,False,False,50,San Sebastián de Palmitas,corregimiento
4189,2018-06-09,2018,6,2010,deslizamiento,lluvia,Lluvias,0,0,,0.0,Mid,El Colombiano,"Carrera 44 con la Calle 94, Jurisdicción del barrio Berlín.",Berlín,-75.55119,6.285653,False,False,01,Popular,comuna
4190,2018-06-02,2018,6,2010,deslizamiento,lluvia,Lluvias,0,0,,0.0,Mid,El Colombiano,"La Vía Armenia Mantequilla–Medellín-, en Patio Bonito, Km 19",Patio Bonito,-75.575702,6.206061,False,False,14,El Poblado,comuna
4191,2018-05-21,2018,5,2010,deslizamiento,lluvia,Lluvias,0,0,,0.0,High,El Colombiano,Vía Santa Fe Antioquia - Medellín sobre el Kilómetro 33+600,,-75.703213,6.341126,False,False,50,San Sebastián de Palmitas,corregimiento
4192,2018-06-02,2018,6,2010,deslizamiento,lluvia,Lluvias,0,0,,0.0,High,El Colombiano,"Carretera Medellín-Yolombó, en el sector la Portada",,-75.565815,6.247638,True,False,,,
4193,2018-06-03,2018,6,2010,deslizamiento,lluvia,Lluvias,0,0,,0.0,High,El Colombiano,Vía Betulia-Corregimiento de Altamira,,-75.565815,6.247638,True,False,,,
4199,2018-05-12,2018,5,2010,deslizamiento,lluvia,Lluvias,0,0,,0.0,High,El Colombiano,"Barrio Rodeo Alto, Carrera 79C con Calle 9 Sur, en un sector",,-75.600785,6.202732,False,False,16,Belén,comuna
4200,2018-05-12,2018,5,2010,deslizamiento,lluvia,Lluvias,0,0,,0.0,High,El Colombiano,"Barrio Rodeo Alto Carrera 79C con Calle 9 Sur, en un sector",,-75.600785,6.202732,False,True,16,Belén,comuna
4202,2018-05-10,2018,5,2010,deslizamiento,lluvia,Lluvias,0,0,,0.0,Mid,El Colombiano,Calle 36 con Carrera 110,Las Independencias,-75.621188,6.248876,False,False,13,San Javier,comuna
4204,2018-09-27,2018,9,2010,flujo de detritos,lluvia,Lluvias,0,0,,0.0,Low,Blu Radio,Quebrada la Tinajita.,Belalcazar,-75.56364,6.296916,False,False,05,Castilla,comuna
4206,2018-10-06,2018,10,2010,deslizamiento,lluvia,Lluvias,0,0,,0.0,Low,El Tiempo,Corregimiento de Altavista,Altavista,-75.614032,6.222153,False,False,70,Altavista,corregimiento
4207,2018-11-03,2018,11,2010,flujo de detritos,lluvia,Lluvias,0,0,,0.0,Low,Minuto 30,Calle 85 entre las Carreras 39 y la 44.,Manrique Oriental,-75.54715,6.275375,False,False,03,Manrique,comuna
4211,2018-11-25,2018,11,2010,flujo de detritos,lluvia,Lluvias,0,0,,115.0,Low,El Colombiano,La Situación Más Compleja Se Vivió Tras el Desbordamiento de,El Pesebre,-75.596323,6.272986,False,False,07,Robledo,comuna
4213,2018-11-25,2018,11,2010,flujo de detritos,lluvia,Lluvias,0,0,,8.0,Low,El Colombiano,Barrios Belalcázar y Girardot.,Girardot,-75.567265,6.299056,False,False,05,Castilla,comuna
4215,2019-03-11,2019,3,2010,deslizamiento,lluvia,Lluvias,0,0,,0.0,Low,El Colombiano,Comuna 13,Betania,-75.622951,6.242997,False,False,70,Altavista,corregimiento
4216,2019-04-06,2019,4,2010,flujo de detritos,lluvia,Lluvias,0,0,,0.0,Mid,Caracol,Quebrada Santa Elena,Juan Pablo Ii,-75.5298536,6.231237900000001,False,False,08,Villa Hermosa,comuna
4219,2019-04-23,2019,4,2010,flujo de detritos,lluvia,Lluvias,0,0,,0.0,High,El Colombiano,Quebrada Santa Elena,,-75.56581530000001,6.2476376,True,False,,,
4223,2019-05-26,2019,5,2010,flujo de detritos,lluvia,Lluvias,0,0,,115.0,Mid,El Colombiano,Quebrada la Iguana,El Pesebre,-75.6018947,6.268745399999999,False,False,12,La América,comuna
4224,2019-05-26,2019,5,2010,flujo de detritos,lluvia,Lluvias,0,0,,68.0,Mid,El Colombiano,Q. la Tinaja,Belalcazar,-75.5633316,6.2980228,False,False,05,Castilla,comuna
4225,2019-05-26,2019,5,2010,flujo de detritos,lluvia,Lluvias,0,0,,0.0,High,Minuto30,Barrio Playa Rica,,-75.56581530000001,6.2476376,True,False,,,
4228,2019-11-14,2019,11,2010,deslizamiento,lluvia,Lluvias,0,0,,0.0,Mid,El Colombiano,"Calle 100B con Carrera 31, barrio Santo Domingo Savio",Santo Domingo Savio Nº1,-75.541463,6.289206,False,False,01,Popular,comuna
4229,2019-12-19,2019,12,2010,deslizamiento,actividad humana,"Error humano - Banqueo de un terreno, al parecer, para la ampliación de una",2,2,,0.0,High,El Colombiano,Calle 43ª Sur con la Carrera 75 en el Corregimiento de San a,,-75.653316,6.183072,False,False,80,San Antonio de Prado,corregimiento
4231,2020-07-11,2020,7,2020,deslizamiento,sin dato,Escape,0,0,,0.0,High,El Colombiano,Sector Travesías,,-75.644448,6.286707,False,False,60,San Cristóbal,corregimiento
4232,1999-04-03,1999,4,1990,flujo de detritos,lluvia,Lluvias - Lluvias torrenciales,0,0,,0.0,Mid,El Colombiano,Calle 55 con Cra. 8,Las Estancias,-75.5356764,6.233980799999999,False,False,08,Villa Hermosa,comuna
4335,2020-12-14,2020,12,2020,deslizamiento,otro, ,2,2,,,Mid,El Colombiano,Granizal,Granizal,-75.606,6.276,False,False,13,San Javier,comuna
4336,2020-11-11,2020,11,2020,flujo de detritos,lluvia,,0,0,,0.0,Low,El Colombiano,Puente éxito,Patio Bonito,-75.576,6.211,False,False,14,El Poblado,comuna
4337,2020-03-21,2020,3,2020,deslizamiento,lluvia, ,0,0,,,Low,Caracol Radio,Estación Acevedo,Héctor Abad Gómez,-75.559,6.3,False,False,05,Castilla,comuna
4338,2020-11-11,2020,11,2020,flujo de detritos,lluvia,,0,0,,0.0,Low,DAGRD twitter,Puente av 33,San Diego,-75.57,6.237,False,False,10,La Candelaria,comuna
4339,2020-11-03,2020,11,2020,flujo de detritos,lluvia,,0,0,,0.0,Low,DAGRD twitter,av Las Palmas,Loma del Indio,-75.565,6.227,False,False,09,Buenos Aires,comuna
4341,2021-01-06,2021,1,2020,flujo de detritos,lluvia,,0,0,,0.0,Low,Pulzo,av. Nutibara frente a Pepe Ganga,Laureles,-75.594,6.243,False,False,11,Laureles-Estadio,comuna
4344,2021-03-25,2021,3,2020,deslizamiento,lluvia,,0,0,,,Low,El Colombiano,"km 1 vía las Palmas, Loma del indio",Asomadera I,-75.565,6.227,False,False,09,Buenos Aires,comuna
4345,2021-03-24,2021,3,2020,deslizamiento,lluvia, ,0,0,,,Low,El Colombiano,"calle 9A sur con carrera 82, Urbanización Atavanza",Rodeo Alto,-75.604,6.204,False,False,16,Belén,comuna
4346,2021-03-27,2021,3,2020,deslizamiento,lluvia, ,0,0,,,Mid,El Colombiano,,Olaya Herrera,-75.607751,6.274186,False,False,60,San Cristóbal,corregimiento
4350,2021-04-05,2021,4,2020,flujo de detritos,lluvia,,0,0,,0.0,Low,El Colombiano,A la altura de la calle 33 y Parques del Río,Medellín,-75.579,6.242,False,False,11,Laureles-Estadio,comuna
4376,2021-05-06,2021,5,2020,flujo de detritos,lluvia,,0,0,,0.0,Low,El Colombiano,Kilómetro 10 a la altura de The New School,Avenida Las Palmas,-75.547,6.189,False,False,90,Santa Elena,corregimiento
4377,2021-05-06,2021,5,2020,flujo de detritos,lluvia,,0,0,,0.0,Low,El Colombiano,Centro comercial El Tesoro,Centro comercial El Tesoro,-75.558,6.197,False,False,14,El Poblado,comuna
4378,2021-05-06,2021,5,2020,flujo de detritos,lluvia,,0,0,,0.0,Mid,Teleantioquia,Caicedo,Caicedo,-75.554,6.243,False,False,09,Buenos Aires,comuna
4385,2021-05-18,2021,5,2020,deslizamiento,lluvia, ,0,0,,0.0,Low,DAGRAN,Avenida las palmas a la altura de Carulla,Medellín,-75.564,6.218,False,False,09,Buenos Aires,comuna
4436,2021-06-02,2021,6,2020,deslizamiento,lluvia,,0,0,,,Mid,DAGRD Medellín,Vereda Alto de Las Moras,Corregimiento de Santa Elena,-75.523,6.265,False,False,90,Santa Elena,corregimiento
4446,2021-06-11,2021,6,2020,flujo de detritos,lluvia,,0,0,,0.0,Low,Caracol Radio,Comuna 10 (La Candelaria),Barro San Benito,-75.574,6.258,False,False,10,La Candelaria,comuna
4447,2021-06-11,2021,6,2020,flujo de detritos,lluvia,,0,0,,0.0,Mid,Caracol Radio,Comuna 10 (La Candelaria),Barrio La Alpujarra,-75.576,6.246,False,False,10,La Candelaria,comuna
4450,2021-06-11,2021,6,2020,deslizamiento,lluvia,,1,1,,,Mid,Daniel Quintero Calle,Comuna  Villa Hermosa,Barrio Enciso,-75.55,6.249,False,False,08,Villa Hermosa,comuna
4451,2021-06-11,2021,6,2020,deslizamiento,lluvia,,0,0,,0.0,Mid,Secretaría de Movilidad de Medellín,km 5+100 (Bocana),Vereda Media Luna,-75.517,6.232,False,False,90,Santa Elena,corregimiento
4452,2021-06-11,2021,6,2020,deslizamiento,lluvia,,0,0,,0.0,Mid,Secretaría de Movilidad de Medellín,km 14+200 (El Silletero),Vereda El Placer,-75.502,6.229,False,False,90,Santa Elena,corregimiento
4453,2021-06-11,2021,6,2020,deslizamiento,lluvia,,0,0,,0.0,Mid,BLU Antioquia,km 4+600 de la vía Las Palmas,Barrio Las Palmas,-75.566,6.22,False,False,09,Buenos Aires,comuna
4457,2021-06-11,2021,6,2020,deslizamiento,lluvia,,0,0,,,Mid,Infobae,Comuna Popular,Barrio Popular,-75.547,6.304,False,False,02,Santa Cruz,comuna
4458,2021-06-12,2021,6,2020,flujo de detritos,lluvia,,0,0,,0.0,Mid,Noticias Telemedellin,Comuna El Poblado,Barrio Manila,-75.577,6.215,False,False,14,El Poblado,comuna
4462,2021-06-20,2021,6,2020,deslizamiento,lluvia, ,0,0,,,Low,Minuto30,"calle 52 cr 10,  entrada a Villatina, comuna 8 .",Barrio Villatina,-75.54,6.235,False,False,08,Villa Hermosa,comuna
4468,2021-06-20,2021,6,2020,flujo de detritos,lluvia,,0,0,,0.0,Mid,El Colombiano,Quebrada Limona,Corregimiento San Antonio de Prado,-75.636,6.174,False,False,,,
4472,2021-06-21,2021,6,2020,deslizamiento,lluvia, ,0,0,,,Mid,Canal 1,Comuna Villa Hermosa,Barrio La Sierra,-75.528,6.234,False,False,08,Villa Hermosa,comuna
4473,2021-06-24,2021,6,2020,flujo de detritos,lluvia,,0,0,,0.0,Low,Guardianes Antioquia,Deprimido feria de ganado,Barrio Belalcázar,-75.565,6.3,False,False,05,Castilla,comuna
4533,2021-08-30,2021,8,2020,deslizamiento,lluvia, ,0,0,,0.0,Low,El Colombiano,km 11 + 200 de la vía Las Palmas,Via Las Palmas,-75.547,6.191,False,False,90,Santa Elena,corregimiento
4534,2021-09-01,2021,9,2020,deslizamiento,lluvia, ,0,0,,,Low,Qhubomedellin,Comuna Popular,Barrio Carpinelo,-75.54,6.287,False,False,01,Popular,comuna
4545,2021-09-04,2021,9,2020,deslizamiento,lluvia, ,0,0,,,Mid,Caracol Radio,Sector el Concejo,Corregimiento Altavista,-75.624,6.223,False,False,70,Altavista,corregimiento
4546,2021-09-04,2021,9,2020,deslizamiento,lluvia,,0,0,,0.0,Mid,El Colombiano,Vereda El Jardin,Corregimiento Altavista,-75.622,6.201,False,False,70,Altavista,corregimiento
4547,2021-09-04,2021,9,2020,deslizamiento,lluvia, ,0,0,,0.0,Mid,El Colombiano,Sector Mano de Dios,Corregimiento Altavista,-75.615,6.221,False,False,70,Altavista,corregimiento
4548,2021-09-04,2021,9,2020,flujo de detritos,lluvia,,0,0,,,Mid,Guardianes Antioquia,Calle 30A sector Coordinadora,Barrio Belén,-75.578,6.233,False,False,16,Belén,comuna
4574,2021-10-22,2021,10,2020,flujo de detritos,lluvia,,1,1,,,Low,El Colombiano,Calle 76 con carrera 50,Barrio Campo Valdés,-75.56,6.27,False,False,04,Aranjuez,comuna
4575,2021-10-22,2021,10,2020,flujo de detritos,lluvia,,0,0,,0.0,Mid,El Colombiano,Carrera 44 con 84,Barrio Manrrique,-75.553,6.276,False,False,03,Manrique,comuna
4580,2021-10-25,2021,10,2020,deslizamiento,lluvia, ,0,0,,,Mid,TeleMedellin,Sector La Honda,Barrio Manrique,-75.567226,6.267487,False,False,04,Aranjuez,comuna
4581,2021-11-10,2021,11,2020,deslizamiento,lluvia, ,0,0,,,Low,DAGRD Medellín,Cr 86 con calle 57,Barrio El Pesebre,-75.599,6.271,False,False,13,San Javier,comuna
4582,2021-11-13,2021,11,2020,deslizamiento,lluvia,,0,0,,0.0,Mid,DAGRD Medellín,Av palmas Km+08,Vía las Palmas,-75.547,6.198,False,False,90,Santa Elena,corregimiento
4594,2021-11-13,2021,11,2020,deslizamiento,lluvia,,0,0,,,Mid,DAGRD Medellín,Cra. 28  # 107 – 00,Barrio La Avanzada,-75.537,6.298,False,False,01,Popular,comuna
4595,2021-11-13,2021,11,2020,flujo de detritos,lluvia,,0,0,,,Mid,El Colombiano,Comuna 1( Popular),Barrio Santo Domingo,-74.895,5.197,False,False,,,
4597,2021-11-23,2021,11,2020,deslizamiento,lluvia, ,1,1,,,Low,DAGRD Medellín,Cl. 89 con Cra. 30 - 50,Barrio San José La Cima,-75.544,6.278,False,False,03,Manrique,comuna
4598,2021-11-25,2021,11,2020,deslizamiento,lluvia,,0,0,,0.0,Mid,El Colombiano,Km 22 + 050. Sector La Catalana,Corregimiento de Santa Elena,-75.465,6.183,False,False,,,
4601,2021-12-01,2021,12,2020,flujo de detritos,lluvia,,0,0,,0.0,Low,El Colombiano,93A con calle 78B,Barrio Robledo Aures,-75.593,6.29,False,False,07,Robledo,comuna
4602,2021-12-01,2021,12,2020,flujo de detritos,lluvia,,0,0,,,Low,El Colombiano,Carrera 83 con calle 92,Barrio Robledo Kennedy,-75.585,6.29,False,False,06,Doce de Octubre,comuna
4603,2021-12-01,2021,12,2020,flujo de detritos,lluvia,,0,0,,,Mid,El Colombiano,"Cr 120FF calle 54, veredas La Loma y Los Mandarinos",Corregimiento San Cristóbal,-75.634,6.278,False,False,60,San Cristóbal,corregimiento
4604,2021-12-01,2021,12,2020,flujo de detritos,lluvia,,0,0,,,Mid,Noticias RCN,Sector Bello Horizonte,Barrio Robledo,-75.591,6.284,False,False,07,Robledo,comuna
4605,2021-12-01,2021,12,2020,deslizamiento,lluvia, ,0,0,,0.0,Low,Guardianes Antioquia,Calle 63 ae 117 F 45,Barrio La Aurora,-75.622,6.28,False,False,60,San Cristóbal,corregimiento
4607,2021-12-01,2021,12,2020,flujo de detritos,lluvia,,1,1,,0.0,Mid,Caracol Radio,Quebrada Corcovada,Barrio Robledo,-75.596,6.277,False,False,07,Robledo,comuna
4615,2022-02-22,2022,2,2020,deslizamiento,lluvia, ,0,0,,,Mid,DAGRD Medellín,Cl. 71 con Cra. 24AB,"Barrio La Cruz,  Sector La Honda",-75.534997,6.265818,False,False,90,Santa Elena,corregimiento
4617,2022-01-07,2022,1,2020,flujo de detritos,lluvia,,0,0,,0.0,Low,Guardianes Antioquia,Puente El Mico,Comuna 4 Aranjuez,-75.571,6.277,False,False,05,Castilla,comuna
4642,2022-03-16,2022,3,2020,flujo de detritos,lluvia,,0,0,,0.0,Mid,El Colombiano,Calle 75#75,Barrio Pilarica,-75.588,6.2765,False,False,07,Robledo,comuna
4654,2022-04-05,2022,4,2020,deslizamiento,sin dato,,0,0,,0.0,Low,Invias,km 51 vía Medellín - Santa Fé de Antioquia,Sector San Cristóbal,-75.68,6.346,False,False,50,San Sebastián de Palmitas,corregimiento
4656,2022-04-05,2022,4,2020,deslizamiento,sin dato, ,0,0,,0.0,Low,Invias,km 11+200 vía Medellín-Santa Elena,Corregimiento de Santa Elena,-75.509638,6.234088,False,False,90,Santa Elena,corregimiento
4723,2022-05-07,2022,5,2020,flujo de detritos,lluvia,,0,0,,0.0,Mid,Guardianes Antioquia,Avenida El Poblado,Barrio La Candelaria,-75.57017616895597,6.235276606750311,False,False,10,La Candelaria,comuna
4724,2022-05-07,2022,5,2020,deslizamiento,lluvia,,0,0,,,Mid,DAGRD Medellín,Sector La Asomadera,Barrio Buenos Aires,-75.5653,6.238,False,False,10,La Candelaria,comuna
4725,2022-05-18,2022,5,2020,flujo de detritos,lluvia,,0,0,,,Mid,DAGRD Medellín,Sector El Sinaí,Comuna Santa Cruz,-75.5922,6.2613,False,False,11,Laureles-Estadio,comuna
4728,2022-05-21,2022,5,2020,deslizamiento,lluvia,,0,0,,0.0,Mid,El Colombiano,Sector Rodeo Alto Av 80,Barrio Belen,-75.59004,6.208039,False,False,15,Guayabal,comuna
4729,2022-06-11,2022,6,2020,deslizamiento,lluvia,,0,0,,,Mid,Teleantioquia,Enciso Llanaditas,Barrio Enciso,-75.538942,6.248394,False,False,08,Villa Hermosa,comuna
4730,2022-05-18,2022,5,2020,deslizamiento,lluvia,,0,0,,0.0,Mid,Guardianes Antioquia,"vía en Túnel de Occidente, sector de la Frisola",Corregimiento San Cristóbal,-75.658,6.2972,False,False,60,San Cristóbal,corregimiento
4731,2022-06-06,2022,6,2020,flujo de detritos,lluvia,,0,0,,0.0,Low,Guardianes Antioquia,Cr. 65 a la altura del Parque Juanes,Barrio Castilla,-75.5694,6.291,False,False,05,Castilla,comuna
4732,2022-06-10,2022,6,2020,deslizamiento,lluvia, ,0,0,,0.0,Low,DAGRD Medellín,"Rodeo Alto, unidad residencial Atavanza",Barrio Belen,-75.60532,6.203869,False,False,16,Belén,comuna
4733,2022-06-28,2022,6,2020,deslizamiento,lluvia,,0,0,,,Mid,DAGRD Medellín,Sector Palos Verdes,Barrio Manrique,-75.555794,6.261469,False,False,03,Manrique,comuna
4734,2022-06-14,2022,6,2020,deslizamiento,lluvia, ,0,0,,0.0,Mid,DAGRD Medellín,sector El Porvenir,Barrio Robledo,-75.59505,6.280665,False,False,07,Robledo,comuna
4738,2022-08-02,2022,8,2020,flujo de detritos,lluvia,,0,0,,,Mid,Teleantioquia,Sector Sinaí,Barrio Santa Cruz,-75.561838,6.2919,False,False,02,Santa Cruz,comuna
4739,2022-07-13,2022,7,2020,deslizamiento,lluvia,,2,2,,,Mid,Teleantioquia,Vereda Las Playas,Corregimiento San Antonio de Prado,-75.6576,6.193664,False,False,80,San Antonio de Prado,corregimiento
4740,2022-08-06,2022,8,2020,deslizamiento,lluvia, ,0,0,,,Mid,Teleantioquia,Sector Barrios de Jesus,Corregimiento de Santa Elena,-75.53501,6.229694,False,False,09,Buenos Aires,comuna
4783,2022-09-07,2022,9,2020,flujo de detritos,lluvia,,0,0,,,Mid,DAGRD Medellín,Sector Palo Blanco,Corregimiento San Antonio de Prado,-75.66,6.182,False,False,80,San Antonio de Prado,corregimiento
4786,2022-10-23,2022,10,2020,deslizamiento,lluvia, ,0,0,,0.0,Low,Guardianes Antioquia,"Sector El Chispero , calle 45 sur",Corregimiento San Antonio de Prado,-75.655,6.182,False,False,80,San Antonio de Prado,corregimiento
4787,2022-10-24,2022,10,2020,flujo de detritos,lluvia,,0,0,,,Low,El Colombiano,"Calle 40 #21-79, hogares Claret",Bario Buenos Aires,-75.549,6.231,False,False,09,Buenos Aires,comuna
4788,2022-10-24,2022,10,2020,deslizamiento,lluvia, ,0,0,,0.0,Low,El Colombiano,km 2+800 via Medellin - Santa Elena,Barrio Ocho de Marzo,-75.529,6.227,False,False,90,Santa Elena,corregimiento
4789,2022-10-24,2022,10,2020,deslizamiento,lluvia, ,0,0,,0.0,Mid,Guardianes Antioquia,Sector La Honda,Barrio Manrique,-75.567226,6.267487,False,False,04,Aranjuez,comuna
4792,2022-10-28,2022,10,2020,deslizamiento,lluvia,,0,0,,0.0,Mid,Guardianes Antioquia,Transversal superior con calle 16A,El Poblado,-75.561,6.184,False,False,14,El Poblado,comuna
4793,2022-11-08,2022,11,2020,flujo de detritos,lluvia,,0,0,,0.0,Low,Guardianes Antioquia,Deprimido Terminal del Norte,Barrio Caribe,-75.5719,6.27788647,False,False,05,Castilla,comuna
4794,2022-11-21,2022,11,2020,flujo de detritos,lluvia,,0,0,,0.0,Mid,Guardianes Antioquia,Sector El Edén,Barrio La Cruz,-75.5407,6.274,False,False,03,Manrique,comuna
4795,2022-11-21,2022,11,2020,flujo de detritos,lluvia,,0,0,,0.0,Mid,Caracol Radio,"Manrique Las Granjas, calle 85 con la 39",Barrio Manrique,-75.547,6.277,False,False,03,Manrique,comuna
4796,2022-11-10,2022,11,2020,flujo de detritos,lluvia,,0,0,,,Mid,El Colombiano,Barrio Llanaditas,Barrio Llanaditas,-75.5414,6.2526,False,False,08,Villa Hermosa,comuna
4797,2022-11-10,2022,11,2020,flujo de detritos,lluvia,,0,0,,,Mid,El Colombiano,Sector El Pinal,Barrio El Pinal,-75.5488,6.2424,False,False,08,Villa Hermosa,comuna
4798,2022-11-04,2022,11,2020,deslizamiento,lluvia,,0,0,,,Mid,El Colombiano,Vereda El Patio,Corregimiento San Cristóbal,-75.6448,6.271,False,False,60,San Cristóbal,corregimiento
4857,2024-07-02,2024,7,2020,deslizamiento,lluvia,,0,0,,0.0,Low,Dagrd - Medellín,Urbanizacion Arezzo,B. La Calera,-75.55306551059466,6.196442860378753,False,False,14,El Poblado,comuna
4859,2024-06-29,2024,6,2020,deslizamiento,sin dato,,0,0,,0.0,Low,Guardianes Antioquia Oficial,calle 49a # 99c 16,B. Juan 23,-75.6125955804331,6.264397624841836,False,False,13,San Javier,comuna
4861,2024-06-30,2024,6,2020,deslizamiento,sin dato,,0,0,,0.0,Mid,Dagrd - Medellín,"Corregimiento Altavista, V. El Manzanillo",V. El Manzanillo,-75.62035404819979,6.200018387516382,False,False,70,Altavista,corregimiento
4865,2024-06-28,2024,6,2020,deslizamiento,lluvia,,0,0,,0.0,Low,Guardianes Antioquia," Vía 4.1, a la altura de Vallejuelos, sentido Occidente - Oriente, al lado del puente amarillo Olaya Herrera",Las Margaritas,-75.61474872327075,6.273533709130242,False,False,07,Robledo,comuna
4866,1880-04-23,1880,4,1880,flujo de detritos,sin dato,,7,7,,0.0,Mid,"Luis Fernando Gonzales (2007). Medellin, los origenes y la transicion a la modernidad: crecimiento y modelos urbanos 1775-1932.",La Iguana,La Iguana,-75.594194,6.271845,False,False,07,Robledo,comuna
4867,1871-04-09,1871,4,1870,flujo de detritos,sin dato,,0,0,,0.0,Mid,"Luis Fernando Gonzales (2007). Medellin, los origenes y la transicion a la modernidad: crecimiento y modelos urbanos 1775-1932.",Santa Elena,Santa Elena,-75.535855,6.231741,False,False,08,Villa Hermosa,comuna
4927,2012-01-20,2012,1,2010,deslizamiento,sin dato,,1,1,,0.0,Low,Unknown,Unknown,"Centro poblado Palmitas, quebrada La Iguaná",-75.7,6.35,False,False,50,San Sebastián de Palmitas,corregimiento
4928,2012-01-20,2012,1,2010,deslizamiento,sin dato,,4,4,,0.0,Low,Unknown,Unknown,Corregimiento Palmitas,-75.7,6.35,False,True,50,San Sebastián de Palmitas,corregimiento
4929,2003-04-07,2003,4,2000,deslizamiento,sin dato,,2,2,,2.0,Low,Unknown,"Km 4 vía al mar, túnel","Corregimiento Palmitas, vereda La Potrera",-75.7,6.35,False,False,50,San Sebastián de Palmitas,corregimiento
4930,2002-09-23,2002,9,2000,deslizamiento,sin dato,,3,3,,0.0,Low,Unknown,"Vía a Las Palmas, a unos 200 metros del Estadero El Peñasco",Corregimiento Palmitas,-75.7,6.35,False,False,50,San Sebastián de Palmitas,corregimiento
5082,2024-10-22,2024,10,2020,deslizamiento,lluvia,"las actuales condiciones climáticas han desestabilizado la geología de la zona, provocando nuevos desprendimientos",0,0,,0.0,Low,El Colombiano,Sector El Mirador,Santa Elena,-75.51114441356766,6.237242373189611,False,False,90,Santa Elena,corregimiento
5083,2024-11-09,2024,11,2020,deslizamiento,lluvia,,0,0,,0.0,Low,El Colombiano,Sector El Mirador,Santa Elena,-75.51115347245833,6.238212274213848,False,False,90,Santa Elena,corregimiento
5084,2024-11-23,2024,11,2020,deslizamiento,lluvia,,0,0,,0.0,Low,El Colombiano,Sector El Mirador,Santa Elena,-75.51114441356766,6.237242373189611,False,False,90,Santa Elena,corregimiento
5085,2024-11-19,2024,11,2020,deslizamiento,lluvia,,0,0,,0.0,Low,Prensa Paisa Oficial," Vía 4.1, a la altura de Vallejuelos, sentido Occidente - Oriente, al lado del puente amarillo Olaya Herrera",Las Margaritas,-75.61474872327075,6.273533709130242,False,False,07,Robledo,comuna
5103,2025-05-07,2025,5,2020,deslizamiento,lluvia,,0,0,,0.0,Low,Noticias Telemedellín,,El Pesebre,-75.68723534,6.20006,False,False,80,San Antonio de Prado,corregimiento
5104,2025-07-07,2025,7,2020,deslizamiento,lluvia,,0,0,,0.0,Low,MiOriente,,Corregimiento de San Cristobal,-75.635995,6.271124,False,False,60,San Cristóbal,corregimiento
5106,2025-06-26,2025,6,2020,deslizamiento,lluvia,,0,0,,0.0,Mid,Noticias Telemedellín,Llegando la Estación El Progreso,El Picacho,-75.582462638782,6.307160224025251,False,False,06,Doce de Octubre,comuna
5107,2025-05-21,2025,5,2020,deslizamiento,lluvia,,0,0,,0.0,Low,DAGRD Medellín,Cerca de estación Miraflores de metrocable,Villatina,-75.5423731079409,6.239884,False,False,08,Villa Hermosa,comuna
5108,2025-05-19,2025,5,2020,deslizamiento,lluvia,,0,0,,0.0,Low,Mi bello es bello,Cr 73 con Cll 21,Paris,-75.579082,6.312890723,False,False,,,
5109,2025-05-19,2025,5,2020,deslizamiento,lluvia,,0,0,,0.0,Low,Chismefrescomedellín,Sector Aguas Frías,Belén,-75.62335816,6.235149,False,False,70,Altavista,corregimiento
5114,2025-04-28,2025,4,2020,deslizamiento,lluvia,,0,0,,0.0,Low,,Vía afueras del casco urbano,Corregimiento de San Antonio de Prado,-75.661558,6.195729985,False,False,80,San Antonio de Prado,corregimiento
5115,2025-05-01,2025,5,2020,deslizamiento,lluvia,,0,0,,0.0,Low,El itaguiseno,Sector El Barcino,Corregimiento de San Antonio de Prado,-75.661979,6.238178233,False,False,80,San Antonio de Prado,corregimiento
5125,2025-05-06,2025,5,2020,deslizamiento,lluvia,,0,0,,0.0,Low,DAGRD Medellín,Altura Restaurante Bosque Rosado Era,Loma de Los Balsos,-75.54896005,6.183130277,False,False,90,Santa Elena,corregimiento
5127,2025-05-20,2025,5,2020,deslizamiento,lluvia,,0,0,,0.0,Low,NoticiasN60,Vía El Uvito-La Cuchilla,Corregimiento de San Cristobal,-75.66172454,6.29007072,False,False,60,San Cristóbal,corregimiento
5134,2025-05-09,2025,5,2020,deslizamiento,lluvia,,0,0,,0.0,Mid,Prensa Paisa,Sector El Paraíso,Barrio Robledo,-75.59368842,6.295227677,False,False,60,San Cristóbal,corregimiento
5138,2025-04-29,2025,4,2020,deslizamiento,lluvia, ,0,0,,0.0,Low,Minuto30,km 11+200 vía Medellín-Santa Elena,Corregimiento de Santa Elena,-75.5103563293974,6.2377219033217415,False,False,90,Santa Elena,corregimiento
5139,2025-05-06,2025,5,2020,deslizamiento,lluvia, ,0,0,,0.0,Low,,Vía a Santa Elena,Corregimiento de Santa Elena,-75.52928447,6.227402,False,False,09,Buenos Aires,comuna
5145,2025-05-04,2025,5,2020,deslizamiento,lluvia,,0,0,,0.0,Low,Noticias Telemedellin,"Vereda el Jardín, sector El Llanete",Corregimiento Altavista,-75.615144,6.207427,False,False,70,Altavista,corregimiento
5146,2025-04-29,2025,4,2020,deslizamiento,lluvia,,0,0,,0.0,Mid,El Colombiano,,Belén Altavista,-75.61487347,6.22125352,False,False,70,Altavista,corregimiento
5147,2025-04-29,2025,4,2020,flujo de detritos,lluvia,,2,2,,0.0,Low,El Colombiano,"Sector La Sociedad, Quebrada la Guayabala","Corregimiento Altavista, Vereda San José del Manzanillo",-75.613871,6.221082,False,False,70,Altavista,corregimiento
5148,2025-05-08,2025,5,2020,deslizamiento,lluvia,,0,0,,0.0,Low,El Colombiano,"Vereda Montañitas, en la curva Café Cordillera",Corregimiento de San Antonio de Prado,-75.66643023765293,6.192362593249157,False,False,80,San Antonio de Prado,corregimiento
5149,2025-04-28,2025,4,2020,deslizamiento,lluvia,,0,0,,0.0,Mid,Infobae,"Barrio Santa Rita, Sector Los Mesa",Corregimiento de San Antonio de Prado,-75.65518652326378,6.190330710942687,False,False,80,San Antonio de Prado,corregimiento
5150,2025-04-27,2025,4,2020,deslizamiento,lluvia,,0,0,,0.0,Mid,@camilocalle8a,Vereda La Buga,Corregimiento de Altavista,-75.639694314818,6.221133619606475,False,False,70,Altavista,corregimiento
5155,2025-06-27,2025,6,2020,deslizamiento,lluvia,,0,0,,0.0,Low,Infobae,Cerca de la estación Oriente,Villatina,-75.5390802711388,6.23269065250717,False,False,08,Villa Hermosa,comuna
5169,2025-05-29,2025,5,2020,deslizamiento,otro,Erosion por quebrada,0,0,,0.0,Low,Externo,,San Sebastian de Palmitas,-75.69099185987803,6.348350378022577,False,False,50,San Sebastián de Palmitas,corregimiento
5173,2025-06-13,2025,6,2020,deslizamiento,lluvia,Lluvias constantes durante la noche,2,2,,0.0,Low,TeleMedellin,,Maria Cano Carambolas,-75.53693355843286,6.2885958335608985,False,False,01,Popular,comuna
5190,2025-04-29,2025,4,2020,deslizamiento,lluvia,,0,0,,0.0,Mid,El Colombiano,Conjutno residencial Guayacanes,Corregimiento de San Antonio de Prado,-75.64089779,6.181367505,False,False,80,San Antonio de Prado,corregimiento
5191,2025-04-29,2025,4,2020,deslizamiento,lluvia,,0,0,,0.0,Mid,El Colombiano,Área de expnasión de Pajarito,Robledo,-75.61235241,6.291320437,False,False,60,San Cristóbal,corregimiento
5192,2025-04-29,2025,4,2020,deslizamiento,lluvia,,0,0,,0.0,Mid,El Colombiano,,Loma de los Bernal,-75.60899518967918,6.2186414977760975,False,False,16,Belén,comuna
5208,2025-10-21,2025,10,2020,deslizamiento,lluvia,,0,0,,0.0,Low,DAGRD Medellín,,Belén Altavista,-75.64090836775429,6.224230548964784,False,False,70,Altavista,corregimiento
5213,2025-11-16,2025,11,2020,deslizamiento,lluvia,-,0,0,,0.0,Low,MiOriente,Sector el Chuscalito,Avenida las Palmas,-75.55248016,6.215707815,False,False,14,El Poblado,comuna
5215,2025-11-17,2025,11,2020,deslizamiento,lluvia,-,0,0,,0.0,Mid,Comunasmed,"Cll 34 SUR #84-07 Estadero acapulco, 2 km arriba del Chuscal",Corregimiento de San Antonio de Prado,-75.67099011,6.193314613,False,False,80,San Antonio de Prado,corregimiento
5229,2026-02-04,2026,2,2020,deslizamiento,lluvia,-,0,0,,0.0,Low,El Colombiano,cementerio de La América,-,-75.61546545,6.254102477,False,False,12,La América,comuna
