date,tmax,tmin,tmean
2014-12-04,28.4,16.8,22.045833333333334
2014-12-05,26.9,19.2,22.337500000000002
2014-12-06,26.5,18.0,20.995833333333334
2014-12-07,27.4,17.9,20.441666666666666
2014-12-08,28.8,17.6,20.520833333333332
2014-12-09,25.0,18.4,20.4125
2014-12-10,28.1,16.8,20.929166666666667
2014-12-11,26.3,17.0,20.333333333333332
2014-12-12,28.5,18.0,21.391666666666666
2014-12-13,21.9,16.9,19.525000000000002
2014-12-14,26.9,17.4,20.691666666666666
2014-12-15,26.8,17.6,20.929166666666667
2014-12-16,28.0,17.5,22.02916666666667
2014-12-17,27.7,17.9,21.758333333333336
2014-12-18,28.3,18.4,21.395833333333332
2014-12-19,28.3,17.4,21.079166666666666
2014-12-20,28.3,18.6,21.337500000000002
2014-12-21,28.6,18.3,21.7375
2014-12-22,30.0,17.7,22.729166666666668
2014-12-23,31.2,17.1,22.9875
2014-12-24,29.7,16.2,23.0
2014-12-25,29.3,19.2,23.129166666666666
2014-12-26,30.0,16.9,22.974999999999998
2014-12-27,30.3,17.5,22.8625
2014-12-28,30.0,19.7,23.599999999999998
2014-12-29,30.0,18.7,23.28333333333333
2014-12-30,30.0,18.2,23.316666666666666
2014-12-31,30.7,18.5,23.4375
2015-01-01,30.5,19.0,23.175
2015-01-02,29.8,17.8,23.316666666666666
2015-01-03,31.2,15.3,23.099999999999998
2015-01-04,30.9,14.9,22.770833333333332
2015-01-05,29.8,16.7,22.995833333333334
2015-01-06,30.9,16.4,23.004166666666666
2015-01-07,31.0,15.1,22.604166666666668
2015-01-08,28.1,17.3,22.287499999999998
2015-01-09,30.2,16.7,23.15833333333333
2015-01-10,30.9,19.4,23.90833333333333
2015-01-11,31.3,19.0,24.28333333333333
2015-01-12,30.1,18.9,23.504166666666666
2015-01-13,26.2,19.0,22.170833333333334
2015-01-14,27.7,17.6,22.09166666666667
2015-01-15,29.1,19.2,22.825
2015-01-16,28.2,18.2,22.129166666666666
2015-01-17,27.7,18.9,21.400000000000002
2015-01-18,28.6,18.2,22.045833333333334
2015-01-19,29.6,18.6,22.241666666666664
2015-01-20,28.4,17.9,21.816666666666666
2015-01-21,28.3,18.2,21.154166666666665
2015-01-22,27.7,16.4,20.666666666666668
2015-01-23,27.0,16.4,20.570833333333333
2015-01-24,28.5,18.2,22.041666666666668
2015-01-25,26.9,18.5,21.895833333333332
2015-01-26,28.8,17.6,22.099999999999998
2015-01-27,26.9,18.2,21.025000000000002
2015-01-28,26.2,16.7,20.866666666666667
2015-01-29,29.2,17.1,22.625
2015-01-30,29.5,18.9,22.5
2015-01-31,27.5,17.2,21.558333333333334
2015-02-01,30.1,18.6,22.875
2015-02-02,29.7,18.0,23.09583333333333
2015-02-03,28.8,18.8,23.170833333333334
2015-02-04,29.8,16.8,22.912499999999998
2015-02-05,27.1,18.6,21.891666666666666
2015-02-06,23.7,18.3,20.895833333333332
2015-02-07,27.4,15.9,19.75
2015-02-08,27.4,17.4,20.466666666666665
2015-02-09,26.4,17.7,20.729166666666668
2015-02-10,26.9,17.2,20.183333333333334
2015-02-11,25.3,18.4,21.054166666666667
2015-02-12,29.2,18.6,22.625
2015-02-13,27.2,18.0,21.666666666666668
2015-02-14,29.9,18.5,22.608333333333334
2015-02-15,29.4,20.0,23.40833333333333
2015-02-16,31.0,19.5,23.65833333333333
2015-02-17,31.4,19.7,24.0625
2015-02-18,30.2,19.1,23.079166666666666
2015-02-19,28.6,18.9,22.495833333333334
2015-02-20,30.4,18.0,21.375
2015-02-21,30.1,18.2,22.8
2015-02-22,29.9,16.8,23.004166666666666
2015-02-23,30.7,17.6,23.129166666666666
2015-02-24,29.1,19.2,22.8
2015-02-25,28.6,18.2,22.97083333333333
2015-02-26,28.3,19.1,21.933333333333334
2015-02-27,29.1,19.4,23.204166666666666
2015-02-28,29.9,18.4,22.15833333333333
2015-03-01,28.9,18.5,22.379166666666666
2015-03-02,29.2,18.1,22.566666666666666
2015-03-03,28.9,16.9,22.429166666666664
2015-03-04,30.3,18.7,23.229166666666668
2015-03-05,29.4,19.5,23.145833333333332
2015-03-06,25.4,20.0,21.945833333333336
2015-03-07,28.3,18.1,21.9375
2015-03-08,31.1,18.6,24.037499999999998
2015-03-09,32.7,18.2,24.941666666666666
2015-03-10,32.8,19.8,25.2625
2015-03-11,32.1,19.6,25.566666666666666
2015-03-12,31.6,20.5,24.5625
2015-03-17,31.2,18.4,22.45
2015-03-18,27.9,17.9,21.208333333333332
2015-03-19,21.7,17.9,18.925
2015-03-20,27.6,17.6,20.595833333333335
2015-03-21,26.3,17.2,20.416666666666668
2015-03-22,27.6,17.0,21.337500000000002
2015-03-23,29.4,18.0,22.104166666666668
2015-03-24,27.4,17.4,22.233333333333334
2015-03-25,28.0,17.0,21.754166666666666
2015-03-26,29.1,18.0,22.900000000000002
2015-03-27,29.1,20.2,23.712500000000002
2015-03-28,28.4,18.4,22.520833333333332
2015-03-29,26.3,18.4,20.395833333333332
2015-03-30,27.5,16.9,20.429166666666667
2015-03-31,29.5,18.3,21.366666666666664
2015-04-01,28.0,18.8,22.349999999999998
2015-04-02,29.8,19.4,23.558333333333334
2015-04-03,24.0,17.6,19.5125
2015-04-04,27.0,18.5,20.383333333333333
2015-04-05,26.6,18.0,21.46666666666667
2015-04-06,27.8,18.8,22.545833333333334
2015-04-07,28.5,18.4,22.75
2015-04-08,27.9,16.8,21.445833333333336
2015-04-09,29.0,19.3,22.84583333333333
2015-04-10,29.6,15.4,22.1375
2015-04-11,24.5,16.5,19.9875
2015-04-12,30.7,16.6,23.195833333333336
2015-04-13,27.8,19.7,22.587500000000002
2015-04-14,28.5,18.7,21.325
2015-04-15,28.3,17.8,20.433333333333334
2015-04-16,28.2,17.2,20.5
2015-04-17,26.4,17.6,20.008333333333333
2015-04-18,29.5,17.9,21.045833333333334
2015-04-19,25.8,17.1,21.045833333333334
2015-04-20,28.7,18.1,21.445833333333336
2015-04-21,28.3,17.7,21.425
2015-04-22,29.9,16.6,23.066666666666666
2015-04-23,30.9,19.3,23.879166666666666
2015-04-24,30.6,19.8,24.191666666666666
2015-04-25,26.3,19.7,22.858333333333334
2015-04-26,31.5,17.4,24.416666666666668
2015-04-27,32.5,18.7,25.21666666666667
2015-04-28,30.4,19.5,24.09166666666667
2015-04-29,30.3,19.1,23.979166666666668
2015-04-30,26.9,17.9,22.316666666666666
2015-05-01,28.1,18.7,21.791666666666668
2015-05-02,29.0,17.3,23.0625
2015-05-03,29.9,19.5,22.366666666666664
2015-05-04,27.0,18.7,22.05
2015-05-05,30.6,17.6,23.2375
2015-05-06,29.3,18.1,22.954166666666666
2015-05-07,32.9,17.7,24.325
2015-05-08,31.9,18.9,24.2625
2015-05-09,31.7,19.0,24.40416666666667
2015-05-10,30.8,18.7,24.870833333333334
2015-05-11,31.4,19.3,24.620833333333334
2015-05-12,32.0,20.5,25.391666666666666
2015-05-13,31.3,20.3,24.875
2015-05-14,32.1,19.9,24.754166666666666
2015-05-15,30.4,19.5,22.579166666666666
2015-05-16,31.6,18.0,23.445833333333336
2015-05-17,29.0,19.1,22.604166666666668
2015-05-18,30.0,18.1,22.504166666666666
2015-05-19,31.4,19.9,23.9375
2015-05-20,30.3,20.2,24.45
2015-05-21,29.1,17.6,22.133333333333336
2015-05-22,27.8,18.2,22.40833333333333
2015-05-23,31.6,18.0,23.825
2015-05-24,31.4,17.1,23.233333333333334
2015-05-25,27.6,18.6,21.283333333333335
2015-05-26,30.5,18.6,21.77916666666667
2015-05-27,28.1,18.6,22.21666666666667
2015-05-28,24.9,18.7,20.983333333333334
2015-05-29,27.0,17.3,20.545833333333334
2015-05-30,27.4,17.6,20.466666666666665
2015-05-31,30.4,15.9,22.145833333333332
2015-06-01,29.7,18.5,23.087500000000002
2015-06-02,30.5,17.2,23.8125
2015-06-03,30.2,19.9,24.075
2015-06-04,29.5,19.6,23.695833333333336
2015-06-05,27.7,19.5,22.5625
2015-06-06,30.5,16.9,23.133333333333336
2015-06-07,29.1,19.2,23.25
2015-06-08,27.6,19.5,22.587500000000002
2015-06-09,25.7,16.3,20.954166666666666
2015-06-10,28.2,18.5,21.666666666666668
2015-06-11,30.6,18.9,23.458333333333332
2015-06-12,31.7,17.1,24.099999999999998
2015-06-13,30.7,19.4,23.4375
2015-06-14,30.8,19.9,24.09166666666667
2015-06-15,30.2,18.3,22.8
2015-06-16,31.6,18.8,24.84583333333333
2015-06-17,29.8,18.2,23.808333333333334
2015-06-18,30.8,17.9,24.229166666666668
2015-06-19,30.7,18.1,24.724999999999998
2015-06-20,29.7,19.1,24.295833333333334
2015-06-21,30.5,20.0,24.616666666666664
2015-06-22,30.3,19.5,23.5
2015-06-23,32.0,18.2,24.983333333333334
2015-06-24,30.6,18.0,24.795833333333334
2015-06-25,31.3,17.3,24.675
2015-06-26,30.4,18.8,24.879166666666666
2015-06-27,30.9,21.0,25.22083333333333
2015-06-28,29.9,18.1,23.804166666666664
2015-06-29,29.1,17.2,23.2625
2015-06-30,31.1,16.9,23.662499999999998
2015-07-01,31.5,16.8,24.47083333333333
2015-07-02,31.8,17.7,25.129166666666666
2015-07-03,30.9,19.3,25.325
2015-07-04,30.4,19.0,24.775000000000002
2015-07-05,30.7,20.3,25.204166666666666
2015-07-06,30.3,18.0,23.724999999999998
2015-07-07,27.4,19.6,22.65833333333333
2015-07-08,30.4,17.8,23.108333333333334
2015-07-09,30.8,17.8,24.066666666666666
2015-07-10,31.4,18.8,24.145833333333332
2015-07-11,30.4,20.7,24.75
2015-07-12,30.3,19.8,23.962500000000002
2015-07-13,31.1,18.8,23.708333333333332
2015-07-14,30.3,20.3,23.916666666666668
2015-07-15,27.0,17.4,21.754166666666666
2015-07-16,29.9,17.3,22.191666666666666
2015-07-17,30.6,19.5,23.59166666666667
2015-07-18,27.2,17.3,21.733333333333334
2015-07-19,28.4,17.5,21.458333333333332
2015-07-20,26.5,17.8,20.125
2015-07-21,29.0,17.7,21.962500000000002
2015-07-22,29.4,17.4,22.6875
2015-07-23,28.4,18.9,22.770833333333332
2015-07-24,29.9,17.7,23.3625
2015-07-25,31.8,17.8,24.412499999999998
2015-07-26,29.8,17.6,23.879166666666666
2015-07-27,30.8,19.5,24.46666666666667
2015-07-28,30.7,18.5,24.40416666666667
2015-07-29,30.7,16.9,23.183333333333334
2015-07-30,29.0,16.7,22.320833333333336
2015-07-31,30.5,18.3,24.058333333333334
2015-08-01,30.5,18.7,24.15416666666667
2015-08-02,30.9,20.4,24.55
2015-08-03,31.0,19.7,24.991666666666664
2015-08-04,31.9,18.9,24.925
2015-08-05,32.3,19.3,25.6125
2015-08-06,31.3,17.6,24.875
2015-08-07,30.6,20.7,25.0
2015-08-08,27.1,18.7,22.195833333333336
2015-08-09,23.8,17.4,20.5875
2015-08-10,28.1,18.9,22.420833333333334
2015-08-11,30.7,17.5,23.6375
2015-08-12,30.1,17.2,23.099999999999998
2015-08-13,29.9,18.0,23.729166666666668
2015-08-14,29.3,17.5,22.325
2015-08-15,30.7,18.2,23.099999999999998
2015-08-16,28.5,18.3,22.4875
2015-08-17,30.1,18.4,23.275000000000002
2015-08-18,30.7,17.6,23.337500000000002
2015-08-19,31.1,17.9,24.28333333333333
2015-08-20,31.6,17.6,23.825
2015-08-21,28.8,17.0,22.304166666666664
2015-08-22,30.1,19.6,23.395833333333332
2015-08-23,30.0,18.8,23.47083333333333
2015-08-24,28.8,19.4,22.441666666666666
2015-08-25,30.3,18.1,23.6375
2015-08-26,28.1,17.7,22.170833333333334
2015-08-27,28.9,18.6,22.7375
2015-08-28,30.8,18.2,24.0125
2015-08-29,31.0,20.4,25.05
2015-08-30,29.9,17.8,23.945833333333336
2015-08-31,30.6,18.5,24.483333333333334
2015-09-01,31.3,18.2,24.691666666666666
2015-09-02,31.2,18.6,24.416666666666668
2015-09-03,31.6,19.1,24.695833333333336
2015-09-04,31.8,19.5,24.8125
2015-09-05,31.8,18.8,25.016666666666666
2015-09-06,28.1,18.0,22.241666666666664
2015-09-07,30.1,19.1,23.849999999999998
2015-09-08,31.0,18.3,23.412499999999998
2015-09-09,31.2,20.2,24.741666666666664
2015-09-10,27.3,18.0,21.670833333333334
2015-09-11,25.3,18.3,20.8875
2015-09-12,31.0,16.4,23.579166666666666
2015-09-13,31.9,16.6,24.183333333333334
2015-09-14,30.7,16.5,24.03333333333333
2015-09-15,31.8,19.7,24.583333333333332
2015-09-16,32.3,18.2,24.820833333333336
2015-09-17,29.2,18.6,22.733333333333334
2015-09-18,27.6,18.5,20.933333333333334
2015-09-19,30.7,18.4,22.15416666666667
2015-09-20,25.7,17.5,19.895833333333332
2015-09-21,31.6,18.4,22.3125
2015-09-22,31.5,19.4,24.604166666666668
2015-09-23,30.4,19.8,24.724999999999998
2015-09-24,32.6,20.1,24.929166666666664
2015-09-25,31.2,19.0,24.53333333333333
2015-09-26,31.6,17.8,24.695833333333336
2015-09-27,31.0,20.0,24.879166666666666
2015-09-28,32.0,18.5,25.116666666666664
2015-09-29,31.6,18.4,24.366666666666664
2015-09-30,27.8,16.8,21.370833333333334
2015-10-01,24.9,17.6,19.808333333333334
2015-10-02,29.3,17.8,22.241666666666664
2015-10-03,27.8,18.5,21.525000000000002
2015-10-04,31.1,19.6,23.791666666666668
2015-10-05,31.0,17.2,24.170833333333334
2015-10-06,30.8,19.1,24.516666666666666
2015-10-07,31.2,19.0,24.25
2015-10-08,30.9,20.2,23.633333333333336
2015-10-09,29.1,19.2,23.083333333333332
2015-10-10,29.8,19.4,23.295833333333334
2015-10-11,25.1,18.3,20.595833333333335
2015-10-12,28.0,18.5,22.291666666666668
2015-10-13,28.3,19.0,21.370833333333334
2015-10-14,26.9,17.7,21.900000000000002
2015-10-15,26.2,18.0,21.020833333333332
2015-10-16,26.7,17.3,20.895833333333332
2015-10-17,29.1,18.9,23.195833333333336
2015-10-18,30.2,19.8,23.400000000000002
2015-10-19,30.1,18.2,23.099999999999998
2015-10-20,30.5,19.3,22.712500000000002
2015-10-21,30.5,18.6,23.037499999999998
2015-10-22,30.0,19.9,23.745833333333334
2015-10-23,28.6,19.2,22.058333333333334
2015-10-24,26.2,18.1,20.020833333333332
2015-10-25,27.8,16.9,20.104166666666668
2015-10-26,24.4,18.0,20.129166666666666
2015-10-27,24.4,17.1,20.2375
2015-10-28,29.8,18.0,22.479166666666668
2015-10-29,29.0,19.1,22.2
2015-10-30,29.0,19.2,22.683333333333334
2015-10-31,28.5,18.9,21.170833333333334
2015-11-01,27.2,17.7,21.1125
2015-11-02,22.4,17.5,19.3625
2015-11-03,27.1,17.5,21.34166666666667
2015-11-04,27.7,18.0,21.3125
2015-11-05,25.3,17.5,20.804166666666667
2015-11-06,26.5,18.8,21.4375
2015-11-07,25.7,17.6,20.925
2015-11-08,29.0,18.2,22.004166666666666
2015-11-09,27.5,18.9,22.53333333333333
2015-11-10,31.2,17.5,22.96666666666667
2015-11-11,28.7,19.0,22.0
2015-11-12,30.8,18.6,22.983333333333334
2015-11-13,28.7,19.1,23.34583333333333
2015-11-14,30.1,19.6,23.945833333333336
2015-11-15,27.2,20.4,22.991666666666664
2015-11-16,27.7,18.1,21.520833333333332
2015-11-17,28.4,17.7,21.1375
2015-11-18,26.0,18.4,20.820833333333333
2015-11-19,26.4,17.6,20.922727272727272
2015-11-20,28.9,18.8,22.2
2015-11-21,27.9,18.2,22.46666666666667
2015-11-22,29.5,19.3,22.733333333333334
2015-11-23,27.9,18.0,21.979166666666668
2015-11-24,28.4,18.4,21.47083333333333
2015-11-25,29.1,18.0,22.491666666666664
2015-11-26,29.7,,23.066666666666666
2015-11-27,27.6,19.6,22.756521739130434
2015-11-28,26.8,19.4,21.72083333333333
2015-11-29,29.7,18.0,22.891666666666666
2015-11-30,30.5,19.7,23.90833333333333
2015-12-01,28.6,20.1,23.608333333333334
2015-12-02,29.9,19.1,24.400000000000002
2015-12-03,29.7,16.2,22.333333333333332
2015-12-04,30.2,18.3,22.5625
2015-12-05,30.7,19.0,23.795833333333334
2015-12-06,30.0,17.4,23.52916666666667
2015-12-07,28.3,18.2,22.979166666666668
2015-12-08,29.9,19.2,23.583333333333332
2015-12-09,28.6,18.1,23.083333333333332
2015-12-10,30.1,19.0,23.787499999999998
2015-12-11,31.1,18.6,23.7
2015-12-12,31.5,16.0,23.099999999999998
2015-12-13,28.5,19.4,23.120833333333334
2015-12-14,27.9,20.1,22.71666666666667
2015-12-15,28.2,17.6,21.9875
2015-12-16,29.5,18.6,22.066666666666666
2015-12-17,28.5,20.0,22.983333333333334
2015-12-18,26.8,18.6,22.083333333333332
2015-12-19,30.5,19.3,23.34583333333333
2015-12-20,31.0,18.8,24.145833333333332
2015-12-21,30.2,18.1,23.766666666666666
2015-12-22,29.7,17.5,23.316666666666666
2015-12-23,31.0,18.6,24.150000000000002
2015-12-24,31.2,,24.587500000000002
2015-12-25,31.2,,24.145454545454548
2015-12-26,31.1,17.3,23.400000000000002
2015-12-27,29.8,17.6,23.28333333333333
2015-12-28,30.7,20.3,23.995833333333334
2015-12-29,32.4,18.1,24.741666666666664
2015-12-30,32.7,20.8,25.34583333333333
2015-12-31,30.8,19.8,24.95
2016-01-01,29.2,19.6,23.02916666666667
2016-01-02,26.8,19.1,21.804166666666664
2016-01-03,30.1,18.7,22.65416666666667
2016-01-04,27.7,17.8,21.133333333333333
2016-01-05,28.9,17.1,21.8625
2016-01-06,30.0,18.3,22.037499999999998
2016-01-07,30.1,18.6,23.212500000000002
2016-01-08,30.3,19.9,23.775000000000002
2016-01-09,30.3,17.9,23.383333333333336
2016-01-10,30.7,17.9,23.0625
2016-01-11,24.1,18.3,21.150000000000002
2016-01-12,30.7,16.2,22.275000000000002
2016-01-13,29.3,18.2,22.616666666666664
2016-01-14,29.9,19.3,23.354166666666668
2016-01-15,32.5,18.0,24.170833333333334
2016-01-16,32.4,18.0,24.204166666666666
2016-01-17,32.1,18.0,24.15833333333333
2016-01-18,30.8,15.9,22.745833333333334
2016-01-19,29.9,17.2,22.72083333333333
2016-01-20,31.0,17.4,22.833333333333332
2016-01-21,31.5,17.9,23.0125
2016-01-22,31.4,19.3,22.599999999999998
2016-01-23,30.1,18.5,23.03333333333333
2016-01-24,27.7,19.2,21.9875
2016-01-25,30.1,18.4,23.09583333333333
2016-01-26,31.3,17.9,23.712500000000002
2016-01-27,31.7,19.4,24.329166666666666
2016-01-28,31.0,20.3,24.21666666666667
2016-01-29,30.3,20.2,23.4375
2016-01-30,30.3,19.2,23.445833333333336
2016-01-31,30.7,17.1,22.837500000000002
2016-02-01,30.4,19.1,23.579166666666666
2016-02-02,31.8,18.5,23.829166666666666
2016-02-03,31.4,20.2,24.145833333333332
2016-02-04,30.4,18.2,23.866666666666664
2016-02-05,28.9,20.0,22.712500000000002
2016-02-06,31.5,19.6,24.429166666666664
2016-02-07,31.6,19.5,24.170833333333334
2016-02-08,29.6,19.3,22.829166666666666
2016-02-09,31.2,19.1,24.34583333333333
2016-02-10,31.1,19.5,24.433333333333334
2016-02-11,27.4,20.2,23.108333333333334
2016-02-12,30.2,18.1,23.358333333333334
2016-02-13,30.4,20.3,23.383333333333336
2016-02-14,30.4,20.5,24.27916666666667
2016-02-15,32.0,20.5,25.1375
2016-02-16,33.9,18.9,25.849999999999998
2016-02-17,30.7,17.9,23.3875
2016-02-18,32.4,19.8,24.837500000000002
2016-02-19,30.9,20.8,24.733333333333334
2016-02-20,30.3,20.8,24.650000000000002
2016-02-21,24.5,18.7,20.75
2016-02-22,28.9,18.9,21.816666666666666
2016-02-23,31.6,19.2,23.8125
2016-02-24,31.2,20.5,23.6125
2016-02-25,30.2,20.7,23.633333333333336
2016-02-26,30.8,17.9,23.145833333333332
2016-02-27,32.0,18.0,24.304166666666664
2016-02-28,31.8,21.0,24.599999999999998
2016-02-29,30.6,20.4,24.179166666666664
2016-03-01,32.7,19.8,24.620833333333334
2016-03-02,31.3,18.8,24.212500000000002
2016-03-03,31.2,20.6,24.483333333333334
2016-03-04,31.6,20.5,24.212500000000002
2016-03-05,32.9,19.9,24.766666666666666
2016-03-06,27.1,20.0,22.6375
2016-03-07,30.9,18.9,22.150000000000002
2016-03-08,30.5,18.6,22.479166666666668
2016-03-09,32.1,18.7,23.0125
2016-03-10,30.2,19.5,22.912499999999998
2016-03-11,31.5,17.6,23.733333333333334
2016-03-12,31.1,19.2,23.641666666666666
2016-03-13,30.3,20.4,23.375
2016-03-14,28.1,18.9,22.229166666666668
2016-03-15,30.7,19.7,24.154166666666665
2016-03-16,32.1,20.8,25.558333333333334
2016-03-17,27.3,20.1,22.329166666666666
2016-03-18,31.0,18.4,24.083333333333332
2016-03-19,31.9,21.1,25.5125
2016-03-20,31.3,19.7,24.491666666666664
2016-03-21,28.5,18.3,23.0625
2016-03-22,31.1,20.5,24.445833333333336
2016-03-23,32.9,18.8,25.224999999999998
2016-03-24,32.2,19.5,25.52916666666667
2016-03-25,33.4,19.8,25.883333333333336
2016-03-26,33.0,20.9,26.291666666666668
2016-03-27,31.1,22.0,24.883333333333336
2016-03-28,30.7,20.2,23.891666666666666
2016-03-29,32.2,19.1,24.59166666666667
2016-03-30,31.4,18.5,22.3
2016-03-31,28.9,17.3,22.825
2016-04-01,31.3,19.4,22.370833333333334
2016-04-02,27.6,18.9,22.066666666666666
2016-04-03,28.1,18.9,21.883333333333336
2016-04-04,29.5,17.7,22.462500000000002
2016-04-05,29.3,18.7,21.97083333333333
2016-04-06,29.2,18.6,22.979166666666668
2016-04-07,28.9,20.4,23.837500000000002
2016-04-08,30.5,20.0,24.395833333333332
2016-04-09,25.2,19.1,21.645833333333332
2016-04-10,28.0,19.0,22.516666666666666
2016-04-11,28.7,18.0,22.34583333333333
2016-04-12,24.5,18.1,20.045833333333334
2016-04-13,26.4,18.1,21.224999999999998
2016-04-14,29.2,18.0,22.675
2016-04-15,31.9,19.8,24.433333333333334
2016-04-16,28.1,20.8,23.4875
2016-04-17,30.9,20.6,23.78333333333333
2016-04-18,32.0,19.9,24.8625
2016-04-19,31.0,20.1,24.195833333333336
2016-04-20,31.3,20.7,24.974999999999998
2016-04-21,33.5,19.8,25.245833333333334
2016-04-22,31.1,20.9,24.974999999999998
2016-04-23,30.3,19.9,24.025000000000002
2016-04-24,27.8,18.4,21.854166666666668
2016-04-25,29.7,18.0,22.295833333333334
2016-04-26,27.3,18.2,21.400000000000002
2016-04-27,26.5,17.7,21.054166666666667
2016-04-28,25.9,19.5,21.465217391304346
2016-04-29,28.3,18.7,21.741666666666664
2016-04-30,28.6,18.0,21.270833333333332
2016-05-01,27.5,18.6,21.333333333333332
2016-05-02,27.0,18.4,21.008333333333333
2016-05-03,27.0,18.9,21.670833333333334
2016-05-04,25.6,18.4,21.558333333333334
2016-05-05,29.4,16.8,22.670833333333334
2016-05-06,25.1,17.9,21.97826086956522
2016-06-16,31.0,16.4,23.145833333333332
2016-06-17,30.8,17.1,23.754166666666666
2016-06-18,30.8,18.2,23.870833333333334
2016-06-19,28.4,17.3,21.871428571428574
2016-06-20,27.0,18.0,21.70909090909091
2016-06-21,30.4,17.8,23.44782608695652
2016-06-22,31.4,18.3,24.316666666666666
2016-06-23,30.3,19.0,23.666666666666668
2016-06-24,27.9,18.0,22.212500000000002
2016-06-25,29.4,17.6,21.758333333333336
2016-06-26,28.9,18.7,22.95
2016-06-27,31.0,17.8,24.366666666666664
2016-06-28,30.8,17.6,23.866666666666664
2016-06-29,30.0,17.6,23.754166666666666
2016-06-30,31.0,19.9,24.599999999999998
2016-07-01,30.7,19.1,24.1375
2016-07-02,29.2,18.5,23.266666666666666
2016-07-03,29.6,,22.037499999999998
2016-07-04,30.4,18.4,23.287499999999998
2016-07-05,28.4,18.5,22.054166666666664
2016-07-06,28.3,17.0,21.425
2016-07-07,29.6,17.3,23.320833333333336
2016-07-08,30.6,18.5,24.270833333333332
2016-07-09,30.6,17.0,24.125
2016-07-10,30.3,19.5,24.45
2016-07-11,31.0,18.0,23.3125
2016-07-12,28.5,16.3,21.991666666666664
2016-07-13,26.8,18.0,21.537499999999998
2016-07-14,29.6,17.5,22.604166666666668
2016-07-15,27.6,16.8,20.845833333333335
2016-07-16,24.7,17.5,19.729166666666668
2016-07-17,27.2,16.3,20.5125
2016-07-18,28.9,17.2,21.983333333333334
2016-07-19,29.4,17.5,22.770833333333332
2016-07-20,28.5,17.2,22.400000000000002
2016-07-21,30.0,18.3,23.670833333333334
2016-07-22,28.4,18.4,22.72083333333333
2016-07-23,28.9,18.5,22.395833333333332
2016-07-26,30.9,18.2,23.4875
2016-07-27,30.2,17.8,22.329166666666666
2016-07-28,30.0,16.8,23.0625
2016-07-29,29.4,19.0,23.395833333333332
2016-07-30,30.1,19.1,23.445833333333336
2016-07-31,30.2,18.1,23.22083333333333
2016-08-01,32.1,18.5,24.316666666666666
2016-08-02,31.0,19.4,23.787499999999998
2016-08-03,30.4,19.2,22.9375
2016-08-04,27.7,17.4,21.679166666666664
2016-08-05,31.3,19.4,23.775000000000002
2016-08-06,31.2,20.0,24.5625
2016-08-07,31.6,18.5,24.7625
2016-08-08,30.8,18.2,23.5
2016-08-09,30.7,18.4,23.808333333333334
2016-08-10,29.4,17.8,22.900000000000002
2016-08-11,30.9,18.9,24.195833333333336
2016-08-12,31.1,18.2,23.729166666666668
2016-08-13,30.7,17.2,23.1375
2016-08-14,30.5,19.6,24.09166666666667
2016-08-15,28.7,19.0,22.679166666666664
2016-08-16,30.0,20.0,24.241666666666664
2016-09-28,29.7,18.4,22.983333333333334
2016-09-29,29.9,17.7,22.204166666666666
2016-09-30,29.7,18.4,22.770833333333332
2016-10-01,24.4,19.1,21.208333333333332
2016-10-02,28.6,17.8,22.21666666666667
2016-10-03,30.5,19.2,23.333333333333332
2016-10-04,30.1,17.5,22.84583333333333
2016-10-05,26.9,17.2,21.279166666666665
2016-10-06,29.5,19.0,22.291666666666668
2016-10-07,26.4,18.6,21.058333333333334
2016-10-08,25.5,17.4,20.616666666666667
2016-10-09,27.1,18.2,21.291666666666668
2016-10-10,28.3,17.4,20.554166666666667
2016-10-11,27.4,18.2,21.566666666666666
2016-10-12,25.4,17.5,20.258333333333333
2016-10-13,27.0,18.5,22.075
2016-10-14,29.5,17.6,22.6125
2016-10-15,28.3,18.2,21.008333333333333
2016-10-16,,17.4,21.325
2016-10-17,28.1,18.1,21.3
2016-10-18,21.4,16.8,19.158333333333335
2016-10-19,26.9,16.6,21.016666666666666
2016-10-20,29.0,18.6,22.400000000000002
2016-10-21,29.3,19.1,23.400000000000002
2016-10-22,29.4,18.4,22.854166666666668
2016-10-23,27.1,18.3,21.208333333333332
2016-10-24,29.6,17.7,21.391666666666666
2016-10-25,24.3,16.5,20.191666666666666
2016-10-26,26.6,18.0,21.691666666666666
2016-10-27,29.1,18.6,22.22083333333333
2016-10-28,30.1,18.2,21.829166666666666
2016-10-29,26.6,16.6,20.404166666666665
2016-10-30,29.3,17.0,22.183333333333334
2016-10-31,27.8,18.3,21.391666666666666
2016-11-01,24.5,18.5,20.683333333333334
2016-11-02,27.9,18.6,21.241666666666667
2016-11-03,27.4,18.4,21.56086956521739
2016-11-04,28.0,18.1,21.325
2016-11-05,29.1,17.5,21.125
2016-11-06,26.7,18.1,21.1125
2016-11-07,25.2,17.4,20.178260869565218
2016-11-08,26.6,18.1,21.52916666666667
2016-11-09,28.9,18.3,22.491666666666664
2016-11-10,25.2,18.8,21.52173913043478
2016-11-11,24.4,19.1,21.104545454545455
2016-11-12,25.6,17.4,20.654166666666665
2016-11-13,29.0,18.4,21.5
2016-11-14,26.0,17.8,19.945833333333333
2016-11-15,26.7,16.9,20.6125
2016-11-16,28.0,17.3,20.808333333333334
2016-11-17,27.4,17.3,20.304166666666667
2016-11-18,28.5,17.9,20.341666666666665
2016-11-19,23.9,17.5,19.983333333333334
2016-11-20,25.6,17.3,20.712500000000002
2016-11-21,28.2,14.6,20.625
2016-11-22,29.9,12.0,20.5125
2016-11-23,28.5,18.8,22.191666666666666
2016-11-24,28.7,19.3,22.291666666666668
2016-11-25,24.6,18.2,20.508333333333333
2016-11-26,26.3,16.9,20.224999999999998
2016-11-27,25.0,18.4,20.516666666666666
2016-11-28,29.4,17.9,21.495833333333334
2016-11-29,25.0,17.0,20.566666666666666
2016-11-30,28.9,18.1,21.683333333333334
2016-12-01,24.5,19.4,21.295833333333334
2016-12-02,26.9,17.3,20.425
2016-12-03,24.5,17.5,19.7
2016-12-04,27.4,17.3,20.841666666666665
2016-12-05,27.1,17.0,19.783333333333335
2016-12-06,27.0,16.9,21.191666666666666
2016-12-07,26.1,18.4,20.716666666666665
2016-12-08,26.9,16.8,19.770833333333332
2016-12-09,26.8,16.9,20.495833333333334
2016-12-10,27.6,17.1,20.858333333333334
2016-12-11,28.0,17.3,21.491666666666664
2016-12-12,28.3,18.1,21.782608695652176
2016-12-13,26.4,18.1,21.645833333333332
2016-12-14,28.2,17.8,22.058333333333334
2016-12-15,27.5,18.3,22.316666666666666
2016-12-16,27.7,18.4,21.645833333333332
2016-12-17,28.2,18.8,22.175
2016-12-18,29.1,17.6,22.537499999999998
2016-12-19,29.0,18.8,22.383333333333336
2016-12-20,28.8,17.4,21.55
2016-12-21,21.1,16.5,18.608333333333334
2016-12-22,26.9,17.0,20.495833333333334
2016-12-23,25.4,17.4,20.766666666666666
2016-12-24,27.2,17.9,21.625
2016-12-25,27.3,18.1,20.845833333333335
2016-12-26,28.6,17.8,21.395833333333332
2016-12-27,28.0,17.0,21.620833333333334
2016-12-28,28.8,17.6,22.15416666666667
2016-12-29,28.7,18.8,22.28333333333333
2016-12-30,23.8,18.6,20.6375
2016-12-31,25.8,17.7,20.8125
2017-01-01,29.4,17.6,22.270833333333332
2017-01-02,30.2,18.2,23.162499999999998
2017-01-03,29.0,18.1,22.525000000000002
2017-01-04,28.3,17.4,22.09166666666667
2017-01-05,26.5,17.4,20.445833333333333
2017-01-06,29.0,16.3,21.34583333333333
2017-01-07,28.3,18.7,21.941666666666666
2017-01-08,26.6,16.2,20.416666666666668
2017-01-09,25.8,17.6,20.645833333333332
2017-01-10,27.6,17.3,21.037499999999998
2017-01-11,28.7,17.6,21.283333333333335
2017-01-12,27.6,16.7,20.8
2017-01-13,28.1,18.1,20.981818181818184
2017-01-14,27.8,18.1,21.09090909090909
2017-01-15,24.5,17.3,19.830434782608698
2017-01-16,,16.1,20.26818181818182
2017-01-17,26.6,17.9,21.0
2017-01-18,22.4,16.9,19.3875
2017-01-19,28.8,16.0,20.275000000000002
2017-01-20,29.0,17.5,21.508333333333336
2017-01-21,28.1,17.2,21.633333333333336
2017-01-22,28.1,16.8,21.370833333333334
2017-01-23,28.8,16.8,21.98695652173913
2017-01-24,27.1,17.2,21.025000000000002
2017-01-25,28.8,15.7,21.095833333333335
2017-01-26,29.2,17.3,22.395833333333332
2017-01-27,28.2,18.4,22.30416666666667
2017-01-28,28.4,17.8,22.53333333333333
2017-01-29,29.1,18.2,23.354166666666668
2017-01-30,25.1,18.9,21.375
2017-01-31,28.1,17.8,22.016666666666666
2017-02-01,28.9,18.3,22.162499999999998
2017-02-02,27.9,17.2,21.733333333333334
2017-02-03,29.5,18.5,22.7375
2017-02-04,31.0,19.2,23.608333333333334
2017-02-05,31.8,19.0,24.366666666666664
2017-02-06,31.2,19.7,24.1875
2017-02-07,31.7,17.9,23.883333333333336
2017-02-08,32.9,18.3,24.083333333333332
2017-02-09,30.4,19.4,23.0
2017-02-10,29.5,16.6,22.15833333333333
2017-02-11,30.2,17.8,22.650000000000002
2017-02-12,26.9,19.0,21.629166666666666
2017-02-13,29.7,17.3,22.05
2017-02-14,29.7,16.6,22.254166666666666
2017-02-15,29.9,16.3,22.15833333333333
2017-02-16,29.9,17.8,22.204166666666666
2017-02-17,29.5,17.5,21.099999999999998
2017-02-18,29.8,17.6,22.349999999999998
2017-02-19,31.0,18.9,23.129166666666666
2017-02-20,30.5,18.0,22.854166666666668
2017-02-21,30.4,16.6,21.875
2017-02-22,28.5,17.7,21.383333333333336
2017-02-23,29.9,16.5,21.070833333333333
2017-02-24,28.2,16.5,19.904166666666665
2017-02-25,28.7,16.5,21.34166666666667
2017-02-26,29.0,16.8,22.175
2017-02-27,28.3,17.9,21.3875
2017-02-28,27.6,18.1,20.729166666666668
2017-03-01,30.5,16.7,20.208333333333332
2017-03-02,28.1,17.0,20.970833333333335
2017-03-03,27.0,18.1,21.8625
2017-03-04,31.0,18.5,23.820833333333336
2017-03-05,,18.9,21.891666666666666
2017-03-06,29.0,19.5,22.7625
2017-03-07,27.0,18.7,21.383333333333336
2017-03-08,21.6,17.9,19.520833333333332
2017-03-09,28.4,16.8,20.849999999999998
2017-03-10,22.7,17.5,19.2375
2017-03-11,27.4,17.0,19.9875
2017-03-12,23.9,17.1,19.870833333333334
2017-03-13,25.2,17.3,19.866666666666667
2017-03-14,27.7,17.3,20.858333333333334
2017-03-15,25.9,17.6,20.212500000000002
2017-03-16,28.7,16.7,21.416666666666668
2017-03-19,25.9,18.7,21.195833333333333
2017-03-20,28.2,18.6,21.508333333333336
2017-03-21,27.8,16.0,21.116666666666667
2017-03-22,24.9,17.8,20.8625
2017-03-23,25.4,17.4,20.425
2017-03-24,24.5,18.2,20.045833333333334
2017-03-25,29.6,17.8,20.629166666666666
2017-03-26,25.4,17.8,20.508333333333333
2017-03-27,30.0,17.6,22.375
2017-03-28,28.7,17.8,21.639130434782608
2017-03-29,26.9,18.9,21.34583333333333
2017-03-30,24.5,16.9,20.037499999999998
2017-03-31,25.2,18.0,20.404166666666665
2017-04-01,29.7,17.0,22.354166666666668
2017-04-02,29.7,17.4,23.313043478260873
2017-04-03,29.8,17.8,23.679166666666664
2017-04-04,31.2,19.6,24.445833333333336
2017-04-05,30.8,19.6,24.22083333333333
2017-04-06,30.2,17.7,23.608333333333334
2017-04-07,29.7,18.4,22.9375
2017-04-08,27.7,17.0,21.12608695652174
2017-04-09,24.6,17.5,20.0625
2017-04-10,28.8,16.8,21.554166666666664
2017-04-11,27.4,17.4,21.47083333333333
2017-04-12,26.3,17.5,21.195833333333333
2017-04-13,30.2,18.7,22.545833333333334
2017-04-14,21.4,18.0,19.650000000000002
2017-04-15,31.6,16.1,23.133333333333336
2017-04-16,28.5,19.7,23.558333333333334
2017-04-17,24.6,17.7,21.479166666666668
2017-04-18,26.7,19.1,21.454166666666666
2017-04-19,24.3,17.1,20.691666666666666
2017-04-20,23.9,18.7,20.495833333333334
2017-04-21,26.8,18.2,21.2375
2017-04-22,28.9,18.1,22.65833333333333
2017-04-23,30.8,18.9,24.016666666666666
2017-04-24,27.7,19.9,22.795833333333334
2017-04-25,27.8,19.3,21.616666666666664
2017-04-26,26.5,17.3,20.854166666666668
2017-04-27,30.6,19.0,23.241666666666664
2017-04-28,30.6,18.2,23.5625
2017-04-29,28.7,17.9,23.15833333333333
2017-04-30,23.4,18.3,20.629166666666666
2017-05-01,26.9,17.9,20.916666666666668
2017-05-02,26.4,18.1,20.8875
2017-05-03,22.3,17.6,19.837500000000002
2017-05-04,28.2,15.8,20.229166666666668
2017-05-05,27.3,17.7,20.779166666666665
2017-05-06,25.2,16.9,20.345833333333335
2017-05-07,26.5,17.1,21.254166666666666
2017-05-08,25.3,17.3,20.525000000000002
2017-05-09,24.6,18.2,20.645833333333332
2017-05-10,26.3,17.7,20.366666666666667
2017-05-11,25.3,17.8,20.713043478260868
2017-05-12,24.1,18.3,20.345833333333335
2017-05-13,26.7,18.1,21.150000000000002
2017-05-14,28.8,18.4,21.53333333333333
2017-05-15,28.6,17.5,20.858333333333334
2017-05-16,28.4,16.9,21.06086956521739
2017-05-17,,18.1,21.221739130434784
2017-05-18,29.7,17.3,22.6875
2017-05-19,31.3,18.1,23.833333333333332
2017-05-20,28.8,19.3,22.958333333333332
2017-05-21,27.5,18.0,21.370833333333334
2017-05-22,26.6,18.2,20.724999999999998
2017-05-23,30.3,17.7,22.766666666666666
2017-05-24,31.8,17.3,24.383333333333336
2017-05-25,31.0,18.3,23.983333333333334
2017-05-26,30.4,17.7,23.241666666666664
2017-05-27,28.5,17.7,22.4375
2017-05-28,31.2,18.9,23.95
2017-05-29,29.3,20.0,23.229166666666668
2017-05-30,30.5,18.3,23.3
2017-05-31,28.1,19.3,22.8625
2017-06-01,30.1,19.1,22.847826086956523
2017-06-02,31.0,18.5,23.320833333333336
2017-06-03,32.5,18.2,24.875
2017-06-04,30.5,20.0,24.78333333333333
2017-06-05,30.2,19.8,24.05
2017-06-06,31.4,17.6,24.2375
2017-06-07,27.2,18.2,21.554166666666664
2017-06-08,24.9,17.5,19.825
2017-06-09,27.6,17.4,20.875
2017-06-10,30.3,16.9,22.895833333333332
2017-06-11,29.7,17.8,21.90833333333333
2017-06-12,26.8,18.1,21.095833333333335
2017-06-13,28.7,18.0,21.224999999999998
2017-06-14,28.4,16.8,21.395833333333332
2017-06-15,24.1,16.5,19.43913043478261
2017-06-16,29.0,14.9,20.870833333333334
2017-06-17,26.2,17.2,20.243478260869566
2017-06-18,27.2,17.9,20.625
2017-06-19,28.0,18.0,21.358333333333334
2017-06-20,27.7,18.4,21.412499999999998
2017-06-21,27.8,17.9,21.179166666666667
2017-06-22,29.3,18.0,22.666666666666668
2017-06-23,27.3,16.8,21.2
2017-06-24,31.1,16.9,23.037499999999998
2017-06-25,25.9,18.3,21.037499999999998
2017-06-26,25.9,17.9,20.6875
2017-06-27,27.7,17.7,21.070833333333333
2017-06-28,29.1,18.3,21.9875
2017-06-29,29.2,18.2,22.21666666666667
2017-06-30,27.1,17.4,20.979166666666668
2017-07-01,30.9,18.7,24.34583333333333
2017-07-02,28.2,19.0,23.104166666666668
2017-07-03,29.2,17.4,22.670833333333334
2017-07-04,30.6,17.7,23.55
2017-07-05,30.5,18.9,23.8875
2017-07-06,29.3,19.4,22.97083333333333
2017-07-07,30.6,18.7,24.21666666666667
2017-07-08,30.9,18.1,23.962500000000002
2017-07-09,31.0,18.2,23.766666666666666
2017-07-10,29.6,18.4,23.30454545454546
2017-07-11,28.0,19.2,22.386363636363637
2017-07-12,27.2,18.0,22.15909090909091
2017-07-13,30.7,16.2,22.320833333333336
2017-07-14,29.2,18.6,22.645833333333332
2017-07-15,26.2,17.1,20.587500000000002
2017-07-16,30.4,17.7,21.104545454545455
2017-07-17,27.3,17.0,21.19
2017-07-18,31.2,18.0,22.891304347826086
2017-07-19,29.2,17.4,22.129166666666666
2017-07-20,24.8,17.6,20.7
2017-07-21,30.4,17.7,23.258333333333336
2017-07-22,30.6,18.0,23.75
2017-07-23,29.7,19.1,23.6125
2017-07-24,31.1,17.9,24.129166666666666
2017-07-25,31.8,19.1,24.508333333333336
2017-07-26,29.7,17.4,23.775000000000002
2017-07-27,31.0,17.4,23.791666666666668
2017-07-28,30.8,19.2,24.058333333333334
2017-07-29,30.8,18.6,24.041666666666668
2017-07-30,27.8,19.1,22.47083333333333
2017-07-31,26.5,18.3,21.4875
2017-08-01,28.2,18.1,22.15416666666667
2017-08-02,30.5,18.2,23.145833333333332
2017-08-03,31.7,18.9,24.116666666666664
2017-08-04,26.4,17.7,20.495833333333334
2017-08-05,29.9,17.9,22.679166666666664
2017-08-06,31.5,18.5,24.170833333333334
2017-08-07,30.9,18.5,23.816666666666666
2017-08-08,30.5,18.9,23.483333333333334
2017-08-09,28.8,17.8,22.90833333333333
2017-08-10,29.8,18.2,23.162499999999998
2017-08-11,29.2,17.4,21.920833333333334
2017-08-12,26.8,17.2,20.960869565217394
2017-08-13,29.8,17.7,23.116666666666664
2017-08-14,30.9,18.9,24.099999999999998
2017-08-15,30.8,20.4,24.47083333333333
2017-08-16,26.5,17.9,21.270833333333332
2017-08-17,31.0,17.6,23.0125
2017-08-18,29.5,19.6,22.35217391304348
2017-08-19,23.8,18.7,20.537499999999998
2017-08-20,27.1,17.9,20.245833333333334
2017-08-21,30.0,18.4,22.8625
2017-08-22,30.1,18.7,23.713043478260868
2017-08-23,29.8,18.4,22.90416666666667
2017-08-24,27.9,18.5,21.333333333333332
2017-08-25,30.4,18.8,23.45
2017-08-26,28.9,17.5,22.162499999999998
2017-08-27,29.0,16.6,21.095833333333335
2017-08-28,27.2,16.4,21.452173913043477
2017-08-29,29.9,16.4,21.558333333333334
2017-08-30,29.3,16.5,21.65416666666667
2017-08-31,30.3,18.1,23.21666666666667
2017-09-01,31.3,17.4,24.087500000000002
2017-09-02,27.6,20.1,22.59166666666667
2017-09-03,28.8,18.5,23.037499999999998
2017-09-04,31.1,16.8,23.34166666666667
2017-09-05,28.6,16.7,22.016666666666666
2017-09-06,31.3,17.7,22.9875
2017-09-07,26.9,17.9,21.275000000000002
2017-09-08,23.7,18.1,20.425
2017-09-09,24.5,17.5,19.929166666666667
2017-09-10,27.4,17.4,21.0
2017-09-11,29.7,17.9,23.166666666666668
2017-09-12,28.5,16.8,21.900000000000002
2017-09-13,28.1,17.1,20.945833333333333
2017-09-14,28.5,17.6,21.754166666666666
2017-09-15,27.8,17.3,21.695833333333336
2017-09-16,29.8,17.3,22.65416666666667
2017-09-17,27.5,17.2,21.2
2017-09-18,28.9,18.2,21.875
2017-09-19,28.7,17.0,21.383333333333336
2017-09-20,28.9,17.8,21.729166666666668
2017-09-21,28.5,18.8,21.516666666666666
2017-09-22,29.1,18.6,22.266666666666666
2017-09-23,28.2,17.6,21.058333333333334
2017-09-24,29.4,19.0,23.177272727272726
2017-09-25,28.8,18.9,22.666666666666668
2017-09-26,26.7,18.1,21.52916666666667
2017-09-27,30.1,17.2,23.025000000000002
2017-09-28,25.1,18.6,21.445833333333336
2017-09-29,26.9,18.5,20.970833333333335
2017-09-30,26.0,17.8,19.741666666666667
2017-10-01,28.3,16.9,20.495833333333334
2017-10-02,28.4,16.5,20.5625
2017-10-03,28.7,17.7,20.60833333333333
2017-10-04,25.4,17.2,21.0125
2017-10-05,22.8,17.4,19.970833333333335
2017-10-06,28.3,17.1,21.129166666666666
2017-10-07,28.8,17.4,22.566666666666666
2017-10-08,30.2,17.6,20.9375
2017-10-09,24.2,16.7,19.316666666666666
2017-10-10,29.4,15.3,20.55217391304348
2017-10-11,25.5,18.6,21.395833333333332
2017-10-12,29.8,17.2,22.463636363636365
2017-10-13,29.1,18.9,23.075
2017-10-14,28.3,18.8,22.53333333333333
2017-10-15,30.4,18.2,23.425
2017-10-16,30.7,19.0,24.325
2017-10-17,31.6,18.7,24.537499999999998
2017-10-18,31.8,17.9,23.96666666666667
2017-10-19,29.5,18.9,23.354166666666668
2017-10-20,29.8,19.3,23.108333333333334
2017-10-21,29.1,19.2,21.825
2017-10-22,28.6,19.0,21.962500000000002
2017-10-23,25.1,19.6,21.941666666666666
2017-10-24,23.3,18.9,20.55
2017-10-25,26.8,17.8,20.395833333333332
2017-10-26,21.1,17.3,18.516666666666666
2017-10-27,29.0,15.4,20.695833333333333
2017-10-28,22.2,17.4,19.383333333333333
2017-10-29,24.7,16.7,19.208333333333332
2017-10-30,25.8,16.7,19.95416666666667
2017-10-31,26.4,18.0,20.6375
2017-11-01,27.8,17.9,22.025000000000002
2017-11-02,28.5,17.4,21.891666666666666
2017-11-03,27.6,18.4,21.383333333333336
2017-11-04,26.2,17.5,20.854166666666668
2017-11-05,24.9,17.2,20.154166666666665
2017-11-06,30.2,17.0,21.97083333333333
2017-11-07,28.3,17.6,21.329166666666666
2017-11-08,28.3,17.2,20.8875
2017-11-09,25.4,17.6,20.05
2017-11-12,29.6,18.5,22.945833333333336
2017-11-13,26.0,18.5,21.129166666666666
2017-11-14,25.9,17.9,20.366666666666667
2017-11-15,26.2,17.0,20.320833333333333
2017-11-20,26.7,17.1,20.962500000000002
2017-11-21,27.6,18.6,21.204166666666666
2017-11-22,26.1,18.9,21.4875
2017-11-23,27.6,17.6,21.770833333333332
2017-11-24,26.8,17.9,20.1125
2017-11-25,28.1,18.3,21.8875
2017-11-26,28.9,18.8,22.766666666666666
2017-11-27,27.7,19.1,21.679166666666664
2017-11-28,27.5,19.0,21.991666666666664
2017-11-29,28.2,18.0,21.458333333333332
2017-11-30,,,21.66111111111111
2017-12-05,30.1,17.3,23.02916666666667
2017-12-06,30.1,18.3,23.504166666666666
2017-12-07,28.9,19.1,23.254166666666666
2017-12-08,27.4,17.4,21.233333333333334
2017-12-09,27.6,16.8,19.575
2017-12-10,26.5,17.3,20.608333333333334
2017-12-11,27.2,17.6,21.379166666666666
2017-12-12,26.4,17.2,20.891666666666666
2017-12-13,26.3,15.5,20.383333333333333
2017-12-14,27.3,17.6,21.652173913043477
2017-12-15,29.2,17.2,22.583333333333332
2017-12-16,,19.3,22.412499999999998
2017-12-17,29.5,18.2,22.941666666666666
2017-12-18,29.9,16.4,22.77916666666667
2017-12-19,29.1,17.6,22.752380952380953
2017-12-20,29.0,16.9,22.366666666666664
2017-12-21,28.1,18.1,22.34583333333333
2017-12-22,28.2,18.7,22.40416666666667
2017-12-23,29.8,18.3,22.633333333333336
2017-12-24,26.8,19.1,21.787499999999998
2017-12-25,28.0,18.5,21.054166666666667
2017-12-26,27.8,17.2,21.079166666666666
2017-12-27,25.0,18.7,21.2
2017-12-28,24.6,17.1,20.2125
2017-12-29,24.0,18.6,20.133333333333333
2017-12-30,26.9,17.5,20.5625
2017-12-31,26.0,17.3,20.595833333333335
2018-01-01,27.0,16.5,20.083333333333332
2018-01-02,26.6,16.4,19.895833333333332
2018-01-03,28.5,17.7,21.2625
2018-01-04,28.2,16.7,20.920833333333334
2018-01-05,27.2,18.1,20.258333333333333
2018-01-06,27.6,17.6,21.695833333333336
2018-01-07,28.5,15.8,21.058333333333334
2018-01-08,28.4,16.9,21.25
2018-01-09,22.4,16.9,18.708333333333332
2018-01-10,27.3,15.7,20.212500000000002
2018-01-11,26.4,17.6,20.741666666666667
2018-01-12,25.3,18.4,20.55
2018-01-13,26.2,17.2,20.641666666666666
2018-01-14,27.9,17.9,21.154166666666665
2018-01-15,26.3,16.8,19.983333333333334
2018-01-16,22.9,17.4,19.495833333333334
2018-01-17,25.0,17.3,19.316666666666666
2018-01-18,26.4,17.3,20.341666666666665
2018-01-19,27.5,17.1,21.3125
2018-01-20,29.8,16.0,22.054166666666664
2018-01-21,29.5,17.7,22.941666666666666
2018-01-22,26.9,16.7,21.287499999999998
2018-01-23,29.2,17.4,22.445833333333336
2018-01-24,29.5,19.1,22.870833333333334
2018-01-25,30.1,16.2,22.3
2018-01-26,27.4,19.0,21.429166666666664
2018-01-27,28.6,17.6,22.645833333333332
2018-01-28,27.9,19.8,22.229166666666668
2018-01-29,29.8,18.0,23.133333333333336
2018-01-30,29.2,19.7,23.116666666666664
2018-01-31,30.0,19.5,23.325
2018-02-01,28.7,19.2,22.895833333333332
2018-02-02,27.4,18.2,21.8125
2018-02-03,24.7,17.6,20.470833333333335
2018-02-04,28.3,18.9,22.191666666666666
2018-02-05,27.5,18.7,22.0125
2018-02-06,28.7,18.7,22.6375
2018-02-07,30.9,16.2,22.429166666666664
2018-02-08,29.1,19.2,22.875
2018-02-09,28.5,16.9,22.02916666666667
2018-02-10,28.3,17.9,22.47083333333333
2018-02-11,24.4,19.0,20.883333333333333
2018-02-12,27.7,17.5,21.275000000000002
2018-02-13,29.6,17.4,21.170833333333334
2018-02-14,24.3,17.0,20.279166666666665
2018-02-15,27.4,17.9,20.770833333333332
2018-02-16,27.8,18.7,21.829166666666666
2018-02-17,27.8,19.1,22.2
2018-02-18,28.6,18.6,22.270833333333332
2018-02-19,28.7,17.3,22.212500000000002
2018-02-20,26.9,18.6,21.5625
2018-02-21,28.0,15.3,21.320833333333333
2018-02-22,24.5,18.0,20.608333333333334
2018-02-23,27.1,15.8,19.283333333333335
2018-02-24,26.8,15.9,19.787499999999998
2018-02-25,25.7,16.8,19.4875
2018-02-26,28.5,14.5,20.6625
2018-02-27,27.8,17.1,20.8875
2018-02-28,29.4,16.6,21.2375
2018-03-01,29.9,17.1,22.141666666666666
2018-03-02,25.4,18.7,21.245833333333334
2018-03-03,29.2,17.7,21.712500000000002
2018-03-04,28.8,18.8,21.337500000000002
2018-03-05,27.5,18.2,21.308333333333334
2018-03-06,27.8,17.7,21.016666666666666
2018-03-07,30.8,17.9,23.441666666666666
2018-03-08,30.3,18.8,23.758333333333336
2018-03-09,30.2,18.7,23.929166666666664
2018-03-10,31.0,18.4,24.479166666666668
2018-03-11,31.7,16.4,24.2
2018-03-12,30.7,17.2,23.84166666666667
2018-03-13,27.3,19.7,22.752173913043475
2018-03-14,31.1,19.5,24.245833333333334
2018-03-15,24.5,18.0,21.16086956521739
2018-03-16,30.5,17.3,23.070833333333336
2018-03-17,29.5,17.4,23.391666666666666
2018-03-18,29.1,19.7,22.09583333333333
2018-03-19,29.2,17.5,21.3625
2018-03-20,25.6,16.9,21.033333333333335
2018-03-21,28.2,18.1,22.1125
2018-03-22,24.8,19.8,22.004166666666666
2018-03-23,30.0,17.9,21.787499999999998
2018-03-24,26.4,17.4,21.033333333333335
2018-03-25,28.8,17.4,20.662499999999998
2018-03-26,29.1,17.7,21.087500000000002
2018-03-27,29.2,17.8,21.46666666666667
2018-03-28,26.7,19.1,21.825
2018-03-29,24.0,17.9,20.429166666666667
2018-03-30,26.0,18.9,21.143478260869564
2018-03-31,27.4,16.7,20.633333333333333
2018-04-01,28.5,17.3,20.304166666666667
2018-04-02,25.6,17.5,19.695652173913043
2018-04-03,26.8,16.8,20.454166666666666
2018-04-04,28.3,18.0,20.733333333333334
2018-04-05,28.4,17.0,20.704166666666666
2018-04-06,25.0,16.2,19.6875
2018-04-07,27.7,17.9,21.2625
2018-04-08,29.1,17.6,22.141666666666666
2018-04-09,30.1,16.8,21.717391304347824
2018-04-10,26.0,17.5,20.208333333333332
2018-04-11,24.9,16.9,20.2375
2018-04-12,25.7,16.5,19.929166666666667
2018-04-13,27.8,18.0,20.479166666666668
2018-04-14,26.6,17.9,20.875
2018-04-15,25.7,18.3,21.308333333333334
2018-04-16,27.4,18.6,21.566666666666666
2018-04-17,25.3,18.9,21.175
2018-04-18,26.0,18.3,21.816666666666666
2018-04-19,29.3,17.8,23.258333333333336
2018-04-20,27.9,18.6,22.558333333333334
2018-04-21,30.6,16.3,22.90416666666667
2018-04-22,26.5,17.2,21.917391304347827
2018-04-23,29.9,16.8,22.604166666666668
2018-04-27,25.8,17.0,20.575
2018-05-01,27.8,18.0,21.116666666666667
2018-05-02,29.4,18.2,22.3625
2018-05-03,27.1,17.2,21.483333333333334
2018-05-04,26.6,17.0,20.087500000000002
2018-05-06,26.8,18.0,20.447619047619046
2018-05-07,26.9,17.0,20.154166666666665
2018-05-08,25.7,16.9,20.06086956521739
2018-05-09,27.0,16.8,20.138095238095236
2018-05-10,26.6,17.4,20.004166666666666
2018-05-11,25.4,17.7,20.066666666666666
2018-05-12,27.8,16.5,20.85
2018-05-13,26.2,16.6,20.052380952380954
2018-05-14,26.0,17.1,19.745833333333334
2018-05-15,29.3,17.1,20.05
2018-05-16,27.7,16.2,20.860869565217392
2018-05-17,30.1,17.5,22.316666666666666
2018-05-18,28.4,17.2,21.400000000000002
2018-05-19,27.8,16.8,20.366666666666667
2018-05-20,26.7,15.7,19.92083333333333
2018-05-21,25.3,17.7,20.2375
2018-05-22,28.4,17.9,21.5
2018-05-23,28.1,18.0,21.941666666666666
2018-05-24,29.1,19.3,23.15833333333333
2018-05-25,31.1,18.6,23.491666666666664
2018-05-26,25.0,18.8,20.2125
2018-05-27,28.1,17.3,21.645833333333332
2018-05-28,27.1,18.0,21.058333333333334
2018-05-29,29.0,18.8,22.212500000000002
2018-05-30,27.8,17.9,20.95
2018-05-31,30.5,17.7,22.679166666666664
2018-06-01,25.6,16.8,20.229166666666668
2018-06-02,30.9,14.7,21.900000000000002
2018-06-03,30.3,16.7,22.1875
2018-06-04,29.4,18.3,23.295833333333334
2018-06-05,27.9,19.3,22.95
2018-06-06,28.6,18.2,22.608333333333334
2018-06-07,30.6,19.2,23.008333333333336
2018-06-08,30.5,19.1,23.979166666666668
2018-06-09,30.1,18.7,24.329166666666666
2018-06-10,29.3,19.3,22.95
2018-06-11,29.4,18.3,22.313043478260873
2018-06-12,29.0,17.1,22.65833333333333
2018-06-13,29.8,18.6,23.6375
2018-06-14,28.8,17.0,21.2375
2018-06-15,29.6,16.5,21.77916666666667
2018-06-16,30.2,17.7,23.258333333333336
2018-06-17,30.3,18.5,23.733333333333334
2018-06-18,29.9,18.7,23.525000000000002
2018-06-19,29.3,17.8,22.629166666666666
2018-06-20,28.2,18.5,21.787499999999998
2018-06-21,30.1,18.1,22.90833333333333
2018-06-22,29.9,17.3,22.633333333333336
2018-06-23,29.4,16.3,22.016666666666666
2018-06-24,29.4,16.0,21.7625
2018-06-25,28.3,17.3,22.479166666666668
2018-06-26,30.1,17.1,21.179166666666667
2018-06-27,27.8,15.8,20.8875
2018-06-28,27.4,17.3,20.829166666666666
2018-06-29,26.5,16.7,20.8625
2018-06-30,26.9,16.2,20.354166666666668
2018-07-01,29.3,16.9,21.920833333333334
2018-07-02,26.9,16.8,20.45
2018-07-03,27.7,16.3,20.808333333333334
2018-07-04,31.0,17.4,23.104166666666668
2018-07-05,29.8,17.9,23.45
2018-07-06,29.3,19.2,22.833333333333332
2018-07-07,29.6,18.3,22.866666666666664
2018-07-08,30.2,18.7,23.675
2018-07-09,30.0,19.0,23.212500000000002
2018-07-10,30.3,18.1,23.370833333333334
2018-07-11,30.1,18.1,23.72083333333333
2018-07-12,30.6,18.7,23.65833333333333
2018-07-13,30.4,17.6,23.954166666666666
2018-07-14,30.5,18.1,23.9875
2018-07-15,30.0,18.5,23.78333333333333
2018-07-16,30.8,17.3,23.71666666666667
2018-07-17,30.7,17.4,23.116666666666664
2018-07-18,29.5,16.9,22.95
2018-07-19,29.7,17.0,23.429166666666664
2018-07-20,,,21.727777777777778
2018-08-06,30.1,14.3,21.6375
2018-08-07,31.0,15.9,23.1875
2018-08-08,30.8,16.6,23.65416666666667
2018-08-09,30.2,18.5,23.979166666666668
2018-08-10,29.8,16.7,23.15416666666667
2018-08-11,30.4,15.3,23.224999999999998
2018-08-18,30.7,18.9,23.3125
2018-08-19,28.7,17.5,22.65416666666667
2018-08-20,29.9,16.8,23.708333333333332
2018-08-21,30.4,17.3,23.691666666666666
2018-08-22,30.3,19.2,24.129166666666666
2018-08-23,31.0,17.1,23.3625
2018-08-24,30.7,16.7,22.554166666666664
2018-08-25,31.6,17.3,24.070833333333336
2018-08-26,30.1,17.5,23.3125
2018-08-27,29.9,17.0,22.254166666666666
2018-08-28,30.8,16.4,23.15416666666667
2018-08-29,30.4,18.4,23.379166666666666
2018-08-30,29.3,17.6,22.162499999999998
2018-08-31,31.0,17.9,23.358333333333334
2018-09-01,31.3,19.3,23.616666666666664
2018-09-02,30.5,18.2,23.816666666666666
2018-09-03,30.8,18.1,21.875
2018-09-04,26.0,16.2,19.441666666666666
2018-09-05,26.2,17.4,20.245833333333334
2018-09-06,26.6,17.1,20.704166666666666
2018-09-07,25.7,17.4,20.429166666666667
2018-09-08,29.2,17.1,22.150000000000002
2018-09-09,28.9,18.7,22.849999999999998
2018-09-10,29.9,18.6,23.425
2018-09-11,28.9,19.2,22.954166666666666
2018-09-12,27.3,18.3,21.229166666666668
2018-09-13,25.0,18.1,19.866666666666667
2018-09-14,27.0,18.0,21.095833333333335
2018-09-15,25.8,17.3,19.6875
2018-09-16,26.4,16.2,19.229166666666668
2018-09-17,30.2,16.2,22.208333333333332
2018-09-18,30.3,18.0,22.445833333333336
2018-09-19,30.4,17.0,22.75
2018-09-20,30.7,17.5,23.429166666666664
2018-09-21,31.1,18.5,24.3
2018-09-22,29.0,17.7,22.191666666666666
2018-09-23,30.4,18.1,23.479166666666668
2018-09-24,30.6,19.0,23.3
2018-09-25,30.6,17.9,23.425
2018-09-26,28.7,18.0,23.025000000000002
2018-09-27,26.5,17.1,19.929166666666667
2018-09-28,28.0,17.1,20.566666666666666
2018-09-29,27.2,17.2,20.583333333333332
2018-09-30,28.7,17.5,21.879166666666666
2018-10-01,29.4,16.6,22.40833333333333
2018-10-02,29.3,17.9,21.6125
2018-10-03,,16.6,20.099999999999998
2018-10-04,28.7,16.5,20.6375
2018-10-05,25.8,16.6,20.545833333333334
2018-10-06,26.9,15.9,20.041666666666668
2018-10-07,28.8,17.0,20.879166666666666
2018-10-08,27.8,18.8,21.354166666666668
2018-10-09,23.4,17.8,19.466666666666665
2018-10-10,26.9,17.6,19.775000000000002
2018-10-11,26.9,16.8,20.820833333333333
2018-10-12,26.5,17.5,20.875
2018-10-13,28.0,17.0,22.05
2018-10-14,28.1,18.1,21.316666666666666
2018-10-15,28.8,18.0,22.245833333333334
2018-10-16,27.9,17.1,20.720833333333335
2018-10-17,27.5,17.1,20.995833333333334
2018-10-18,26.9,18.5,20.630434782608695
2018-10-19,29.2,18.2,21.53333333333333
2018-10-20,28.1,16.4,20.395833333333332
2018-10-21,25.5,16.8,19.341666666666665
2018-10-22,27.3,16.7,20.654166666666665
2018-10-23,28.2,17.2,21.270833333333332
2018-10-24,28.3,18.1,21.020833333333332
2018-10-25,28.1,18.1,21.53333333333333
2018-10-26,26.6,18.7,21.245833333333334
2018-10-27,28.0,18.6,22.608333333333334
2018-10-28,28.9,18.4,22.541666666666668
2018-10-29,26.8,18.5,21.820833333333336
2018-10-30,26.4,18.0,20.708333333333332
2018-10-31,29.2,17.9,21.791666666666668
2018-11-01,,,21.049999999999997
2018-11-02,,16.8,19.425
2018-11-03,26.7,16.5,19.070833333333333
2018-11-04,26.5,16.8,19.633333333333333
2018-11-05,27.1,16.9,19.45
2018-11-06,28.6,16.6,20.208333333333332
2018-11-07,26.7,17.1,21.270833333333332
2018-11-08,27.3,18.7,21.724999999999998
2018-11-09,25.7,18.7,21.329166666666666
2018-11-10,29.5,19.1,21.59583333333333
2018-11-11,29.0,18.7,22.104166666666668
2018-11-12,29.4,19.0,22.129166666666666
2018-11-13,27.4,18.5,21.579166666666666
2018-11-14,28.8,18.4,21.120833333333334
2018-11-15,28.8,17.8,21.6875
2018-11-16,29.9,18.8,22.2375
2018-11-17,29.8,19.6,22.208333333333332
2018-11-18,28.2,19.0,21.543478260869566
2018-11-19,27.9,18.2,21.78333333333333
2018-11-20,30.2,18.1,21.7
2018-11-21,28.3,19.2,21.508333333333336
2018-11-22,29.0,17.3,21.154166666666665
2018-11-23,29.2,17.7,21.245833333333334
2018-11-24,29.6,19.0,22.129166666666666
2018-11-25,28.4,18.3,21.129166666666666
2018-11-26,26.3,18.5,20.516666666666666
2018-11-27,26.8,17.2,20.308333333333334
2018-11-28,26.4,17.7,20.3375
2018-11-29,29.5,18.0,21.629166666666666
2018-11-30,28.2,18.5,20.829166666666666
2018-12-01,27.7,18.1,21.40416666666667
2018-12-02,29.1,16.7,21.55
2018-12-03,29.0,17.3,21.854166666666668
2018-12-04,28.6,18.9,22.0125
2018-12-05,24.7,16.8,20.162499999999998
2018-12-06,28.0,16.8,21.05
2018-12-07,27.2,16.8,20.879166666666666
2018-12-08,27.8,18.3,21.8875
2018-12-09,28.7,18.0,22.179166666666664
2018-12-10,29.2,17.4,22.525000000000002
2018-12-11,25.8,19.3,21.916666666666668
2018-12-12,30.1,18.9,22.775000000000002
2018-12-13,28.8,18.0,22.463636363636365
2018-12-14,28.9,17.2,21.670833333333334
2018-12-15,27.1,16.8,20.974999999999998
2018-12-16,29.4,17.6,22.6375
2018-12-17,28.0,18.4,21.8875
2018-12-18,28.1,17.1,21.920833333333334
2018-12-19,29.2,19.2,22.770833333333332
2018-12-20,28.2,18.0,22.233333333333334
2018-12-21,27.9,17.2,21.5
2018-12-22,26.2,17.4,20.833333333333332
2018-12-23,28.8,16.3,21.962500000000002
2018-12-24,30.1,17.7,22.683333333333334
2018-12-25,30.6,18.6,23.479166666666668
2018-12-26,30.9,17.4,23.116666666666664
2018-12-27,30.0,15.8,22.366666666666664
2018-12-28,30.1,16.8,22.941666666666666
2018-12-29,28.9,16.4,22.22083333333333
2018-12-30,29.9,17.1,22.945833333333336
2018-12-31,29.4,18.1,23.025000000000002
2019-01-01,32.4,14.7,23.1125
2019-01-02,31.8,15.7,23.241666666666664
2019-01-03,31.2,15.3,22.979166666666668
2019-01-04,32.0,15.9,23.65833333333333
2019-01-05,30.0,19.1,23.099999999999998
2019-01-06,30.4,17.3,22.179166666666664
2019-01-07,28.6,19.1,21.508333333333336
2019-01-08,29.2,16.6,20.691666666666666
2019-01-09,25.3,16.2,19.354166666666668
2019-01-10,26.1,17.1,20.033333333333335
2019-01-11,27.5,16.9,20.679166666666667
2019-01-12,26.4,17.8,20.791666666666668
2019-01-13,26.7,17.9,21.025000000000002
2019-01-14,25.1,17.8,20.454166666666666
2019-01-15,28.7,16.8,21.933333333333334
2019-01-16,28.9,18.4,22.516666666666666
2019-01-17,25.1,18.5,20.866666666666667
2019-01-18,28.8,18.1,22.445833333333336
2019-01-19,29.1,18.3,22.791666666666668
2019-01-20,29.5,18.7,22.858333333333334
2019-01-21,28.1,18.8,22.233333333333334
2019-01-22,30.1,19.2,23.504166666666666
2019-01-23,32.0,17.5,24.395833333333332
2019-01-24,32.4,17.5,24.05
2019-01-25,27.9,18.9,23.03333333333333
2019-01-26,31.4,18.9,23.704166666666666
2019-01-27,28.0,20.6,22.84583333333333
2019-01-28,23.4,19.3,21.099999999999998
2019-01-29,29.1,16.6,22.208333333333332
2019-01-30,28.9,16.9,22.282608695652176
2019-01-31,28.6,18.8,22.204166666666666
2019-02-01,29.5,17.5,22.129166666666666
2019-02-02,28.7,19.1,22.46666666666667
2019-02-03,29.7,18.4,22.71666666666667
2019-02-04,29.8,18.8,23.020833333333332
2019-02-05,29.3,19.4,22.766666666666666
2019-02-06,29.7,19.5,22.820833333333336
2019-02-07,28.7,19.0,22.620833333333334
2019-02-08,29.4,18.8,22.3625
2019-02-09,28.5,19.0,22.045833333333334
2019-02-10,28.7,18.3,21.770833333333332
2019-02-11,31.3,19.5,23.474999999999998
2019-02-12,30.9,19.5,22.945833333333336
2019-02-13,31.1,20.5,24.40416666666667
2019-02-14,29.7,18.4,23.058333333333334
2019-02-15,31.7,17.7,23.712500000000002
2019-02-16,30.5,19.4,22.90833333333333
2019-02-17,28.4,19.7,22.52916666666667
2019-02-18,30.0,18.3,22.504166666666666
2019-02-19,26.6,17.8,20.754166666666666
2019-02-20,29.1,17.5,20.933333333333334
2019-02-21,29.7,18.5,23.3125
2019-02-22,31.7,17.5,23.88695652173913
2019-02-23,28.6,18.9,22.224999999999998
2019-02-24,30.6,19.2,21.816666666666666
2019-02-25,29.8,18.3,22.8
2019-02-26,27.7,17.6,21.34166666666667
2019-02-27,24.9,17.5,19.7625
2019-02-28,28.7,17.1,20.837500000000002
2019-03-01,29.1,16.2,21.641666666666666
2019-03-02,27.8,18.4,21.729166666666668
2019-03-03,30.0,17.5,21.058333333333334
2019-03-04,28.5,16.3,21.791666666666668
2019-03-05,28.0,19.6,22.412499999999998
2019-03-06,28.5,19.1,22.8125
2019-03-07,28.3,18.7,22.266666666666666
2019-03-08,29.3,18.7,22.491304347826084
2019-03-09,29.5,18.9,23.804166666666664
2019-03-10,28.5,18.2,22.025000000000002
2019-03-11,29.7,17.6,21.095833333333335
2019-03-12,30.5,17.6,21.541666666666668
2019-03-13,31.1,17.3,23.337500000000002
2019-03-14,27.7,19.6,22.566666666666666
2019-03-15,28.9,19.0,22.791666666666668
2019-03-16,28.5,19.3,22.870833333333334
2019-03-17,29.6,19.7,23.504166666666666
2019-03-18,24.9,20.0,21.95
2019-03-19,25.4,16.6,19.974999999999998
2019-03-20,28.8,18.7,21.029166666666665
2019-03-21,27.1,17.9,20.065217391304348
2019-03-22,26.2,18.0,20.266666666666666
2019-03-23,28.1,18.5,21.53333333333333
2019-03-24,,,21.049999999999997
2019-03-25,,,20.51111111111111
2019-03-26,,,20.626315789473683
2019-03-27,26.8,18.7,21.98695652173913
2019-03-30,,,22.166666666666668
2019-03-31,30.0,19.2,22.708333333333332
2019-04-02,27.1,17.3,20.55
2019-04-03,29.2,18.2,21.791666666666668
2019-04-04,27.7,18.1,21.125
2019-04-05,26.6,17.2,20.158333333333335
2019-04-06,29.6,16.7,20.55
2019-04-07,28.6,18.6,21.370833333333334
2019-04-08,28.6,17.8,21.65833333333333
2019-04-09,26.2,18.5,20.829166666666666
2019-04-10,26.3,18.0,20.841666666666665
2019-04-11,28.8,16.5,21.958333333333332
2019-04-12,30.6,18.5,23.554166666666664
2019-04-13,29.0,19.9,23.474999999999998
2019-04-14,28.6,18.2,22.008333333333336
2019-04-15,29.1,18.2,22.679166666666664
2019-04-16,28.8,19.6,23.349999999999998
2019-04-17,27.3,18.7,21.825
2019-04-18,27.4,17.4,20.9375
2019-04-19,27.7,17.2,20.66521739130435
2019-04-20,27.4,17.7,21.116666666666667
2019-04-21,25.8,18.2,20.491666666666667
2019-04-22,26.1,17.7,21.0
2019-04-23,29.8,17.3,21.929166666666664
2019-04-24,27.8,17.8,21.054166666666667
2019-04-25,26.4,18.1,21.095833333333335
2019-04-26,30.5,18.3,21.8125
2019-04-27,28.8,19.0,22.6125
2019-04-28,29.4,18.6,23.358333333333334
2019-04-29,30.2,19.7,23.71666666666667
2019-04-30,30.1,19.3,24.025000000000002
2019-05-01,31.7,17.7,24.358333333333334
2019-05-02,30.4,18.7,23.708695652173912
2019-05-03,30.0,18.4,23.7
2019-05-04,29.5,19.7,23.066666666666666
2019-05-05,33.4,20.0,25.108333333333334
2019-05-06,32.3,19.7,24.79565217391304
2019-05-07,31.7,19.5,25.014285714285712
2019-05-09,27.2,17.7,20.821739130434782
2019-05-10,27.8,17.5,21.565217391304348
2019-05-11,26.6,18.3,20.970833333333335
2019-05-12,30.6,17.8,22.2625
2019-05-13,27.5,18.4,21.59166666666667
2019-05-14,29.8,16.9,22.254166666666666
2019-05-15,27.5,18.6,21.8875
2019-05-16,29.0,18.4,21.166666666666668
2019-05-17,27.7,17.6,21.108333333333334
2019-05-18,27.8,18.2,21.395833333333332
2019-05-19,27.1,18.0,20.412499999999998
2019-05-20,28.7,17.8,21.375
2019-05-21,28.1,17.8,21.545833333333334
2019-05-22,28.6,17.2,20.37391304347826
2019-05-23,24.8,17.6,19.983333333333334
2019-05-24,29.3,18.4,21.195652173913043
2019-05-25,24.2,18.0,20.191666666666666
2019-05-26,30.1,16.4,21.656521739130437
2019-05-27,28.7,17.4,21.7375
2019-05-28,23.7,18.8,20.375
2019-05-29,27.8,17.8,21.179166666666667
2019-05-30,24.1,18.1,20.004166666666666
2019-05-31,27.7,18.2,20.9875
2019-06-01,27.9,17.2,20.283333333333335
2019-06-02,27.3,16.7,21.150000000000002
2019-06-03,30.5,18.6,22.97826086956522
2019-06-04,31.3,18.7,24.15833333333333
2019-06-05,31.2,18.0,22.337500000000002
2019-06-06,28.5,18.2,21.4875
2019-06-07,23.7,17.1,19.945833333333333
2019-06-08,30.6,16.5,22.421739130434784
2019-06-09,31.0,19.3,23.837500000000002
2019-06-10,28.6,19.5,22.879166666666666
2019-06-11,30.2,18.6,23.645833333333332
2019-06-12,27.9,18.3,22.333333333333332
2019-06-13,27.5,19.3,21.78333333333333
2019-06-14,28.9,17.9,22.730434782608693
2019-06-15,28.3,18.0,22.09583333333333
2019-06-16,30.3,18.2,23.313043478260873
2019-06-17,30.7,17.4,23.882608695652173
2019-06-18,30.8,17.6,24.221739130434784
2019-06-19,30.8,19.5,23.95
2019-06-20,30.0,17.6,23.170833333333334
2019-06-22,30.3,19.3,24.94545454545454
2019-06-23,28.7,19.0,23.366666666666664
2019-06-24,28.8,18.2,22.462500000000002
2019-06-25,29.0,18.3,21.929166666666664
2019-06-26,30.9,19.1,24.313043478260873
2019-06-27,29.8,18.8,23.791666666666668
2019-06-28,29.9,20.3,24.133333333333336
2019-06-29,30.2,16.9,22.625
2019-06-30,30.2,17.8,23.212500000000002
2019-07-01,29.4,18.3,22.241666666666664
2019-07-02,29.0,18.2,22.22083333333333
2019-07-03,28.3,17.0,21.370833333333334
2019-07-04,30.0,18.2,22.4875
2019-07-05,30.1,16.0,22.054166666666664
2019-07-06,30.0,16.7,22.817391304347826
2019-07-07,31.0,16.1,23.59166666666667
2019-07-08,29.4,18.3,23.054166666666664
2019-07-09,27.9,18.7,22.070833333333336
2019-07-10,29.5,17.2,22.8125
2019-07-11,29.3,18.5,22.724999999999998
2019-07-12,29.7,17.8,22.974999999999998
2019-07-13,28.3,17.2,21.491666666666664
2019-07-14,29.9,17.4,22.900000000000002
2019-07-15,28.0,16.8,21.25
2019-07-16,27.4,18.1,22.016666666666666
2019-07-17,30.8,18.7,23.55
2019-07-18,31.7,18.6,24.7625
2019-07-19,30.3,19.0,24.1875
2019-07-20,30.4,17.0,23.956521739130434
2019-07-21,31.0,19.1,24.525000000000002
2019-07-22,28.7,19.9,22.59583333333333
2019-07-23,29.5,17.4,21.8
2019-07-24,27.4,18.5,21.712500000000002
2019-07-25,30.0,17.4,22.583333333333332
2019-07-26,29.3,17.6,22.52916666666667
2019-07-27,30.2,17.6,23.212500000000002
2019-07-28,29.5,16.8,22.721739130434784
2019-07-29,30.0,17.7,23.44782608695652
2019-07-30,30.0,18.7,23.730434782608693
2019-07-31,30.4,17.0,23.90416666666667
2019-08-01,29.7,18.2,22.614285714285714
2019-08-02,,,22.926315789473687
2019-08-04,30.9,18.3,23.94782608695652
2019-08-05,31.9,19.2,24.325
2019-08-06,31.8,17.2,23.808333333333334
2019-08-07,30.3,17.8,23.983333333333334
2019-08-08,30.7,18.1,24.0625
2019-08-09,,,24.384999999999998
2019-08-10,30.0,17.6,24.083333333333332
2019-08-11,31.4,18.6,24.837500000000002
2019-08-12,31.8,18.7,25.099999999999998
2019-08-13,30.4,20.4,24.566666666666666
2019-08-14,30.9,19.3,24.337500000000002
2019-08-15,28.8,18.2,23.40416666666667
2019-08-16,25.4,18.1,20.716666666666665
2019-08-17,27.1,17.9,21.05
2019-08-18,31.2,18.0,23.429166666666664
2019-08-19,31.4,17.9,23.933333333333334
2019-08-20,30.0,17.9,23.433333333333334
2019-08-21,30.7,19.8,24.083333333333332
2019-08-22,30.4,17.1,23.25
2019-08-23,30.2,19.4,23.675
2019-08-24,30.4,16.7,23.91304347826087
2019-08-25,31.6,19.2,24.400000000000002
2019-08-26,30.6,17.3,23.991666666666664
2019-08-27,31.8,17.8,24.59583333333333
2019-08-28,27.0,18.3,22.82608695652174
2019-08-29,31.7,16.5,23.65833333333333
2019-08-30,30.9,17.7,24.108333333333334
2019-08-31,29.9,18.9,23.787499999999998
2019-09-01,31.2,17.9,23.704166666666666
2019-09-02,28.8,20.0,23.366666666666664
2019-09-03,32.8,18.6,24.73478260869565
2019-09-04,30.7,19.7,24.304166666666664
2019-09-05,30.1,19.3,24.46666666666667
2019-09-06,27.2,17.4,21.425
2019-09-07,31.0,18.4,24.208695652173912
2019-09-08,30.3,18.7,23.917391304347827
2019-09-09,30.9,18.5,23.917391304347827
2019-09-10,31.4,20.1,24.969565217391303
2019-09-11,,,24.110526315789475
2019-09-14,29.5,18.9,24.1125
2019-09-18,24.6,17.6,19.841666666666665
2019-09-19,27.5,16.5,20.712500000000002
2019-09-20,26.9,18.6,21.150000000000002
2019-09-21,25.7,18.1,21.179166666666667
2019-09-22,29.3,17.6,22.09166666666667
2019-09-23,27.3,17.0,20.082608695652173
2019-09-24,29.1,16.8,21.330434782608698
2019-09-25,29.0,18.1,20.820833333333333
2019-09-26,27.1,17.0,20.974999999999998
2019-09-27,29.8,17.6,22.84583333333333
2019-09-28,29.3,18.2,23.3
2019-09-29,28.1,18.6,22.28333333333333
2019-09-30,28.4,16.5,20.245833333333334
2019-10-01,28.4,16.3,21.454166666666666
2019-10-02,28.1,17.7,21.708333333333332
2019-10-03,23.4,17.0,19.991666666666667
2019-10-04,29.0,15.6,21.830434782608698
2019-10-05,28.6,18.7,21.979166666666668
2019-10-06,26.4,16.6,21.316666666666666
2019-10-07,28.9,16.8,22.150000000000002
2019-10-08,27.3,18.1,21.534782608695654
2019-10-09,29.1,18.3,22.070833333333336
2019-10-10,28.0,18.8,21.40416666666667
2019-10-11,25.2,18.9,21.170833333333334
2019-10-12,,17.7,20.208695652173912
2019-10-13,27.9,17.1,21.043478260869566
2019-10-14,25.8,17.0,20.825
2019-10-15,29.3,18.0,22.343478260869563
2019-10-16,27.3,18.7,21.633333333333336
2019-10-17,28.8,17.5,21.291666666666668
2019-10-18,28.5,17.1,20.891666666666666
2019-10-19,25.7,17.2,19.86521739130435
2019-10-20,27.4,17.7,21.47826086956522
2019-10-21,26.5,18.0,20.057142857142857
2019-10-22,26.3,16.8,20.7
2019-10-23,28.1,16.6,20.645454545454545
2019-10-24,26.2,16.7,20.150000000000002
2019-10-26,,,22.347368421052632
2019-10-27,27.1,17.2,21.213043478260868
2019-10-28,30.0,16.9,22.2375
2019-10-29,29.1,17.6,22.334782608695654
2019-10-30,28.9,17.1,21.95909090909091
2019-10-31,28.6,18.1,22.3
2019-11-01,28.3,18.2,21.220833333333335
2019-11-02,27.9,18.0,21.633333333333336
2019-11-03,27.8,18.2,20.529166666666665
2019-11-04,28.8,18.2,22.02916666666667
2019-11-05,27.5,19.2,21.75
2019-11-06,29.6,18.7,23.116666666666664
2019-11-07,29.9,18.7,23.09130434782609
2019-11-08,29.6,17.3,21.8625
2019-11-09,23.7,16.6,19.104545454545455
2019-11-10,27.7,16.7,20.483333333333334
2019-11-11,28.0,18.0,21.662499999999998
2019-11-12,25.6,17.7,20.191666666666666
2019-11-13,25.0,17.5,19.358333333333334
2019-11-14,26.4,17.5,20.0
2019-11-15,27.0,18.1,20.48695652173913
2019-11-16,28.3,18.1,21.621739130434783
2019-11-17,27.5,18.4,21.55217391304348
2019-11-18,28.8,18.1,21.41304347826087
2019-11-19,26.6,18.7,20.66521739130435
2019-11-20,27.1,18.2,21.008695652173913
2019-11-21,27.8,16.6,20.650000000000002
2019-11-22,27.5,16.5,20.083333333333332
2019-11-23,28.4,16.5,20.104166666666668
2019-11-24,26.7,16.8,21.158333333333335
2019-11-25,28.8,19.1,22.916666666666668
2019-11-26,29.9,19.6,23.47083333333333
2019-11-27,30.3,18.8,23.625
2019-11-28,28.5,17.6,22.14782608695652
2019-11-29,27.0,18.6,21.25
2019-11-30,28.2,18.4,21.962500000000002
2019-12-01,29.4,18.1,23.05
2019-12-02,29.3,18.6,23.1125
2019-12-03,27.5,18.6,21.56086956521739
2019-12-04,28.6,17.1,21.56086956521739
2019-12-05,30.3,18.3,22.813636363636363
2019-12-06,29.3,19.3,22.652380952380952
2019-12-08,27.5,14.8,20.363636363636363
2019-12-09,28.6,16.4,21.991666666666664
2019-12-10,28.4,18.6,22.266666666666666
2019-12-11,28.2,18.9,21.40416666666667
2019-12-12,28.2,16.5,21.033333333333335
2019-12-13,25.7,17.6,20.575
2019-12-14,26.8,17.2,20.254166666666666
2019-12-15,26.1,16.8,20.716666666666665
2019-12-16,28.7,18.4,22.366666666666664
2019-12-17,29.2,18.5,21.837500000000002
2019-12-18,27.7,17.3,21.316666666666666
2019-12-19,29.1,18.9,22.7625
2019-12-20,30.0,18.6,23.241666666666664
2019-12-21,30.1,18.6,23.104347826086954
2019-12-22,28.6,18.2,22.91304347826087
2019-12-23,28.3,18.6,23.0125
2019-12-24,30.5,17.5,23.454166666666666
2019-12-25,29.6,19.6,23.162499999999998
2019-12-26,31.3,17.8,23.4375
2019-12-27,26.9,19.8,22.6125
2019-12-28,31.1,18.6,23.321739130434782
2019-12-29,30.7,17.9,21.6375
2019-12-30,25.4,18.7,21.643478260869564
2019-12-31,26.6,17.6,19.825
2020-01-01,28.6,17.4,21.179166666666667
2020-01-02,29.3,18.6,22.47826086956522
2020-01-03,29.6,17.6,22.420833333333334
2020-01-04,30.0,16.5,22.183333333333334
2020-01-05,28.0,16.2,21.543478260869566
2020-01-06,28.4,16.1,21.291666666666668
2020-01-07,28.8,14.6,21.483333333333334
2020-01-08,29.1,15.9,21.97083333333333
2020-01-09,30.6,15.6,22.295833333333334
2020-01-10,30.2,17.3,23.05217391304348
2020-01-11,29.3,15.5,21.78
2020-01-12,30.5,15.6,22.5
2020-01-13,30.8,16.5,23.169565217391302
2020-01-14,31.1,19.3,23.982608695652175
2020-01-15,27.9,18.6,22.313043478260873
2020-01-18,31.2,17.4,24.922727272727272
2020-01-19,31.5,17.8,24.175
2020-01-20,25.4,19.5,22.217391304347824
2020-01-21,,,22.055555555555557
2020-01-22,22.7,17.2,19.375
2020-01-23,28.9,15.5,21.170833333333334
2020-01-24,28.5,18.5,22.108333333333334
2020-01-25,30.2,18.3,22.979166666666668
2020-01-26,29.7,18.0,21.837500000000002
2020-01-27,29.0,17.0,21.630434782608695
2020-01-28,29.9,17.4,21.308333333333334
2020-01-29,29.8,17.7,22.058333333333334
2020-01-30,29.1,16.6,22.3
2020-01-31,30.1,19.0,23.9875
2020-02-01,31.6,17.7,24.34583333333333
2020-02-02,27.6,17.7,21.81304347826087
2020-02-03,31.4,17.5,23.84166666666667
2020-02-04,31.1,19.0,24.334782608695654
2020-02-05,30.8,16.7,23.20909090909091
2020-02-06,30.8,16.4,23.44347826086956
2020-02-07,,,22.373684210526317
2020-02-08,30.3,18.2,23.170833333333334
2020-02-09,30.2,16.9,22.695833333333336
2020-02-11,31.6,18.4,24.54090909090909
2020-02-12,31.4,17.6,24.058333333333334
2020-02-13,31.4,18.4,23.991666666666664
2020-02-14,28.7,19.6,23.221739130434784
2020-02-15,28.2,18.2,22.97083333333333
2020-02-16,31.1,19.5,24.212500000000002
2020-02-17,32.6,20.3,24.417391304347827
2020-02-18,31.9,18.2,25.295833333333334
2020-02-19,32.8,17.7,25.03333333333333
2020-02-20,30.6,20.7,23.282608695652176
2020-02-21,31.1,18.5,21.650000000000002
2020-02-22,27.0,17.7,20.871428571428574
2020-02-23,28.7,18.7,22.375
2020-02-26,29.7,18.2,22.818181818181817
2020-02-27,29.4,17.2,21.965217391304346
2020-02-28,29.6,16.5,22.40416666666667
2020-02-29,29.7,18.7,22.995833333333334
2020-03-01,29.5,20.2,23.170833333333334
2020-03-02,30.5,19.0,23.775000000000002
2020-03-03,31.0,19.9,24.349999999999998
2020-03-04,29.8,19.6,23.708333333333332
2020-03-05,32.9,18.1,24.666666666666668
2020-03-06,32.0,20.2,24.662499999999998
2020-03-07,30.2,18.6,22.72083333333333
2020-03-08,28.7,19.5,22.900000000000002
2020-03-09,30.7,20.1,23.804166666666664
2020-03-10,29.5,16.5,21.766666666666666
2020-03-11,27.6,17.2,20.920833333333334
2020-03-12,30.0,18.6,22.625
2020-03-13,29.4,19.9,22.2625
2020-03-14,28.2,18.2,22.291666666666668
2020-03-15,30.0,17.5,22.454166666666666
2020-03-16,30.3,17.8,23.22608695652174
2020-03-17,30.6,16.9,22.875
2020-03-18,30.5,17.3,22.847826086956523
2020-03-19,31.1,19.0,22.87391304347826
2020-03-20,27.3,18.3,21.304166666666667
2020-03-21,28.9,16.5,20.83913043478261
2020-03-22,,,22.77777777777778
2020-03-24,28.1,17.1,21.354545454545455
2020-03-26,,18.1,24.02
2020-03-27,31.3,16.8,23.266666666666666
2020-03-28,31.1,17.2,23.165217391304346
2020-03-29,30.4,18.2,21.766666666666666
2020-03-30,29.3,18.2,22.108333333333334
2020-03-31,29.1,17.2,21.945
2020-04-01,26.8,17.7,20.8625
2020-04-02,30.1,17.5,23.38695652173913
2020-04-03,31.1,19.9,24.345454545454547
2020-04-04,,,24.038888888888888
2020-04-06,28.9,19.8,23.708695652173912
2020-04-09,30.0,18.0,23.175
2020-04-10,30.3,20.1,23.347826086956523
2020-04-11,29.2,18.5,22.349999999999998
2020-04-12,28.5,19.4,22.95
2020-04-13,29.3,18.8,21.483333333333334
2020-04-14,30.0,17.7,21.608333333333334
2020-04-15,29.9,17.1,21.391666666666666
2020-04-16,29.3,16.0,22.075
2020-04-17,29.0,17.0,21.708695652173912
2020-04-18,26.6,18.2,20.933333333333334
2020-04-19,28.1,17.6,20.845833333333335
2020-04-20,30.2,16.3,21.982608695652175
2020-04-21,26.5,18.2,20.783333333333335
2020-04-22,28.6,17.0,21.224999999999998
2020-04-23,27.4,18.0,21.704166666666666
2020-04-24,28.4,18.4,22.03333333333333
2020-04-25,29.8,17.2,22.349999999999998
2020-04-26,30.1,18.8,23.36666666666667
2020-04-27,30.5,18.6,23.587500000000002
2020-04-28,31.0,18.2,23.329166666666666
2020-04-29,29.4,19.0,23.474999999999998
2020-04-30,31.0,19.5,22.483333333333334
2020-05-01,28.5,19.3,22.4375
2020-05-02,30.6,18.6,23.804347826086957
2020-05-03,31.4,19.6,23.558333333333334
2020-05-04,33.0,20.0,24.721739130434784
2020-05-05,33.0,18.2,24.304166666666664
2020-05-06,31.9,19.5,24.349999999999998
2020-05-07,32.3,20.5,24.70434782608696
2020-05-08,31.9,18.9,24.44782608695652
2020-05-09,33.4,20.2,25.983333333333334
2020-05-10,32.3,19.7,25.195833333333336
2020-05-11,,20.2,23.871428571428574
2020-05-12,28.9,19.2,23.641666666666666
2020-05-13,28.8,18.5,22.254166666666666
2020-05-14,30.8,18.2,23.08695652173913
2020-05-15,30.7,19.6,23.613636363636363
2020-05-16,32.9,18.9,23.947619047619046
2020-05-17,31.0,19.8,24.47391304347826
2020-05-18,32.4,18.1,23.681818181818183
2020-05-19,23.2,19.1,20.772727272727273
2020-05-20,31.4,17.6,23.670833333333334
2020-05-21,32.3,19.1,25.695
2020-05-22,29.6,18.8,22.1375
2020-05-23,32.0,18.1,24.0625
2020-05-24,33.0,19.1,25.025000000000002
2020-05-25,31.1,18.9,24.958333333333332
2020-05-26,32.4,19.2,25.1875
2020-05-27,28.0,19.8,21.983333333333334
2020-05-28,23.6,18.2,20.479166666666668
2020-05-29,26.5,17.7,20.679166666666667
2020-05-30,23.8,18.4,19.875
2020-05-31,25.8,17.5,20.429166666666667
2020-06-01,28.6,18.4,21.729166666666668
2020-06-02,27.2,19.1,22.308333333333334
2020-06-03,20.5,17.7,19.095833333333335
2020-06-04,30.3,17.1,22.974999999999998
2020-06-05,30.1,19.2,23.46666666666667
2020-06-06,26.8,18.2,22.025000000000002
2020-06-07,31.3,17.5,23.65416666666667
2020-06-08,30.8,19.1,23.84583333333333
2020-06-09,28.0,19.0,21.9875
2020-06-10,24.5,18.1,20.518181818181816
2020-06-11,27.6,17.9,21.0125
2020-06-12,26.4,17.1,20.2375
2020-06-13,29.3,16.6,22.45
2020-06-14,29.5,18.3,23.343478260869563
2020-06-15,28.0,18.0,20.45
2020-06-16,28.7,16.6,22.130434782608695
2020-06-17,24.8,17.8,20.412499999999998
2020-06-18,27.4,17.6,20.791304347826088
2020-06-19,30.2,17.5,21.956521739130434
2020-06-20,29.3,17.6,22.13478260869565
2020-06-21,29.7,16.7,22.195833333333336
2020-06-22,29.9,17.6,22.891304347826086
2020-06-23,29.6,,23.052380952380954
2020-06-24,28.5,17.9,22.808695652173913
2020-06-25,,,23.34
2020-06-26,28.1,17.8,21.85909090909091
2020-06-27,28.7,18.2,22.141666666666666
2020-06-28,26.9,17.8,20.679166666666667
2020-06-29,30.5,17.6,21.795454545454547
2020-06-30,27.4,19.0,21.938095238095237
2020-07-01,29.9,17.0,21.554166666666664
2020-07-02,28.3,17.5,21.672727272727272
2020-07-03,29.2,18.5,22.504166666666666
2020-07-05,25.6,17.1,19.879166666666666
2020-07-06,28.6,17.9,21.075
2020-07-07,28.0,17.9,21.041666666666668
2020-07-08,29.2,17.8,21.075
2020-07-09,29.6,16.8,21.808333333333334
2020-07-10,27.7,18.7,21.930434782608696
2020-07-11,25.9,17.0,20.28181818181818
2020-07-12,27.6,17.6,20.633333333333333
2020-07-13,30.1,16.8,22.383333333333336
2020-07-14,28.9,15.9,21.608695652173914
2020-07-15,29.0,17.2,21.96666666666667
2020-07-16,27.5,17.8,21.566666666666666
2020-07-17,31.1,17.5,23.433333333333334
2020-07-18,31.0,17.7,23.670833333333334
2020-07-19,30.6,18.4,24.1125
2020-07-20,28.6,19.6,23.460869565217394
2020-07-21,29.0,19.0,22.791666666666668
2020-07-22,27.1,17.3,21.366666666666664
2020-07-23,25.3,17.7,20.054166666666667
2020-07-24,25.1,16.8,19.266666666666666
2020-07-25,24.9,17.1,19.525000000000002
2020-07-26,28.6,17.4,21.429166666666664
2020-07-27,28.9,17.8,21.708333333333332
2020-07-28,29.8,17.2,22.633333333333336
2020-07-29,29.7,17.4,23.233333333333334
2020-07-30,29.1,18.0,21.129166666666666
2020-07-31,28.0,18.4,22.670833333333334
2020-08-01,30.6,18.5,23.47083333333333
2020-08-02,30.4,17.2,23.575
2020-08-03,30.9,17.9,23.208333333333332
2020-08-04,31.7,18.6,23.962500000000002
2020-08-05,29.5,18.3,23.20434782608696
2020-08-06,30.0,17.9,23.09166666666667
2020-08-07,31.5,18.7,23.61304347826087
2020-08-08,31.9,18.3,24.45
2020-08-09,31.3,19.0,24.445833333333336
2020-08-10,30.8,20.1,24.229166666666668
2020-08-11,30.5,19.2,23.354166666666668
2020-08-12,30.5,17.0,23.09166666666667
2020-08-13,28.4,18.3,22.481818181818184
2020-08-14,25.8,17.6,20.583333333333332
2020-08-17,28.3,18.3,21.655
2020-08-18,28.8,18.4,22.170833333333334
2020-08-19,26.5,18.1,21.425
2020-08-20,29.7,17.3,21.929166666666664
2020-08-21,27.7,18.8,21.920833333333334
2020-08-22,26.1,17.8,20.583333333333332
2020-08-23,28.0,17.8,21.104166666666668
2020-08-24,27.4,17.4,20.920833333333334
2020-08-25,26.8,17.7,20.791666666666668
2020-08-26,26.5,17.5,20.679166666666667
2020-08-27,27.4,17.6,21.482608695652175
2020-08-28,30.1,17.1,22.883333333333336
2020-08-29,29.3,18.7,21.766666666666666
2020-08-30,26.8,17.8,20.504166666666666
2020-08-31,28.7,16.8,20.608333333333334
2020-09-01,27.8,16.8,20.900000000000002
2020-09-02,25.2,16.8,20.054166666666667
2020-09-03,28.4,17.7,20.4875
2020-09-04,29.1,,21.38695652173913
2020-09-05,30.7,17.1,23.40833333333333
2020-09-06,28.9,16.5,22.075
2020-09-07,27.2,17.1,20.90869565217391
2020-09-08,23.6,16.4,19.56
2020-09-09,27.1,16.1,20.191304347826087
2020-09-10,,17.8,23.035
2020-09-11,29.0,18.3,22.375
2020-09-12,28.8,16.6,21.55
2020-09-13,30.5,16.9,22.933333333333334
2020-09-14,30.5,17.3,23.130434782608695
2020-09-15,29.3,17.9,22.025000000000002
2020-09-16,27.2,16.4,20.256521739130434
2020-09-17,,,20.978947368421053
2020-09-18,,,20.021052631578947
2020-09-19,28.2,17.8,21.004166666666666
2020-09-20,28.5,18.2,20.55
2020-09-21,26.4,17.3,20.230434782608697
2020-09-22,30.9,17.4,22.829166666666666
2020-09-23,,,21.616666666666667
2020-09-25,29.5,19.0,22.991666666666664
2020-09-26,27.5,,21.095454545454547
2020-10-01,29.6,,22.052380952380954
2020-10-02,27.5,16.7,20.175
2020-10-03,27.7,17.2,20.037499999999998
2020-10-04,25.6,17.3,20.045833333333334
2020-10-05,27.0,17.3,20.3125
2020-10-06,27.5,16.7,20.95416666666667
2020-10-07,,,22.557894736842105
2020-10-13,26.1,17.0,19.554166666666667
2020-10-14,27.6,17.1,21.604166666666668
2020-10-15,28.6,17.6,22.40833333333333
2020-10-16,29.8,19.6,23.349999999999998
2020-10-17,29.1,18.0,22.55217391304348
2020-10-18,29.8,18.1,21.462500000000002
2020-10-19,23.0,17.5,19.730434782608697
2020-10-20,29.3,17.1,21.4875
2020-10-21,30.2,18.5,22.474999999999998
2020-10-22,,,21.522222222222222
2020-10-23,29.2,18.6,22.099999999999998
2020-10-24,25.9,17.6,20.370833333333334
2020-10-25,27.8,16.8,20.233333333333334
2020-10-26,28.1,17.8,21.829166666666666
2020-10-27,28.7,17.9,21.925
2020-10-28,26.4,17.0,21.195652173913043
2020-10-31,25.0,17.2,20.35217391304348
2020-11-01,26.6,17.1,20.786956521739132
2020-11-02,28.3,18.3,22.02857142857143
2020-11-03,27.7,17.8,21.458333333333332
2020-11-04,28.0,18.4,21.40416666666667
2020-11-05,27.0,17.8,21.2
2020-11-06,25.9,18.6,21.099999999999998
2020-11-07,29.5,18.3,21.7
2020-11-08,27.1,18.2,20.808333333333334
2020-11-09,25.0,17.4,20.191666666666666
2020-11-10,27.2,16.5,20.7
2020-11-11,24.7,17.5,19.55
2020-11-13,25.9,17.4,20.325
2020-11-14,24.5,16.7,20.125
2020-11-15,27.9,16.1,20.7625
2020-11-16,28.0,17.5,20.854166666666668
2020-11-17,26.4,16.9,19.404166666666665
2020-11-18,25.7,17.7,20.408333333333335
2020-11-19,27.4,18.0,21.320833333333333
2020-11-20,27.3,17.8,20.456521739130434
2020-11-21,27.6,17.2,21.379166666666666
2020-11-22,28.1,18.4,21.870833333333334
2020-11-23,27.9,18.4,22.065217391304348
2020-11-24,29.3,18.8,22.213043478260868
2020-11-25,28.8,18.1,22.53333333333333
2020-11-26,27.8,19.1,21.754166666666666
2020-11-27,28.4,17.6,20.945833333333333
2020-11-28,28.4,16.7,19.466666666666665
2020-11-29,29.0,17.0,21.40434782608696
2020-11-30,27.2,18.3,21.154166666666665
2020-12-01,28.0,17.9,20.90869565217391
2020-12-02,25.5,17.1,20.2375
2020-12-03,28.2,17.4,21.029166666666665
2020-12-04,28.7,17.6,21.90416666666667
2020-12-05,29.3,18.3,22.6125
2020-12-06,28.7,18.6,22.679166666666664
2020-12-07,28.1,18.3,21.958333333333332
2020-12-08,28.9,18.7,22.15416666666667
2020-12-09,27.3,18.5,21.208333333333332
2020-12-10,28.5,17.6,22.058333333333334
2020-12-11,28.6,17.3,22.16086956521739
2020-12-12,,,21.92105263157895
2020-12-17,27.7,18.5,21.73913043478261
2020-12-22,29.2,18.8,21.525000000000002
2020-12-23,29.5,17.6,22.395833333333332
2020-12-24,28.9,18.1,21.45
2020-12-25,28.0,17.0,20.020833333333332
2020-12-26,27.5,17.2,20.027272727272727
2020-12-28,,,22.049999999999997
2020-12-29,28.4,16.2,21.070833333333333
2020-12-30,28.5,17.8,21.02173913043478
2020-12-31,28.3,17.8,21.633333333333336
2021-01-01,27.2,16.9,20.766666666666666
2021-01-02,28.7,17.7,21.240909090909092
2021-01-03,28.2,18.8,21.813636363636363
2021-01-09,26.7,16.8,20.821739130434782
2021-01-10,29.1,16.6,21.695652173913043
2021-01-11,26.8,17.1,21.114285714285717
2021-01-12,29.4,18.3,22.35238095238095
2021-01-15,,,23.357894736842105
2021-01-18,,,22.66
2021-01-19,28.2,16.8,21.704761904761906
2021-01-20,26.9,17.0,21.583333333333332
2021-01-21,27.9,19.0,22.337500000000002
2021-01-22,28.7,18.2,22.516666666666666
2021-01-23,27.2,18.6,21.952173913043477
2021-01-25,29.3,19.2,23.765
2021-01-26,26.3,19.2,21.900000000000002
2021-01-27,30.2,16.6,22.425
2021-01-28,28.0,18.3,22.434782608695652
2021-01-29,28.4,17.4,22.204166666666666
2021-01-30,30.8,18.8,23.013636363636365
2021-02-02,30.6,18.6,23.62173913043478
2021-02-03,29.5,19.8,22.866666666666664
2021-02-04,30.8,19.7,23.974999999999998
2021-02-05,28.2,19.9,23.03478260869565
2021-02-07,31.2,17.8,23.44782608695652
2021-02-08,28.3,19.6,22.808333333333334
2021-02-09,27.9,18.2,21.922727272727272
2021-02-10,30.0,17.6,21.837500000000002
2021-02-11,29.6,17.4,21.83913043478261
2021-02-12,26.6,19.0,21.97083333333333
2021-02-13,28.6,18.7,21.481818181818184
2021-02-14,27.2,18.8,21.282608695652176
2021-02-15,28.9,18.3,22.2
2021-02-16,29.3,17.0,22.333333333333332
2021-02-17,29.0,17.0,21.656521739130437
2021-02-18,25.4,16.9,20.33913043478261
2021-02-19,27.1,16.5,20.183333333333334
2021-03-05,,,20.789473684210527
2021-03-06,27.9,17.8,21.723809523809525
2021-03-07,,18.5,21.219047619047622
2021-03-10,25.9,18.1,20.669565217391302
2021-03-11,24.9,17.0,19.86521739130435
2021-03-12,,,17.94736842105263
2021-03-14,,,20.942105263157895
2021-03-15,28.8,17.0,19.94782608695652
2021-03-18,27.2,16.9,19.490909090909092
2021-03-19,,,20.445
2021-03-20,26.2,15.9,19.16086956521739
2021-03-21,29.0,16.0,20.62608695652174
2021-03-22,24.2,16.3,18.795454545454547
2021-03-23,25.9,16.2,20.022727272727273
2021-03-25,,,22.044444444444444
2021-03-26,26.9,17.4,21.404761904761905
2021-03-27,28.3,17.6,20.900000000000002
2021-03-28,27.5,18.4,21.525
2021-03-29,28.2,19.3,22.776190476190475
2021-03-31,30.4,19.5,23.6
2021-04-01,,,21.616666666666667
2021-04-07,28.6,18.7,21.876190476190477
2021-04-10,26.8,18.5,21.721739130434784
2021-04-11,29.2,18.8,22.46666666666667
2021-04-12,28.4,19.7,23.125
2021-04-13,29.7,17.2,23.421739130434784
2021-04-14,28.0,19.2,22.59
2021-04-15,,,22.13684210526316
2021-04-16,27.1,18.0,21.3625
2021-05-16,27.5,17.3,21.770833333333332
2021-05-17,27.9,17.1,20.883333333333333
2021-05-18,24.6,16.4,19.825
2021-05-19,29.5,17.2,22.039130434782606
2021-05-20,30.2,19.6,23.579166666666666
2021-05-21,27.5,18.6,22.433333333333334
2021-05-22,28.1,17.8,22.666666666666668
2021-05-23,29.4,18.5,22.650000000000002
2021-05-24,28.3,18.6,22.516666666666666
2021-05-25,30.5,17.0,22.441666666666666
2021-05-26,28.7,16.7,21.349999999999998
2021-05-27,26.6,18.4,20.879166666666666
2021-05-28,25.6,18.2,20.787499999999998
2021-05-29,23.8,18.5,20.470833333333335
2021-05-30,29.2,18.4,21.183333333333334
2021-05-31,27.9,17.9,21.5
2021-06-01,26.1,17.1,19.9375
2021-06-02,28.3,16.6,21.458333333333332
2021-06-03,29.1,18.7,22.733333333333334
2021-06-04,29.7,17.3,22.379166666666666
2021-06-05,27.5,19.5,22.71666666666667
2021-06-06,28.0,18.6,21.958333333333332
2021-06-07,26.0,17.5,20.429166666666667
2021-06-08,25.5,17.4,19.704545454545453
2021-06-10,28.3,18.0,21.55
2021-06-11,29.7,17.7,21.808333333333334
2021-06-12,28.5,15.9,20.016666666666666
2021-06-13,25.3,17.7,20.470833333333335
2021-06-14,26.8,17.6,20.295833333333334
2021-06-15,26.2,17.4,20.995833333333334
2021-06-16,28.3,17.3,21.808333333333334
2021-06-17,29.2,18.2,22.3125
2021-06-18,30.2,16.4,22.59583333333333
2021-06-19,30.0,16.8,22.270833333333332
2021-06-20,29.8,17.2,21.337500000000002
2021-06-21,28.6,15.6,21.141666666666666
2021-06-22,24.2,16.8,19.9875
2021-06-23,28.5,17.1,21.412499999999998
2021-06-24,26.9,16.5,20.308333333333334
2021-06-25,27.0,17.5,20.779166666666665
2021-06-26,25.7,17.6,20.2375
2021-06-27,26.0,16.1,20.304166666666667
2021-06-28,29.3,17.0,21.712500000000002
2021-06-29,29.2,16.6,22.416666666666668
2021-06-30,27.8,17.2,21.9875
2021-07-01,26.6,17.6,21.270833333333332
2021-07-02,28.6,18.1,21.879166666666666
2021-07-03,27.5,19.0,22.620833333333334
2021-07-04,28.9,17.1,22.662499999999998
2021-07-05,28.3,18.1,22.4875
2021-07-06,30.1,19.0,23.212500000000002
2021-07-07,30.8,18.3,23.843478260869563
2021-07-08,30.3,19.3,23.72083333333333
2021-07-09,27.8,17.7,21.979166666666668
2021-07-10,26.8,18.1,21.212500000000002
2021-07-11,28.6,17.1,21.708333333333332
2021-07-12,29.2,18.2,22.90416666666667
2021-07-13,30.0,16.7,22.4875
2021-07-14,30.0,18.0,23.183333333333334
2021-07-15,32.0,18.5,23.77391304347826
2021-07-16,30.5,15.9,21.84166666666667
2021-07-17,30.7,16.6,22.25
2021-07-18,28.7,16.1,22.2625
2021-07-19,29.0,19.5,23.730434782608693
2021-07-20,30.7,16.3,23.275000000000002
2021-07-21,30.2,17.1,23.675
2021-07-22,29.3,17.7,23.483333333333334
2021-07-23,30.3,19.5,24.224999999999998
2021-07-24,25.1,19.0,21.091666666666665
2021-07-25,24.5,17.6,19.495833333333334
2021-07-26,27.3,17.9,21.46666666666667
2021-07-27,23.2,17.8,19.570833333333333
2021-07-28,29.3,17.6,21.991304347826087
2021-07-29,28.3,17.8,21.0125
2021-07-30,30.5,17.3,23.141666666666666
2021-07-31,30.8,19.1,24.11304347826087
2021-08-01,30.3,17.9,23.495652173913044
2021-08-02,30.6,17.5,23.704166666666666
2021-08-03,27.2,18.4,21.2875
2021-08-04,29.9,16.9,22.525000000000002
2021-08-05,30.8,16.8,23.275000000000002
2021-08-06,30.0,16.8,23.075
2021-08-07,29.0,17.5,22.416666666666668
2021-08-08,28.5,18.2,21.87391304347826
2021-08-09,29.1,18.1,23.0
2021-08-10,27.8,17.1,21.59130434782609
2021-08-11,28.9,17.7,21.8625
2021-08-12,26.4,18.2,20.962500000000002
2021-08-13,27.4,17.8,21.32608695652174
2021-08-15,,16.3,19.676190476190477
2021-08-16,25.8,16.0,19.1625
2021-08-17,,16.8,20.80526315789474
2021-08-19,26.0,17.7,20.477272727272727
2021-08-21,,17.8,21.0
2021-08-22,30.1,18.7,22.98181818181818
2021-08-23,28.4,,21.63809523809524
2021-08-25,25.5,17.7,19.76086956521739
2021-08-26,26.4,17.4,20.847826086956523
2021-08-27,27.0,18.1,22.008695652173913
2021-08-28,,18.8,21.44090909090909
2021-08-29,28.1,,21.858333333333334
2021-08-30,25.2,17.2,19.895833333333332
2021-08-31,24.9,16.8,19.529166666666665
2021-09-02,30.5,17.4,22.53478260869565
2021-09-03,29.6,17.8,22.929166666666664
2021-09-04,27.5,16.5,21.729166666666668
2021-09-05,27.3,16.7,20.41304347826087
2021-09-06,26.0,17.6,20.020833333333332
2021-09-07,25.8,16.6,20.183333333333334
2021-09-08,25.8,17.0,19.145833333333332
2021-09-09,30.2,16.9,22.175
2021-09-10,30.6,19.0,22.974999999999998
2021-09-11,25.1,17.8,20.8
2021-09-12,28.6,17.5,21.6375
2021-09-13,29.9,17.5,22.608333333333334
2021-09-14,29.4,17.3,22.275000000000002
2021-09-15,,,21.883333333333333
2021-09-16,30.7,18.6,23.558333333333334
2021-09-18,30.0,18.7,23.76086956521739
2021-09-19,29.3,16.9,21.75
2021-09-20,29.0,18.2,22.416666666666668
2021-09-21,27.7,17.4,21.154166666666665
2021-09-22,24.6,17.5,20.582608695652173
2021-09-23,24.3,16.2,19.582608695652173
2021-09-24,,18.1,21.900000000000002
2021-09-26,30.9,17.0,23.3125
2021-09-27,30.8,17.9,23.400000000000002
2021-09-28,24.1,17.8,20.029166666666665
2021-09-29,26.5,16.4,19.883333333333333
2021-09-30,27.2,17.4,20.6875
2021-10-01,26.3,18.0,20.1125
2021-10-02,27.6,18.0,21.8
2021-10-03,30.1,18.6,22.058333333333334
2021-10-04,29.9,17.5,22.740909090909092
2021-10-05,,18.5,22.235
2021-10-08,28.6,18.0,21.979166666666668
2021-10-09,27.3,18.9,21.508333333333336
2021-10-10,26.1,18.4,20.870833333333334
2021-10-11,26.1,18.1,21.541666666666668
2021-10-12,28.4,19.1,21.917391304347827
2021-10-13,28.9,17.8,21.543478260869566
2021-10-14,27.8,19.3,21.343478260869563
2021-10-15,30.2,17.8,21.191666666666666
2021-10-16,27.3,16.4,21.045833333333334
2021-10-17,26.0,16.2,19.633333333333333
2021-10-18,28.2,17.4,22.09583333333333
2021-10-19,29.8,17.6,22.6875
2021-10-20,26.9,18.0,21.358333333333334
2021-10-21,27.8,16.7,21.008333333333333
2021-10-22,27.8,15.4,20.287499999999998
2021-10-23,26.4,17.0,20.166666666666668
2021-10-24,28.1,16.2,21.058333333333334
2021-10-25,29.0,17.4,21.816666666666666
2021-10-26,27.4,17.7,21.158333333333335
2021-10-27,26.0,16.7,19.895833333333332
2021-10-28,29.0,17.9,20.520833333333332
2021-10-29,26.0,16.7,20.020833333333332
2021-10-30,27.1,18.1,20.5625
2021-10-31,25.6,17.2,19.325
2021-11-01,26.3,17.3,20.620833333333334
2021-11-02,27.4,17.5,20.443478260869565
2021-11-03,26.9,18.3,21.016666666666666
2021-11-04,26.9,17.7,20.474999999999998
2021-11-05,28.2,17.6,21.825
2021-11-06,28.5,18.3,22.125
2021-11-07,29.6,18.0,22.3625
2021-11-08,27.2,18.0,21.033333333333335
2021-11-09,26.2,17.7,19.8
2021-11-10,26.3,17.3,19.85217391304348
2021-11-11,28.4,16.1,21.216666666666665
2021-11-12,28.9,16.0,21.65833333333333
2021-11-13,27.2,17.3,20.462500000000002
2021-11-14,26.2,17.3,20.417391304347827
2021-11-15,23.1,17.6,19.941666666666666
2021-11-16,28.4,18.1,22.37272727272727
2021-11-17,28.2,17.9,22.133333333333336
2021-11-18,29.5,17.1,22.25
2021-11-19,28.0,17.6,21.099999999999998
2021-11-20,28.3,16.9,20.421739130434784
2021-11-21,26.8,17.6,20.3125
2021-11-23,24.0,18.0,19.420833333333334
2021-11-24,26.3,17.8,20.279166666666665
2021-11-25,25.8,17.4,19.716666666666665
2021-11-26,24.2,17.4,19.337500000000002
2021-11-27,28.2,17.9,21.4875
2021-11-28,28.9,16.3,22.004166666666666
2021-11-29,26.4,19.6,21.554166666666664
2021-11-30,25.9,17.3,20.870833333333334
2021-12-01,27.7,16.5,20.645833333333332
2021-12-02,29.1,17.9,22.287499999999998
2021-12-03,26.5,18.8,21.820833333333336
2021-12-04,26.9,18.6,21.820833333333336
2021-12-06,29.7,19.6,22.620833333333334
2021-12-07,29.6,18.9,23.0
2021-12-08,27.3,19.1,22.5125
2021-12-09,27.6,18.7,22.2625
2021-12-10,27.4,17.0,21.962500000000002
2021-12-11,26.8,18.7,21.333333333333332
2021-12-12,23.0,18.7,20.1875
2021-12-13,27.1,15.1,20.912499999999998
2021-12-14,27.3,18.4,21.370833333333334
2021-12-15,28.1,18.9,22.041666666666668
2021-12-16,27.5,18.4,22.0
2021-12-17,25.8,17.8,20.229166666666668
2021-12-18,22.4,17.3,19.416666666666668
2021-12-19,29.0,17.4,21.912499999999998
2021-12-20,28.7,18.1,21.420833333333334
2021-12-21,25.4,18.1,21.083333333333332
2021-12-22,27.6,19.0,21.76521739130435
2021-12-23,28.6,17.8,21.843478260869563
2021-12-24,28.5,19.0,22.40833333333333
2021-12-25,29.9,18.6,22.633333333333336
2021-12-26,27.2,18.5,22.008333333333336
2021-12-27,25.0,17.8,20.420833333333334
2021-12-28,27.7,17.7,21.35217391304348
2021-12-29,24.6,18.7,20.316666666666666
2021-12-30,28.2,17.8,21.079166666666666
2021-12-31,28.0,18.1,22.016666666666666
2022-01-01,27.4,18.9,21.78333333333333
2022-01-02,26.7,18.1,20.787499999999998
2022-01-03,28.0,17.7,21.65416666666667
2022-01-04,27.6,15.7,21.241666666666667
2022-01-05,29.0,16.7,21.566666666666666
2022-01-06,26.5,17.2,19.675
2022-01-07,25.1,17.0,19.304166666666667
2022-01-10,24.8,18.0,20.291666666666668
2022-01-11,26.0,17.1,19.870833333333334
2022-01-12,27.9,16.8,20.7
2022-01-13,26.1,16.7,20.917391304347827
2022-01-14,25.5,16.8,20.183333333333334
2022-01-15,27.6,16.2,21.066666666666666
2022-01-16,29.5,17.2,22.09583333333333
2022-01-17,26.6,18.6,21.04736842105263
2022-01-18,24.6,17.9,20.483333333333334
2022-01-19,29.8,18.3,22.445454545454545
2022-01-20,29.9,17.8,22.926086956521736
2022-01-21,28.5,18.1,22.695652173913043
2022-01-22,26.3,19.1,21.804166666666664
2022-01-23,29.1,17.1,22.3125
2022-01-24,27.5,19.0,21.991304347826087
2022-01-25,26.0,18.2,20.904166666666665
2022-01-26,26.0,17.4,21.043478260869566
2022-01-27,27.6,16.7,21.143478260869564
2022-01-28,29.0,16.5,21.77916666666667
2022-01-29,28.6,15.3,21.175
2022-01-30,28.4,15.2,20.875
2022-01-31,28.5,14.5,20.883333333333333
2022-02-01,29.2,16.4,21.520833333333332
2022-02-02,28.6,17.4,22.25
2022-02-03,28.2,18.7,22.175
2022-02-04,27.5,18.1,20.845833333333335
2022-02-05,25.6,17.0,20.2375
2022-02-06,27.6,16.2,19.870833333333334
2022-02-07,24.5,17.2,20.066666666666666
2022-02-08,23.8,18.0,19.4875
2022-02-09,23.3,17.4,19.066666666666666
2022-02-10,28.6,16.7,20.82608695652174
2022-02-11,29.2,16.6,22.066666666666666
2022-02-12,29.6,16.8,22.395833333333332
2022-02-13,27.3,18.0,21.25
2022-02-14,25.4,18.8,20.645833333333332
2022-02-15,26.8,18.2,21.4875
2022-02-16,27.8,17.5,21.8625
2022-02-17,29.8,18.5,22.204166666666666
2022-02-18,21.4,17.9,19.3
2022-02-19,27.5,15.6,19.766666666666666
2022-02-20,26.6,17.7,20.116666666666667
2022-02-21,28.5,16.7,20.5125
2022-02-22,,17.7,21.431578947368422
2022-02-24,27.7,18.3,22.29
2022-02-25,28.2,18.9,22.58095238095238
2022-02-26,24.7,18.5,20.975
2022-02-28,25.6,17.1,19.708333333333332
2022-03-01,27.2,17.7,21.224999999999998
2022-03-02,23.0,17.3,19.720833333333335
2022-03-03,27.7,17.6,21.162499999999998
2022-03-06,21.6,17.6,18.6875
2022-03-07,26.2,16.9,20.325
2022-03-08,26.4,17.0,20.870833333333334
2022-03-21,28.6,18.8,21.182608695652174
2022-03-22,27.7,18.8,21.308333333333334
2022-03-23,27.2,18.9,21.400000000000002
2022-03-25,26.2,18.2,20.854166666666668
2022-03-26,28.3,18.8,21.204347826086956
2022-03-27,23.9,17.3,19.954166666666666
2022-03-28,28.4,18.3,21.583333333333332
2022-03-29,28.1,17.2,20.254166666666666
2022-03-30,27.4,17.1,20.095833333333335
2022-03-31,26.3,17.8,20.145833333333332
2022-04-01,26.6,16.5,20.191666666666666
2022-04-02,29.2,18.5,22.150000000000002
2022-04-03,27.0,17.7,21.47083333333333
2022-04-04,26.7,17.3,20.470833333333335
2022-04-05,29.0,16.4,21.0625
2022-04-06,29.7,18.1,21.808333333333334
2022-04-07,,17.6,20.783333333333335
2022-04-08,25.6,18.4,21.120833333333334
2022-04-09,28.7,19.0,22.270833333333332
2022-04-10,26.4,18.7,21.816666666666666
2022-04-11,28.9,19.0,22.830434782608698
2022-04-12,,19.2,23.954166666666666
2022-04-13,28.2,19.9,22.895833333333332
2022-04-14,28.2,18.8,22.895652173913046
2022-04-15,30.0,19.5,23.370833333333334
2022-04-16,25.6,19.3,21.645833333333332
2022-04-17,27.8,18.5,21.266666666666666
2022-04-18,24.6,17.8,19.941666666666666
2022-04-19,25.9,16.8,19.704347826086956
2022-04-20,25.7,16.9,19.491666666666667
2022-04-21,25.7,17.4,20.483333333333334
2022-04-22,26.7,16.6,20.287499999999998
2022-04-23,29.1,17.5,21.270833333333332
2022-04-24,26.7,18.1,20.974999999999998
2022-04-25,23.5,17.6,20.025000000000002
2022-04-26,26.6,16.6,20.25
2022-04-27,28.6,17.2,20.616666666666667
2022-04-28,26.3,18.0,20.900000000000002
2022-04-29,28.6,18.3,22.400000000000002
2022-04-30,27.7,18.1,21.858333333333334
2022-05-01,30.8,18.0,23.675
2022-05-02,29.5,19.3,23.05
2022-05-03,31.3,18.8,24.400000000000002
2022-05-04,28.5,19.8,23.84583333333333
2022-05-05,26.5,18.4,21.40416666666667
2022-05-07,27.9,17.0,19.641666666666666
2022-05-08,29.8,16.3,21.170833333333334
2022-05-09,29.1,17.8,20.849999999999998
2022-05-11,27.4,17.7,20.491666666666667
2022-05-12,28.7,18.6,21.920833333333334
2022-05-15,30.6,19.2,23.554166666666664
2022-05-16,27.5,18.2,21.6125
2022-05-17,25.6,18.8,20.9375
2022-05-18,25.5,17.5,20.841666666666665
2022-05-19,26.9,18.4,21.075
2022-05-22,29.6,15.8,20.804545454545455
2022-05-23,26.9,16.0,21.7
2022-05-24,29.3,16.5,21.1125
2022-05-25,28.6,19.0,21.491666666666664
2022-05-26,26.8,18.8,21.90833333333333
2022-05-28,29.4,18.2,22.36521739130435
2022-05-29,,,21.354166666666668
2022-05-30,27.0,17.8,21.34583333333333
2022-05-31,26.7,17.8,20.1875
2022-06-01,27.8,16.5,20.712500000000002
2022-06-02,26.8,16.4,19.883333333333333
2022-06-04,24.6,17.3,19.670833333333334
2022-06-05,25.0,16.7,19.575
2022-06-06,28.2,17.5,19.916666666666668
2022-06-07,21.5,16.3,18.575
2022-06-08,27.5,15.7,19.641666666666666
2022-06-09,25.7,16.9,20.349999999999998
2022-06-10,28.7,17.4,21.220833333333335
2022-06-11,26.8,16.5,19.787499999999998
2022-06-12,26.1,16.9,20.32608695652174
2022-06-13,28.1,18.1,21.429166666666664
2022-06-14,26.0,16.4,19.8
2022-06-15,,,19.969565217391306
2022-06-16,27.8,17.2,21.075
2022-06-17,24.0,17.9,19.557142857142857
2022-06-18,26.8,17.3,19.808333333333334
2022-06-19,26.0,17.0,20.08695652173913
2022-06-20,26.9,17.9,20.620833333333334
2022-06-21,26.3,18.0,20.7
2022-06-22,27.9,17.5,21.45
2022-06-23,28.2,,21.712500000000002
2022-06-24,28.0,18.6,21.787499999999998
2022-06-26,26.2,17.2,19.245833333333334
2022-06-27,26.3,15.9,19.416666666666668
2022-06-28,25.7,16.4,20.104166666666668
2022-06-29,,,20.758333333333333
2022-06-30,26.9,16.8,20.641666666666666
2022-07-02,27.1,17.8,21.33478260869565
2022-07-04,26.9,19.0,22.170833333333334
2022-07-06,28.9,18.4,22.400000000000002
2022-07-07,30.3,18.2,22.95
2022-07-08,29.2,18.4,22.995833333333334
2022-07-09,,,24.152173913043477
2022-07-10,30.1,18.8,23.233333333333334
2022-07-11,25.0,18.0,20.204166666666666
2022-07-12,27.3,18.0,21.870833333333334
2022-07-13,,,22.357894736842105
2022-07-14,28.6,18.7,22.104166666666668
2022-07-15,27.9,18.1,22.195833333333336
2022-07-16,28.2,18.5,22.229166666666668
2022-07-17,29.1,17.2,22.370833333333334
2022-07-18,29.7,18.3,23.133333333333336
2022-07-19,31.0,17.9,23.770833333333332
2022-07-20,28.6,19.4,22.870833333333334
2022-07-21,28.3,18.2,22.587500000000002
2022-07-22,,,21.71578947368421
2022-07-23,26.0,17.1,19.875
2022-07-24,26.9,17.3,21.058333333333334
2022-07-25,25.0,16.4,19.620833333333334
2022-07-26,25.2,17.0,20.283333333333335
2022-07-27,26.5,17.7,20.316666666666666
2022-07-28,25.7,16.2,19.575
2022-07-29,,,22.229166666666668
2022-07-30,30.8,17.3,23.520833333333332
2022-07-31,27.0,18.2,21.95
2022-08-01,27.0,16.7,20.116666666666667
2022-08-02,26.3,17.1,19.904166666666665
2022-08-03,28.1,16.9,21.395833333333332
2022-08-04,27.8,18.6,22.358333333333334
2022-08-07,30.6,18.2,23.041666666666668
2022-08-08,31.2,18.8,24.163636363636364
2022-08-10,30.3,18.7,23.695833333333336
2022-08-11,29.3,,22.983333333333334
2022-08-14,27.6,17.4,21.066666666666666
2022-08-15,,,20.283333333333335
2022-08-16,26.0,17.5,20.675
2022-08-18,29.1,19.5,22.9875
2022-08-19,30.4,19.7,23.94090909090909
2022-08-23,28.9,17.8,21.925
2022-08-25,,19.1,22.55
2022-08-26,27.4,17.4,21.454166666666666
2022-08-28,25.5,16.0,20.400000000000002
2022-08-29,,,20.900000000000002
2022-08-30,30.3,18.0,22.754166666666666
2022-08-31,27.5,17.6,21.554166666666664
2022-09-02,27.2,18.2,21.320833333333333
2022-09-03,29.2,18.0,21.87391304347826
2022-09-04,26.5,17.6,20.204166666666666
2022-09-05,29.8,16.6,22.34166666666667
2022-09-06,,,23.02916666666667
2022-09-08,28.1,18.0,21.625
2022-09-09,27.6,17.3,21.3
2022-09-11,,,23.020833333333332
2022-09-12,,,20.8875
2022-09-14,25.3,17.0,19.683333333333334
2022-09-15,,,21.916666666666668
2022-09-17,,17.4,21.615000000000002
2022-09-19,25.4,17.4,20.270833333333332
2022-09-20,,,19.9625
2022-09-22,,,19.016666666666666
2022-09-24,27.0,16.5,19.845833333333335
2022-09-25,27.3,16.9,20.141666666666666
2022-09-26,28.6,18.0,22.1875
2022-09-27,,,21.825
2022-09-28,,,20.73888888888889
2022-09-29,28.1,17.1,20.238095238095237
2022-09-30,25.4,17.6,19.866666666666667
2022-10-01,26.2,,20.241666666666667
2022-10-02,30.1,18.5,22.84583333333333
2022-10-03,29.9,18.7,23.416666666666668
2022-10-04,27.5,17.6,21.97083333333333
2022-10-06,27.2,17.4,20.3875
2022-10-07,28.3,16.9,20.9
2022-10-08,24.0,17.6,20.150000000000002
2022-10-09,25.6,17.6,19.900000000000002
2022-10-10,28.9,17.0,21.6875
2022-10-11,29.1,17.6,22.5
2022-10-12,28.2,17.4,20.458333333333332
2022-10-13,28.3,17.4,20.417391304347827
2022-10-15,27.8,17.9,21.441666666666666
2022-10-17,28.0,18.2,20.816666666666666
2022-10-18,26.9,18.2,20.791666666666668
2022-10-19,27.0,17.6,20.083333333333332
2022-10-20,24.7,16.7,19.837500000000002
2022-10-22,27.5,17.8,20.866666666666667
2022-10-23,27.8,17.2,20.2625
2022-10-24,25.6,17.0,19.67391304347826
2022-10-25,28.5,17.2,21.366666666666664
2022-10-26,26.4,17.9,20.3
2022-10-27,27.8,17.5,20.945833333333333
2022-10-28,,,19.1875
2022-10-30,,,21.208333333333332
2022-10-31,,,21.017391304347825
2022-11-01,,,21.712500000000002
2022-11-13,,16.5,21.18
2022-12-01,,,21.191666666666666
2022-12-02,28.7,16.6,21.333333333333332
2022-12-05,25.1,15.9,19.8125
2022-12-06,,,20.358333333333334
2022-12-15,29.3,16.5,22.34583333333333
2022-12-18,25.8,18.3,20.933333333333334
2022-12-19,27.7,16.5,21.308333333333334
2022-12-20,28.6,18.4,22.370833333333334
2022-12-21,28.6,17.9,22.037499999999998
2022-12-22,28.9,18.2,22.65833333333333
2022-12-23,28.6,18.6,22.370833333333334
2022-12-24,27.4,18.5,21.645833333333332
2022-12-25,29.3,18.6,21.433333333333334
2022-12-26,25.4,18.2,21.05
2022-12-27,25.1,18.1,20.466666666666665
2022-12-28,26.6,17.0,21.087500000000002
2022-12-29,27.6,17.6,21.212500000000002
2022-12-30,26.9,16.2,21.16521739130435
2022-12-31,28.5,18.7,21.604166666666668
2023-01-01,26.8,16.6,20.508333333333333
2023-01-02,28.0,16.9,20.595833333333335
2023-01-03,22.4,16.1,18.254166666666666
2023-01-04,27.3,16.2,20.683333333333334
2023-01-05,25.6,18.0,20.570833333333333
2023-01-06,26.5,17.8,20.745833333333334
2023-01-07,25.5,16.0,20.641666666666666
2023-01-08,25.4,16.0,19.47391304347826
2023-01-09,23.5,17.6,19.875
2023-01-10,24.6,16.8,19.352173913043476
2023-01-11,26.0,17.7,19.52608695652174
2023-01-12,27.0,17.7,20.6
2023-01-13,28.1,17.4,20.683333333333334
2023-01-14,28.0,15.3,19.934782608695652
2023-01-15,27.0,15.8,20.582608695652176
2023-01-16,27.7,17.0,21.421739130434784
2023-01-17,28.0,16.0,20.430434782608696
2023-01-18,26.0,16.1,19.733333333333334
2023-01-19,27.8,16.5,21.179166666666667
2023-01-20,27.6,16.3,20.995833333333334
2023-01-21,27.4,17.0,21.04090909090909
2023-01-22,24.9,17.4,20.508333333333333
2023-01-23,28.6,16.3,21.8625
2023-01-24,29.2,16.6,22.145833333333332
2023-01-25,28.8,16.7,22.369565217391305
2023-01-26,29.4,17.5,22.745833333333334
2023-01-27,30.8,16.5,22.47083333333333
2023-01-28,30.2,15.7,22.25
2023-01-29,29.6,15.7,21.977272727272727
2023-01-30,29.5,17.0,22.25
2023-01-31,28.7,15.7,21.791666666666668
2023-02-01,28.0,15.7,20.761904761904763
2023-02-02,,15.8,21.40909090909091
2023-02-03,28.4,16.9,21.220833333333335
2023-02-04,,,21.01578947368421
2023-02-06,,,22.522222222222222
2023-02-09,,,22.116666666666667
2023-02-10,,,22.883333333333336
2023-02-11,,,22.333333333333332
2023-02-12,,,20.961111111111112
2023-02-15,,,21.91111111111111
2023-02-16,,,21.13888888888889
2023-02-18,,,22.066666666666666
2023-02-19,28.7,,21.78421052631579
2023-02-21,,,20.26111111111111
2023-02-22,,,20.566666666666666
2023-02-23,,16.3,21.45714285714286
2023-02-24,28.8,18.6,22.370833333333334
2023-02-25,29.4,16.8,22.05
2023-02-26,29.2,18.7,21.4875
2023-02-27,29.2,19.0,22.712500000000002
2023-02-28,31.0,18.3,24.179166666666664
2023-03-01,30.2,20.0,23.945833333333336
2023-03-02,29.5,20.2,23.629166666666666
2023-03-03,30.1,19.7,24.004166666666666
2023-03-04,29.8,20.1,23.317391304347826
2023-03-05,25.6,18.6,21.34166666666667
2023-03-06,27.2,17.4,21.52916666666667
2023-03-07,28.4,17.6,20.966666666666665
2023-03-08,25.9,17.7,19.495652173913044
2023-03-09,,,19.033333333333335
2023-03-10,26.5,17.4,20.808333333333334
2023-03-11,23.7,15.9,19.5
2023-03-12,24.8,17.3,19.504347826086956
2023-03-13,26.0,16.2,19.417391304347827
2023-03-14,26.7,18.1,20.5
2023-03-15,24.8,18.0,20.114285714285717
2023-03-16,27.9,16.1,20.191304347826087
2023-03-17,26.3,18.1,20.76086956521739
2023-03-18,25.0,17.6,20.656521739130437
2023-03-19,28.2,17.0,20.233333333333334
2023-03-20,29.3,16.9,21.462500000000002
2023-03-21,29.2,15.8,21.639130434782608
2023-03-22,28.2,16.6,20.854166666666668
2023-03-23,27.9,18.9,21.645833333333332
2023-03-24,25.7,18.9,21.224999999999998
2023-03-25,27.1,16.9,20.866666666666667
2023-03-26,26.4,18.5,21.433333333333334
2023-03-27,28.1,15.7,20.454166666666666
2023-03-28,29.8,16.1,20.675
2023-03-29,27.8,18.1,20.666666666666668
2023-03-30,28.0,17.8,21.979166666666668
2023-03-31,28.2,19.2,21.9
2023-04-01,29.4,19.6,22.6375
2023-04-02,26.4,18.6,21.162499999999998
2023-04-03,30.7,18.1,23.191666666666666
2023-04-04,28.6,17.1,21.604166666666668
2023-04-05,29.8,17.0,22.395833333333332
2023-04-06,26.1,19.1,21.682608695652174
2023-04-07,27.3,18.6,21.395833333333332
2023-04-08,27.8,17.9,21.712500000000002
2023-04-09,28.8,19.1,22.5
2023-04-10,27.7,18.5,22.183333333333334
2023-04-11,27.2,19.3,21.84166666666667
2023-04-12,28.5,18.8,22.258333333333336
2023-04-13,27.5,18.5,22.295833333333334
2023-04-14,26.4,19.4,21.875
2023-04-15,29.4,18.0,21.77916666666667
2023-04-16,25.5,17.3,20.291666666666668
2023-04-17,27.8,16.9,20.724999999999998
2023-04-18,27.7,17.9,21.116666666666667
2023-04-19,28.4,18.2,22.633333333333336
2023-04-20,25.6,18.5,20.883333333333333
2023-04-21,25.3,17.7,21.075
2023-04-22,26.4,17.4,20.766666666666666
2023-04-23,28.3,17.3,21.383333333333336
2023-04-24,28.5,18.5,22.05
2023-04-25,28.6,18.5,21.78333333333333
2023-04-26,28.4,17.3,20.775000000000002
2023-04-27,28.4,17.1,21.575
2023-04-28,29.0,16.8,22.391666666666666
2023-04-29,26.5,17.5,21.625
2023-04-30,25.6,18.7,21.2125
2023-05-01,30.8,17.8,23.565217391304348
2023-05-02,30.2,19.1,24.233333333333334
2023-05-03,32.3,17.3,24.1875
2023-05-04,31.1,18.3,24.604166666666668
2023-05-05,31.4,19.1,24.934782608695652
2023-05-06,30.6,19.6,24.241666666666664
2023-05-07,31.7,19.9,24.504166666666666
2023-05-08,32.1,18.4,24.104347826086954
2023-05-09,30.6,19.3,23.65833333333333
2023-05-10,25.9,20.4,22.691666666666666
2023-05-11,30.2,19.2,22.620833333333334
2023-05-12,29.4,19.1,23.29565217391304
2023-05-13,28.2,19.7,23.175
2023-05-14,29.9,20.1,23.8
2023-05-17,,,22.045833333333334
2023-05-18,32.1,18.1,23.995833333333334
2023-05-19,29.8,20.5,24.304166666666664
2023-05-20,27.8,18.6,22.150000000000002
2023-05-21,25.2,19.0,20.566666666666666
2023-05-22,29.1,18.5,22.09166666666667
2023-05-23,28.0,18.2,20.9875
2023-05-24,28.2,17.6,22.025000000000002
2023-05-25,27.4,17.3,21.59583333333333
2023-05-26,26.8,16.6,19.870833333333334
2023-05-27,28.7,17.8,21.2375
2023-05-28,27.4,17.6,20.829166666666666
2023-05-29,28.2,17.1,21.054166666666667
2023-05-30,27.3,17.6,21.423809523809524
2023-05-31,28.8,18.4,21.9875
2023-06-01,25.3,18.0,21.116666666666667
2023-06-02,27.6,17.9,21.991666666666664
2023-06-03,30.2,17.8,21.53333333333333
2023-06-04,28.9,18.6,22.45
2023-06-05,28.5,18.9,22.870833333333334
2023-06-06,,18.6,22.522727272727273
2023-06-08,25.5,18.8,21.145833333333332
2023-06-09,29.6,18.2,22.666666666666668
2023-06-10,28.6,19.6,22.829166666666666
2023-06-11,30.2,16.9,22.8
2023-06-12,30.4,18.3,23.53333333333333
2023-06-13,32.3,18.6,24.875
2023-06-15,31.1,20.1,24.295833333333334
2023-06-16,29.9,18.3,23.8875
2023-06-17,27.1,19.4,22.599999999999998
2023-06-18,30.5,17.6,23.625
2023-06-19,31.1,16.1,23.991666666666664
2023-06-20,31.3,17.4,24.27916666666667
2023-06-21,31.7,17.7,24.554166666666664
2023-06-22,29.6,19.0,23.495833333333334
2023-06-23,29.2,18.5,22.983333333333334
2023-06-24,28.1,18.9,22.108333333333334
2023-06-25,25.9,17.5,20.217391304347824
2023-06-26,25.6,18.0,20.808695652173913
2023-06-27,,18.7,23.1
2023-06-28,30.1,19.2,23.254166666666666
2023-06-29,32.3,18.6,24.745833333333334
2023-06-30,31.3,19.7,24.583333333333332
2023-07-01,30.5,18.6,24.09583333333333
2023-07-02,26.0,18.6,21.679166666666664
2023-07-03,28.1,17.7,21.075
2023-07-04,27.0,18.4,21.608333333333334
2023-07-05,30.4,18.8,22.483333333333334
2023-07-06,27.6,17.4,20.779166666666665
2023-07-07,26.4,17.8,20.958333333333332
2023-07-08,28.5,18.3,22.145833333333332
2023-07-09,30.0,18.5,23.082608695652173
2023-07-10,30.4,18.2,23.791666666666668
2023-07-11,30.4,18.4,23.59583333333333
2023-07-12,30.9,19.4,24.054166666666664
2023-07-13,31.2,19.9,24.566666666666666
2023-07-14,30.2,19.0,23.441666666666666
2023-07-15,30.7,19.4,24.469565217391303
2023-07-16,31.0,19.8,24.313043478260873
2023-07-17,29.9,17.6,22.84583333333333
2023-07-18,30.4,19.6,24.125
2023-07-19,30.8,17.3,23.829166666666666
2023-07-20,31.5,16.5,24.554166666666664
2023-07-21,28.6,20.0,24.008333333333336
2023-07-22,30.3,17.4,23.245833333333334
2023-07-23,31.7,16.9,24.395652173913046
2023-07-24,32.0,19.1,24.991666666666664
2023-07-25,30.2,19.8,23.9375
2023-07-26,25.6,19.9,21.770833333333332
2023-07-27,30.4,17.6,22.09583333333333
2023-07-28,30.8,18.4,23.545833333333334
2023-07-29,31.5,16.8,23.770833333333332
2023-07-30,31.3,18.8,24.354166666666668
2023-07-31,31.9,19.9,24.543478260869566
2023-08-01,30.9,18.5,23.90833333333333
2023-08-02,31.2,17.8,23.991666666666664
2023-08-03,31.1,20.2,24.691666666666666
2023-08-04,32.1,17.8,24.5625
2023-08-05,32.1,20.3,25.212500000000002
2023-08-06,31.4,19.6,24.76086956521739
2023-08-07,30.8,20.1,24.40416666666667
2023-08-08,31.5,19.0,24.820833333333336
2023-08-09,29.7,19.1,23.608333333333334
2023-08-10,,,23.221739130434784
2023-08-11,31.5,17.9,24.224999999999998
2023-08-12,30.3,20.5,24.55
2023-08-13,29.1,19.6,23.474999999999998
2023-08-14,30.9,19.9,24.566666666666666
2023-08-15,29.2,17.8,22.633333333333336
2023-08-16,28.3,19.1,22.175
2023-08-17,31.5,18.7,24.087500000000002
2023-08-18,29.4,18.5,21.912499999999998
2023-08-19,28.7,18.5,22.65833333333333
2023-08-20,28.3,18.9,22.008333333333336
2023-08-21,27.4,19.0,21.3875
2023-08-22,24.8,17.4,20.017391304347825
2023-08-23,28.5,17.1,21.7375
2023-08-24,28.1,18.5,22.474999999999998
2023-08-25,30.5,17.7,23.075
2023-08-26,31.7,17.8,24.170833333333334
2023-08-27,30.6,19.8,24.316666666666666
2023-08-28,32.1,19.8,24.595652173913045
2023-08-29,30.5,16.7,23.0625
2023-08-30,32.5,20.5,25.391666666666666
2023-08-31,31.2,18.0,24.325
2023-09-01,30.6,17.3,24.2625
2023-09-02,25.3,19.1,22.2
2023-09-03,29.8,15.9,21.095833333333335
2023-09-04,30.4,16.5,22.266666666666666
2023-09-05,32.1,18.2,24.4875
2023-09-06,31.6,17.7,24.629166666666666
2023-09-07,30.8,18.8,24.337500000000002
2023-09-08,31.1,18.5,24.286956521739132
2023-09-09,32.0,19.2,23.252173913043475
2023-09-10,28.6,18.4,22.462500000000002
2023-09-11,30.8,17.8,23.479166666666668
2023-09-12,31.0,19.5,24.45
2023-09-19,31.2,19.7,24.400000000000002
2023-09-20,,17.5,23.68421052631579
2023-09-22,32.7,18.9,24.120833333333334
2023-09-23,30.9,17.1,22.72608695652174
2023-09-24,29.9,19.9,22.7625
2023-09-25,30.9,20.1,23.55
2023-09-26,29.0,20.0,23.587500000000002
2023-09-27,30.0,20.1,23.683333333333334
2023-09-28,27.8,19.5,22.666666666666668
2023-09-29,30.9,18.8,23.745454545454546
2023-09-30,32.3,19.8,25.022727272727273
2023-10-01,30.5,17.5,23.03478260869565
2023-10-02,30.0,17.5,23.404347826086955
2023-10-03,28.3,17.8,21.1
2023-10-04,23.6,17.7,20.25
2023-10-05,27.4,18.8,21.108333333333334
2023-10-06,29.0,18.6,22.05
2023-10-07,30.3,18.0,22.004166666666666
2023-10-08,26.2,17.2,20.900000000000002
2023-10-09,28.9,18.6,22.575
2023-10-10,28.9,20.2,23.316666666666666
2024-03-13,31.8,21.0,25.724999999999998
2024-03-14,32.3,21.4,25.9375
2024-03-15,33.1,21.6,26.566666666666666
2024-03-16,32.8,20.4,25.849999999999998
2024-03-17,31.0,22.4,25.245833333333334
2024-03-19,30.3,19.2,23.754166666666666
2024-03-20,29.1,20.3,23.617391304347827
2024-03-21,30.4,19.8,23.417391304347827
2024-03-22,33.6,19.1,25.40833333333333
2024-03-23,30.2,21.5,25.395454545454548
2024-03-24,32.9,21.2,25.313043478260873
2024-03-25,,,24.26666666666667
2024-03-26,,,24.53
2024-03-27,,,23.673684210526318
2024-03-28,33.2,20.2,24.404347826086955
2024-03-29,31.3,19.5,24.02916666666667
2024-03-30,31.0,19.4,24.337500000000002
2024-03-31,27.8,20.1,22.15833333333333
2024-04-01,30.2,18.9,22.76521739130435
2024-04-02,26.3,18.8,22.016666666666666
2024-04-03,28.9,17.8,21.7625
2024-04-04,26.1,19.0,21.0125
2024-04-05,31.4,18.4,23.695652173913043
2024-04-06,29.2,19.2,23.579166666666666
2024-04-07,31.7,19.5,25.078260869565216
2024-04-08,32.1,21.1,25.633333333333336
2024-04-09,30.0,20.6,24.900000000000002
2024-04-10,32.9,18.8,25.454166666666666
2024-04-11,31.4,20.1,25.03333333333333
2024-04-12,32.5,19.3,25.5125
2024-04-13,32.9,20.1,25.530434782608697
2024-04-14,31.6,21.2,24.983333333333334
2024-04-15,31.8,21.1,24.775000000000002
2024-04-16,32.0,20.8,25.254166666666666
2024-04-17,29.4,21.6,24.245833333333334
2024-04-18,30.9,18.8,22.329166666666666
2024-04-19,25.3,18.3,20.59565217391304
2024-04-20,30.6,18.3,21.891666666666666
2024-04-21,27.1,18.3,21.625
2024-04-22,25.1,18.3,20.212500000000002
2024-04-23,29.8,18.0,21.745833333333334
2024-04-24,31.0,19.6,24.12608695652174
2024-04-30,28.9,19.6,23.108333333333334
2024-05-01,29.6,,23.518181818181816
2024-05-02,23.4,,21.195
2024-05-03,,18.6,22.054545454545455
2024-05-04,,,21.0
2024-05-05,,,22.776190476190475
2024-05-06,,,23.752380952380953
2024-05-07,31.3,19.8,24.017391304347825
2024-05-08,29.0,18.8,22.4875
2024-05-09,25.9,19.1,21.125
2024-05-10,,18.7,21.613636363636363
2024-05-11,28.4,18.9,22.182608695652174
2024-05-12,26.1,18.5,21.65833333333333
2024-05-13,32.9,18.0,23.87826086956522
2024-05-14,28.9,18.6,22.704166666666666
2024-05-15,27.5,18.5,21.7
2024-05-16,29.6,19.2,22.213043478260868
2024-05-17,31.0,19.6,23.55652173913043
2024-05-18,31.3,20.4,24.641666666666666
2024-05-19,31.7,18.1,24.504166666666666
2024-05-20,30.2,20.0,23.570833333333336
2024-05-21,29.8,17.5,22.343478260869563
2024-05-22,29.1,19.9,22.679166666666664
2024-05-23,29.7,18.6,22.849999999999998
2024-05-24,29.1,18.8,22.895833333333332
2024-05-25,29.0,19.9,22.45
2024-05-26,31.0,,23.565217391304348
2024-05-27,30.0,,22.166666666666668
2024-05-28,29.4,18.2,23.014285714285716
2024-05-30,28.4,19.2,22.077272727272728
2024-05-31,,19.4,23.55909090909091
2024-06-01,33.8,20.0,26.03333333333333
2024-06-02,31.5,19.8,24.413636363636364
2024-06-03,30.3,18.6,23.240909090909092
2024-06-04,,,21.525
2024-06-05,29.0,18.8,22.9375
2024-06-06,28.7,20.1,23.017391304347825
2024-06-07,30.5,19.1,23.616666666666664
2024-06-08,31.6,19.3,24.4375
2024-06-09,29.2,17.2,20.8
2024-06-10,27.7,19.1,22.108333333333334
2024-06-11,29.2,18.8,22.48695652173913
2024-06-12,30.3,19.0,23.775000000000002
2024-06-17,31.0,18.2,23.670833333333334
2024-06-18,29.6,19.2,22.391666666666666
2024-06-19,28.8,17.9,21.527272727272727
2024-06-20,29.3,18.1,22.808695652173913
2024-06-21,30.2,19.2,23.08695652173913
2024-06-22,28.6,18.9,22.759090909090908
2024-06-23,28.7,17.8,21.536363636363635
2024-06-24,28.2,19.3,23.099999999999998
2024-06-25,29.1,18.3,22.01304347826087
2024-06-26,26.4,17.1,20.9
2024-06-27,27.0,18.3,20.679166666666667
2024-06-28,25.7,17.7,20.52173913043478
2024-06-29,29.7,18.3,21.847826086956523
2024-06-30,30.0,18.1,22.333333333333332
2024-07-01,30.1,16.7,22.41304347826087
2024-07-02,,,21.322727272727274
2024-07-03,28.7,17.9,21.583333333333332
2024-07-04,27.5,19.1,21.726086956521737
2024-07-05,23.2,18.4,20.104545454545455
2024-07-06,30.2,17.4,23.09583333333333
2024-07-07,31.0,18.0,23.8
2024-07-08,31.4,18.2,24.537499999999998
2024-07-09,30.2,17.9,24.004545454545454
2024-07-10,30.3,19.5,24.3
2024-07-11,30.9,19.0,24.099999999999998
2024-07-12,28.4,18.3,21.93913043478261
2024-07-13,30.9,17.4,23.3875
2024-07-14,31.7,18.7,24.769565217391307
2024-07-15,30.5,,24.454545454545453
2024-07-16,31.5,18.1,24.38695652173913
2024-07-17,31.6,19.1,24.516666666666666
2024-07-18,30.2,19.5,24.020833333333332
2024-07-19,28.7,18.5,22.94782608695652
2024-07-20,31.6,,24.261904761904763
2024-07-21,31.8,19.3,24.458333333333332
2024-07-22,31.9,,24.985714285714288
2024-07-23,31.5,18.6,24.366666666666664
2024-07-24,32.3,18.0,24.339130434782607
2024-07-25,31.1,20.4,24.86818181818182
2024-07-26,31.2,19.7,24.2625
2024-07-27,30.4,18.4,23.1125
2024-07-28,,18.5,23.20434782608696
2024-07-29,33.4,,25.595454545454547
2024-07-30,31.7,18.6,24.247826086956525
2024-07-31,31.4,,24.256521739130434
2024-08-01,30.9,17.3,23.804347826086957
2024-08-02,32.5,19.4,24.895833333333332
2024-08-03,30.7,17.7,23.304166666666664
2024-08-04,31.1,19.7,24.08695652173913
2024-08-05,30.0,16.9,21.48695652173913
2024-08-06,28.0,18.2,21.295652173913044
2024-08-07,29.0,17.5,21.717391304347824
2024-08-08,,18.0,22.758333333333336
2024-08-09,27.5,18.5,21.73478260869565
2024-08-10,29.4,18.3,21.669565217391302
2024-08-11,29.7,17.8,21.14166666666667
2024-08-12,31.5,18.0,23.337500000000002
2024-08-13,30.6,16.3,22.2
2024-08-14,32.3,19.5,24.91304347826087
2024-08-15,32.1,,25.217391304347824
2024-08-16,31.2,18.8,24.054166666666664
2024-08-17,32.8,18.0,24.02173913043478
2024-08-18,31.5,16.8,23.97826086956522
2024-08-19,31.5,18.3,23.98695652173913
2024-08-20,31.4,19.4,24.620833333333334
2024-08-21,31.9,19.0,24.695833333333336
2024-08-22,29.7,,23.61304347826087
2024-08-23,30.0,18.4,22.85909090909091
2024-08-24,28.5,18.5,21.617391304347827
2024-08-25,27.9,17.8,21.933333333333334
2024-08-26,29.2,19.1,22.9375
2024-08-27,31.0,,24.17391304347826
2024-08-28,31.7,19.8,24.979166666666668
2024-08-29,30.9,19.2,21.808695652173913
2024-08-30,,,22.333333333333332
2024-08-31,31.6,18.0,23.429166666666664
2024-09-01,30.0,,21.072727272727274
2024-09-02,29.6,17.2,22.708695652173912
2024-09-03,,,22.752380952380953
2024-09-04,32.7,,24.663636363636364
2024-09-05,32.1,18.3,23.837500000000002
2024-09-06,32.0,18.7,24.795833333333334
2024-09-07,29.6,,24.34285714285714
2024-09-08,31.4,,24.85909090909091
2024-09-14,30.8,19.0,23.83809523809524
2024-09-22,26.5,,21.255000000000003
2024-09-23,,,22.042105263157897
2024-09-25,27.3,,22.713043478260868
2024-09-26,29.2,,21.082608695652173
2024-09-28,27.1,,20.743478260869566
2024-09-29,25.7,,19.69047619047619
2024-09-30,28.6,17.7,20.508695652173913
2024-10-01,,17.7,21.534782608695654
2024-10-05,29.4,,21.869565217391305
2024-10-07,26.9,,21.252380952380953
2024-10-08,26.1,17.0,20.179166666666667
2024-10-10,,,20.294736842105266
2024-11-10,27.5,17.5,19.668181818181818
2024-11-11,25.5,,19.931818181818183
2024-11-13,26.4,18.1,21.236363636363635
2024-11-14,25.5,17.2,20.117391304347827
2024-11-15,25.7,18.0,20.240909090909092
2024-11-16,24.8,18.3,20.45
2024-11-17,28.6,17.6,20.966666666666665
2024-11-18,27.4,17.9,19.904166666666665
2024-11-19,27.8,17.6,20.466666666666665
2024-11-20,28.8,16.2,20.23333333333333
2024-11-21,26.9,17.9,20.391739130434782
2024-11-22,26.7,18.6,21.212500000000002
2024-11-23,27.6,16.8,20.191666666666666
2024-11-28,29.1,18.6,22.5
2024-11-29,28.5,,22.814285714285717
2024-11-30,31.8,17.6,23.669565217391302
2024-12-01,30.7,19.0,23.836363636363636
2024-12-02,29.5,,22.334782608695654
2024-12-03,30.0,17.3,22.1469696969697
2024-12-04,30.3,17.4,22.599999999999998
2024-12-05,30.8,18.6,22.76086956521739
2024-12-06,29.3,17.6,22.469565217391303
2024-12-07,28.1,18.4,22.266666666666666
2024-12-08,29.9,14.9,22.220454545454547
2024-12-09,29.8,16.5,22.203030303030303
2024-12-10,30.2,19.3,22.547826086956523
2024-12-11,29.1,17.5,22.383333333333336
2024-12-12,28.3,17.4,22.504347826086956
2024-12-13,28.3,18.8,22.490909090909092
2024-12-14,27.9,18.9,21.983333333333334
2024-12-15,26.7,16.6,20.369565217391305
2024-12-16,24.3,18.4,21.047826086956523
2024-12-17,28.8,19.6,22.421739130434784
2024-12-18,31.0,19.9,23.41818181818182
2024-12-19,26.3,19.1,21.891304347826086
2024-12-20,28.3,,21.895454545454545
2024-12-21,27.0,18.8,21.47391304347826
2024-12-22,27.6,,22.495833333333334
2024-12-23,28.3,18.3,21.52608695652174
2024-12-24,27.6,18.5,21.154545454545453
2024-12-25,28.1,18.7,21.965217391304346
2024-12-26,27.1,18.2,21.108695652173914
2024-12-27,24.4,,20.07
2024-12-28,27.9,17.5,20.982608695652175
2024-12-29,26.2,18.9,21.416666666666668
2024-12-30,24.5,18.9,20.44782608695652
2024-12-31,25.9,17.4,20.85238095238095
2025-01-01,26.4,18.2,21.039130434782606
2025-01-02,27.4,,21.395454545454545
2025-01-03,24.1,,20.657894736842106
2025-01-04,26.4,18.1,20.429166666666667
2025-01-05,26.9,17.8,20.8
2025-01-06,28.1,15.7,21.79090909090909
2025-01-07,29.6,18.8,22.1
2025-01-08,28.9,,22.09047619047619
2025-01-09,29.4,19.4,22.36818181818182
2025-01-10,28.0,,22.244999999999997
2025-01-11,28.8,19.7,22.895652173913046
2025-01-12,29.3,18.5,22.813043478260873
2025-01-13,29.7,,22.504545454545454
2025-01-14,29.2,,22.795238095238094
2025-01-15,28.9,16.7,21.83478260869565
2025-01-16,28.3,,21.981818181818184
2025-01-17,29.1,17.9,22.063636363636363
2025-01-18,29.5,16.5,21.743478260869562
2025-01-19,28.5,17.6,21.938095238095237
2025-01-20,28.9,15.5,21.108695652173914
2025-01-21,30.2,17.3,22.213043478260868
2025-01-22,29.1,,22.40909090909091
2025-01-24,25.4,17.9,21.608695652173914
2025-01-25,28.9,18.9,22.32608695652174
2025-01-26,29.2,,21.64761904761905
2025-01-27,28.8,19.5,22.995454545454546
2025-01-28,31.0,,23.514285714285716
2025-01-29,,,22.37777777777778
2025-02-01,29.4,,24.3
2025-02-02,30.4,,23.6
2025-02-03,28.3,,22.69090909090909
2025-02-04,28.5,,21.960869565217394
2025-02-26,29.4,,21.93913043478261
2025-02-27,30.1,19.2,22.579166666666666
2025-02-28,30.3,18.4,21.525
2025-03-01,31.0,,21.81
2025-03-02,29.9,17.0,22.517391304347825
2025-03-03,29.1,18.9,22.2
2025-03-04,27.5,18.7,21.099999999999998
2025-03-05,27.5,18.8,21.121739130434783
2025-03-07,25.5,18.4,21.304347826086957
2025-03-08,30.6,18.3,22.195454545454545
2025-03-09,,,21.805555555555557
2025-03-10,29.3,18.0,22.94
2025-03-11,29.0,18.5,21.84090909090909
2025-03-12,27.4,18.6,21.400000000000002
2025-03-13,30.2,17.7,21.1
2025-03-14,27.1,18.7,21.318181818181817
2025-03-15,27.8,18.6,22.116666666666664
2025-03-16,28.3,,22.40909090909091
2025-03-17,27.5,18.3,21.5
2025-03-18,26.4,18.2,21.004545454545454
2025-03-19,,,22.01578947368421
2025-03-20,30.3,19.5,23.63478260869565
2025-03-21,29.7,17.7,23.017391304347825
2025-03-22,30.4,,24.33157894736842
2025-03-23,31.3,,24.022727272727273
2025-03-24,30.7,,24.045454545454547
2025-03-25,28.2,,22.108695652173914
2025-03-26,30.3,,22.304545454545455
2025-03-27,31.1,,22.03913043478261
2025-03-28,25.2,18.8,20.578260869565216
2025-03-29,28.7,18.6,21.268181818181816
2025-03-30,27.6,18.3,20.93913043478261
2025-03-31,27.1,18.8,21.104347826086958
2025-04-01,29.0,,21.97142857142857
2025-04-02,26.7,18.6,21.434782608695652
2025-04-03,27.3,18.4,21.317391304347826
2025-04-04,29.0,17.5,20.645833333333332
2025-04-05,28.9,17.8,21.35909090909091
2025-04-06,28.4,18.6,21.0
2025-04-07,29.9,17.0,21.595454545454547
2025-04-08,26.7,18.0,21.2
2025-04-09,30.0,,22.043478260869566
2025-04-10,23.9,17.1,20.53409090909091
2025-04-11,26.3,16.0,20.44782608695652
2025-04-12,29.0,,22.37272727272727
2025-04-13,31.6,19.6,24.31904761904762
2025-04-14,31.8,,24.227272727272727
2025-04-15,31.8,,23.645454545454548
2025-04-16,32.0,19.9,24.054166666666664
2025-04-17,28.7,19.2,22.599999999999998
2025-04-18,32.0,18.6,23.604347826086954
2025-04-19,30.5,,23.036363636363635
2025-04-20,29.0,18.7,21.704166666666666
2025-04-21,26.3,,21.175
2025-04-22,26.1,18.9,21.01304347826087
2025-04-23,29.1,18.7,21.860869565217392
2025-04-24,28.7,17.8,21.645833333333332
2025-04-25,29.3,17.1,20.443478260869565
2025-04-26,28.3,,20.88695652173913
2025-04-27,26.1,17.9,20.728571428571428
2025-04-28,27.9,18.1,20.87727272727273
2025-04-29,27.7,16.8,20.78181818181818
2025-04-30,25.9,,20.62272727272727
2025-05-01,25.0,18.1,20.077272727272728
2025-05-02,25.1,18.7,20.849999999999998
2025-05-03,27.6,18.5,22.178260869565218
2025-05-04,26.9,17.9,21.80909090909091
2025-05-05,26.6,17.9,20.430434782608696
2025-05-06,24.9,16.9,19.713636363636365
2025-05-07,25.4,18.4,20.315
2025-05-08,26.1,,20.724999999999998
2025-05-09,29.1,16.7,20.773913043478263
2025-05-10,31.3,,23.44545454545454
2025-05-11,29.0,18.0,23.076190476190476
2025-05-12,31.0,18.4,23.891304347826086
2025-05-13,28.0,,22.96818181818182
2025-05-14,27.3,19.7,22.2
2025-05-15,25.5,17.4,20.720833333333335
2025-05-16,26.4,18.3,20.343478260869563
2025-05-17,,17.7,20.35217391304348
2025-05-18,25.9,18.2,20.98695652173913
2025-05-19,28.6,,21.036363636363635
2025-05-20,27.0,,21.52
2025-06-03,30.2,18.2,23.170833333333334
2025-06-04,28.7,18.4,22.047826086956523
2025-06-05,28.8,,23.0
2025-06-06,27.7,18.6,21.930434782608696
2025-06-07,30.6,,22.063636363636363
2025-06-08,31.6,18.4,24.22608695652174
2025-06-09,27.4,19.1,22.17391304347826
2025-06-10,28.1,18.2,21.900000000000002
2025-06-11,26.3,18.2,20.422727272727272
2025-06-12,27.8,,21.083333333333332
2025-06-13,26.1,16.8,19.858333333333334
2025-06-14,,,19.65
2025-06-15,29.3,17.7,21.079166666666666
2025-06-16,28.2,16.9,21.30909090909091
2025-06-17,29.1,16.4,21.10833333333333
2025-06-18,29.9,16.3,21.804347826086957
2025-06-19,30.8,,22.30568181818182
2025-06-20,31.0,,23.49090909090909
2025-06-21,30.0,19.0,23.240909090909092
2025-06-22,25.8,18.6,21.0
2025-06-23,25.8,,20.58095238095238
2025-06-24,24.8,17.3,19.945454545454545
2025-06-25,29.2,,20.957142857142856
2025-06-26,29.9,17.4,22.28181818181818
2025-06-27,28.3,,21.804545454545455
2025-06-28,30.1,14.5,23.11818181818182
2025-06-29,28.0,16.8,21.416666666666668
2025-06-30,30.9,18.3,23.287499999999998
2025-07-01,29.7,19.0,23.76086956521739
2025-07-02,30.9,17.5,23.491304347826084
2025-07-03,29.2,18.5,22.88695652173913
2025-07-04,28.7,18.8,22.426086956521736
2025-07-05,28.2,17.4,21.48095238095238
2025-07-06,27.3,18.2,21.95
2025-07-07,31.0,16.8,22.6875
2025-07-08,31.4,,24.10909090909091
2025-07-09,29.5,,21.86212121212121
2025-07-10,29.9,18.0,22.77916666666667
2025-07-11,29.1,18.9,22.47391304347826
2025-07-12,30.0,18.2,22.88181818181818
2025-07-13,28.6,18.7,22.12272727272727
2025-07-14,30.6,18.9,23.212500000000002
2025-07-15,31.6,17.9,24.05454545454546
2025-07-16,30.8,19.5,24.195652173913043
2025-07-17,31.0,18.8,24.17391304347826
2025-07-18,30.1,18.0,23.952173913043477
2025-07-19,30.7,17.5,23.23478260869565
2025-07-20,31.3,,23.813043478260873
2025-07-21,30.0,,23.986363636363638
2025-07-22,30.2,20.3,24.05
2025-07-23,30.6,20.2,23.62608695652174
2025-07-24,31.6,18.6,24.27916666666667
2025-07-25,28.2,18.1,22.434782608695652
2025-07-26,25.9,18.0,20.95714285714286
2025-07-27,30.8,16.4,22.833333333333332
2025-07-28,31.1,16.5,22.87272727272727
2025-07-29,28.8,17.8,22.172727272727272
2025-07-30,30.3,,23.212500000000002
2025-07-31,30.7,,24.115000000000002
2025-08-01,31.5,18.7,24.025000000000002
2025-08-02,28.5,19.1,22.714285714285715
2025-08-03,29.9,,21.933333333333334
2025-08-05,29.1,,22.71818181818182
2025-08-06,30.4,,22.8
2025-08-07,24.1,17.6,20.09130434782609
2025-08-08,26.8,17.2,20.179166666666667
2025-08-09,27.0,17.2,20.76086956521739
2025-08-10,27.0,17.6,20.056521739130435
2025-08-11,30.1,17.5,21.931818181818183
2025-08-12,30.0,17.9,22.68095238095238
2025-08-13,28.3,,22.418181818181818
2025-08-14,27.8,18.8,22.12608695652174
2025-08-15,25.8,17.7,20.58095238095238
2025-08-16,26.5,17.2,20.213636363636365
2025-08-17,25.8,17.7,20.736363636363635
2025-08-18,28.9,,20.8625
2025-08-19,29.1,,22.96666666666667
2025-08-20,29.9,,22.922727272727272
2025-08-21,30.0,17.7,21.97826086956522
2025-08-22,24.6,18.2,20.934782608695652
2025-08-23,27.4,17.1,20.804545454545455
2025-08-24,30.1,,23.040909090909093
2025-08-25,28.8,19.2,23.10952380952381
2025-08-26,30.2,18.0,24.170833333333334
2025-08-27,30.5,,23.95714285714286
2025-08-28,29.6,19.9,24.079166666666666
2025-08-29,31.0,16.0,22.416666666666668
2025-08-30,29.2,18.3,23.095454545454547
2025-09-01,30.0,17.6,22.295454545454547
2025-09-02,29.3,16.7,21.963636363636365
2025-09-03,30.0,17.3,22.004761904761907
2025-09-05,27.1,,22.314285714285717
2025-09-06,26.8,17.5,20.847619047619048
2025-09-07,27.0,16.6,20.4
2025-09-08,28.9,17.4,21.55
2025-09-10,30.6,18.4,23.71666666666667
2025-09-11,31.0,18.7,23.347826086956523
2025-09-12,29.9,,23.495238095238093
2025-09-13,31.2,18.5,23.8
2025-09-14,31.3,,23.833333333333332
2025-09-15,,,25.005555555555556
2025-09-16,29.5,,24.05652173913043
2025-09-17,27.7,,22.617391304347827
2025-09-18,24.7,,20.223809523809525
2025-09-19,26.7,,20.863636363636363
2025-09-20,29.1,,21.791304347826088
2025-09-21,30.0,,22.86818181818182
2025-09-23,31.6,,24.20909090909091
2025-09-24,31.2,,24.39090909090909
2025-09-25,,,22.068181818181817
2025-09-26,29.1,,21.85217391304348
2025-09-27,28.3,,20.719047619047622
2025-09-28,27.6,,21.05217391304348
2025-09-29,27.2,,21.69047619047619
2025-09-30,23.6,,19.83478260869565
2025-10-01,27.8,,20.723809523809525
2025-10-02,30.2,,22.0
2025-10-03,26.9,,21.93913043478261
2025-10-04,28.5,,21.621739130434783
2025-10-05,29.2,,21.077272727272728
2025-10-06,27.9,,21.318181818181817
2025-10-07,29.3,,21.995454545454546
2025-10-08,22.1,,20.26666666666667
2025-10-09,27.8,16.4,20.26086956521739
2025-10-10,24.6,,19.95
2025-10-11,,,20.75
2025-10-12,25.1,17.2,19.52608695652174
2025-10-13,24.9,,20.3
2025-10-14,27.0,,21.252173913043478
2025-10-15,27.8,,20.9
2025-10-16,27.8,,20.52608695652174
2025-10-17,26.8,,20.804761904761904
2025-10-18,29.3,,21.682608695652174
2025-10-19,29.5,,22.77391304347826
2025-10-20,,,21.81904761904762
2025-10-21,27.9,,20.866666666666667
2025-10-22,27.4,,20.51304347826087
2025-10-23,27.2,,20.004761904761907
2025-10-25,,,21.54285714285714
2025-10-26,28.1,,22.245454545454546
2025-10-27,26.3,,21.12727272727273
2025-10-28,27.8,,21.277272727272727
2025-10-29,29.9,,23.154545454545453
2025-10-30,28.6,,22.771428571428572
2025-10-31,29.2,,21.995238095238093
2025-11-01,29.9,,22.704545454545453
2025-11-02,30.6,,23.29090909090909
2025-11-03,28.6,,22.514285714285716
2025-11-04,25.9,,21.65909090909091
2025-11-05,27.4,,21.771428571428572
2025-11-06,29.4,,21.80909090909091
2025-11-07,29.2,,22.963636363636365
2025-11-08,30.3,,23.29090909090909
2025-11-09,29.7,,23.52173913043478
2025-11-10,27.8,,21.295652173913044
2025-11-11,28.7,,22.87272727272727
2025-11-13,28.4,,21.087500000000002
2025-11-16,26.4,,20.16086956521739
2025-11-17,30.5,,21.16521739130435
2025-11-18,30.9,,22.323809523809523
2025-11-19,27.6,,21.05217391304348
2025-11-20,26.4,,20.0
2025-11-21,27.8,,21.313636363636363
2025-11-22,29.6,,22.152173913043477
2025-11-23,27.3,19.4,22.58695652173913
2025-11-26,30.1,,23.150000000000002
2025-11-27,23.6,,21.78181818181818
2025-11-28,27.8,,21.920833333333334
2025-11-29,26.7,,21.15909090909091
2025-11-30,28.2,,21.921739130434784
2025-12-01,26.0,,19.95
2025-12-02,26.7,,20.5
2025-12-03,27.1,,21.07391304347826
2025-12-04,26.0,,20.669565217391302
2025-12-05,22.8,,19.285714285714285
2025-12-06,28.6,,21.12608695652174
2025-12-07,28.3,,20.613636363636363
2025-12-08,28.6,,20.168181818181818
2025-12-09,28.2,,22.09130434782609
2025-12-10,27.2,,22.063636363636363
2025-12-11,28.6,,22.61304347826087
2025-12-12,24.3,,21.280952380952378
2025-12-13,,,22.755000000000003
2025-12-14,29.2,,22.46521739130435
2025-12-15,27.7,,21.604347826086954
2025-12-16,27.9,,20.821739130434782
2025-12-17,28.1,,21.84090909090909
2025-12-18,27.9,,21.773913043478263
2025-12-19,28.7,,21.91904761904762
2025-12-20,28.1,,21.769565217391303
2025-12-21,28.3,,22.163636363636364
2025-12-22,26.4,,21.49047619047619
2025-12-23,28.8,,22.61818181818182
2025-12-24,27.1,18.3,21.76086956521739
2025-12-25,24.5,,21.242857142857144
2025-12-26,26.8,,21.447619047619046
2025-12-27,28.2,15.4,21.195833333333333
2025-12-28,28.5,,22.30909090909091
2025-12-29,29.6,,22.166666666666668
2025-12-30,29.9,19.4,23.221739130434784
2025-12-31,30.4,,23.73333333333333
2026-01-01,28.6,,23.330434782608698
2026-01-02,27.9,,22.269565217391307
2026-01-03,25.7,,20.831818181818182
2026-01-04,25.8,,20.145454545454545
2026-01-05,26.2,,19.95909090909091
2026-01-06,27.6,,20.095238095238095
2026-01-07,26.5,,20.717391304347824
2026-01-08,22.8,,20.461904761904762
2026-01-09,,,20.954545454545453
2026-01-10,25.1,17.5,20.483333333333334
2026-01-11,23.0,,19.534782608695654
2026-01-12,22.5,,19.08695652173913
2026-01-13,24.0,,19.034782608695654
2026-01-14,28.0,,20.759090909090908
2026-01-15,27.4,,20.676190476190477
2026-01-16,26.9,,20.570833333333333
2026-01-17,31.4,17.5,22.962500000000002
2026-01-18,29.0,,23.136363636363637
2026-01-19,27.1,,22.419999999999998
2026-01-20,28.4,,22.03181818181818
2026-01-21,28.2,,22.330434782608698
2026-01-22,26.7,,22.3
2026-01-23,28.8,,22.386363636363637
2026-01-24,28.3,,21.86521739130435
2026-01-26,26.8,,21.268181818181816
2026-01-27,25.4,,20.395833333333332
2026-01-28,28.4,,20.923809523809524
2026-01-29,27.3,,21.308695652173913
2026-01-30,24.0,,20.84285714285714
2026-01-31,26.3,,21.045454545454547
2026-02-01,23.8,,20.504166666666666
2026-02-02,25.8,,19.566666666666666
2026-02-03,27.3,,20.773913043478263
2026-02-04,28.5,,22.314285714285717
2026-02-05,29.7,,21.96666666666667
2026-02-06,25.8,,20.16086956521739
2026-02-07,28.3,,21.4875
2026-02-08,26.1,,20.795652173913044
2026-02-09,28.6,,22.06086956521739
2026-02-10,26.3,,22.027272727272727
2026-02-11,29.8,18.1,22.036363636363635
2026-02-12,,,22.46
2026-02-13,27.4,,21.395833333333332
2026-02-14,28.1,,21.38695652173913
2026-02-15,22.8,,18.934782608695652
2026-02-16,25.2,,20.0
2026-02-17,28.2,,21.62272727272727
2026-02-18,27.3,,21.336363636363636
2026-02-19,29.3,,21.923809523809524
2026-02-20,27.3,,22.072727272727274
2026-02-21,26.3,,22.138095238095236
2026-02-22,26.3,,21.423809523809524
2026-02-23,26.4,,20.04285714285714
2026-02-24,26.4,,20.775000000000002
2026-02-25,,,19.594736842105263
2026-02-26,29.5,17.3,21.849999999999998
2026-02-27,29.8,18.3,23.03333333333333
2026-02-28,29.8,19.5,23.058333333333334
2026-03-01,29.6,18.4,23.208333333333332
2026-03-02,30.2,18.4,22.825
2026-03-03,,,21.51111111111111
2026-03-04,27.5,17.8,20.716666666666665
2026-03-05,28.6,17.7,21.266666666666666
2026-03-07,29.6,18.5,22.733333333333334
2026-03-08,23.7,18.1,20.525000000000002
2026-03-09,29.7,14.0,20.0
2026-03-10,30.0,17.1,21.40416666666667
2026-03-11,29.0,18.0,21.679166666666664
2026-03-12,28.8,19.5,22.933333333333334
2026-03-13,29.9,17.9,22.125
2026-03-14,,,21.333333333333332
2026-03-15,30.1,18.8,23.070833333333336
2026-03-16,,,21.916666666666668
2026-03-17,29.7,18.4,23.3875
2026-03-18,26.5,18.4,21.166666666666668
2026-03-19,29.7,17.8,22.212500000000002
2026-03-20,29.9,18.7,22.52916666666667
2026-03-21,27.7,18.3,21.4375
2026-03-22,28.7,17.0,20.962500000000002
2026-03-23,,,20.666666666666668
2026-03-24,26.1,19.4,21.516666666666666
2026-03-25,28.8,18.0,21.875
2026-03-26,29.7,17.8,21.5
2026-03-27,22.9,18.1,19.916666666666668
2026-03-28,29.8,17.7,21.370833333333334
2026-03-29,28.5,18.1,21.666666666666668
2026-03-30,27.7,19.1,21.84583333333333
2026-03-31,30.0,16.7,21.383333333333336
2026-04-01,29.0,18.0,22.21666666666667
2026-04-02,28.2,17.2,21.033333333333335
2026-04-03,30.2,18.4,21.78333333333333
2026-04-04,29.9,18.1,21.945833333333336
2026-04-05,26.1,18.8,21.208333333333332
2026-04-06,27.2,19.0,22.03333333333333
2026-04-07,29.9,19.5,23.270833333333332
2026-04-08,26.7,20.0,22.724999999999998
2026-04-09,30.0,18.6,23.329166666666666
2026-04-10,31.0,18.6,24.141666666666666
2026-04-11,31.0,18.3,22.808333333333334
2026-04-12,29.9,18.1,22.241666666666664
2026-04-13,27.5,19.3,21.7
2026-04-14,27.5,18.9,21.425
2026-04-15,28.1,19.1,21.662499999999998
2026-04-16,27.0,17.5,21.133333333333333
2026-04-17,26.9,17.5,20.983333333333334
2026-04-18,28.2,17.6,21.5625
2026-04-19,28.4,18.6,21.925
2026-04-20,28.6,17.1,21.1875
2026-04-21,27.9,18.1,21.683333333333334
2026-04-22,27.1,17.3,21.095833333333335
2026-04-23,28.6,17.8,22.204166666666666
2026-04-24,27.6,18.5,22.087500000000002
2026-04-25,28.1,18.5,21.90833333333333
2026-04-26,29.8,17.0,20.8
2026-04-27,28.4,17.1,20.404166666666665
2026-04-28,28.5,18.4,21.208333333333332
2026-04-29,28.3,18.8,22.016666666666666
2026-04-30,30.6,17.7,22.6125
2026-05-01,30.5,20.2,24.191666666666666
2026-05-02,25.5,17.7,20.995833333333334
2026-05-03,28.7,19.0,22.65416666666667
2026-05-04,29.6,18.3,22.854166666666668
2026-05-05,31.3,19.4,24.05
2026-05-06,30.4,20.0,24.120833333333334
2026-05-07,30.6,19.0,24.15416666666667
2026-05-08,26.9,18.6,22.804166666666664
2026-05-09,31.0,19.6,24.070833333333336
2026-05-10,29.7,18.6,23.34583333333333
2026-05-11,28.9,19.4,23.554166666666664
2026-05-12,28.3,19.7,22.866666666666664
2026-05-13,29.8,18.6,23.170833333333334
2026-05-14,30.9,19.5,23.59166666666667
2026-05-15,32.1,18.6,24.354166666666668
2026-05-16,29.0,20.7,24.483333333333334
2026-05-18,30.2,20.3,24.03333333333333
2026-05-19,28.6,19.6,23.5125
2026-05-20,33.8,18.5,24.545833333333334
2026-05-21,30.4,20.0,24.620833333333334
2026-05-22,31.6,17.6,23.258333333333336
2026-05-23,30.7,18.9,24.295833333333334
2026-05-24,31.2,18.0,23.59583333333333
2026-05-25,,,22.794444444444444
2026-05-26,31.3,19.6,24.72083333333333
2026-05-27,31.1,20.3,24.883333333333336
2026-05-28,31.3,19.4,23.525000000000002
2026-05-29,26.3,19.7,21.929166666666664
2026-05-30,30.1,18.4,22.820833333333336
2026-05-31,31.8,17.9,24.170833333333334
2026-06-01,31.7,18.7,24.620833333333334
2026-06-02,30.7,18.4,24.025000000000002
2026-06-03,27.2,19.9,23.008333333333336
2026-06-04,26.3,18.6,21.425
2026-06-05,26.6,18.4,21.804166666666664
2026-06-06,27.0,19.1,21.2625
2026-06-07,22.3,18.0,19.645833333333332
2026-06-08,26.2,17.2,19.783333333333335
2026-06-09,28.2,16.8,19.804166666666667
2026-06-10,29.5,18.3,21.675
2026-06-11,31.9,18.0,23.12272727272727
2026-06-12,31.3,19.4,24.525000000000002
2026-06-13,29.0,19.0,23.679166666666664
2026-06-14,31.5,16.8,23.395833333333332
2026-06-15,28.2,18.5,23.054166666666664
2026-06-16,29.8,17.0,22.34583333333333
2026-06-17,29.3,,22.745454545454546
2026-06-18,28.9,17.4,22.27916666666667
2026-06-19,28.8,18.1,22.0625
2026-06-20,29.0,18.3,22.741666666666664
2026-06-21,31.4,17.8,23.587500000000002
2026-06-22,30.8,19.5,23.962500000000002
2026-06-23,29.8,17.3,22.645833333333332
2026-06-24,30.6,17.8,23.358333333333334
2026-06-25,31.2,17.9,23.791666666666668
2026-06-26,29.6,18.7,24.258333333333336
2026-06-27,31.4,17.9,24.2625
2026-06-28,29.8,18.4,24.75
2026-06-29,31.2,18.4,24.3625
2026-06-30,,,22.816666666666666
2026-07-01,31.8,19.3,24.8875
2026-07-02,30.3,17.7,24.075
2026-07-03,30.6,18.6,24.695833333333336
2026-07-07,33.3,20.1,25.842857142857145
2026-07-08,32.4,18.6,25.645833333333332
2026-07-09,27.6,19.7,23.454166666666666
2026-07-10,30.2,18.3,24.208333333333332
2026-07-11,30.6,17.7,24.337500000000002
2026-07-12,27.8,18.4,22.745833333333334
2026-07-13,30.4,18.4,23.724999999999998
2026-07-14,30.3,17.2,23.8875
2026-07-15,30.3,17.9,24.15416666666667
2026-07-16,31.1,18.0,24.608333333333334
2026-07-17,31.0,17.2,24.691666666666666
2026-07-18,31.8,19.4,25.3625
2026-07-19,27.8,20.6,23.920833333333334
2026-07-20,26.9,18.5,21.20952380952381
2026-07-21,31.0,18.2,22.65833333333333
2026-07-23,27.0,16.2,20.4375
2026-07-24,30.3,17.3,22.058333333333334
2026-08-12,31.5,19.2,25.15416666666667
2026-08-13,31.9,19.5,25.433333333333334
2026-08-14,32.3,19.7,26.0
2026-08-15,32.5,20.2,25.65833333333333
2026-08-17,26.1,18.1,20.720833333333335
2026-08-20,31.6,19.0,24.691666666666666
2026-08-21,31.5,19.7,25.15833333333333
2026-08-22,30.0,19.6,24.0
2026-08-23,31.6,19.1,23.045833333333334
2026-08-24,32.3,19.0,24.983333333333334
2026-08-25,32.1,19.8,25.150000000000002
2026-08-26,31.5,18.7,24.633333333333336
2026-08-27,32.4,20.5,25.77916666666667
2026-08-28,32.0,19.1,25.6375
2026-08-29,29.9,17.6,22.675
2026-08-30,30.9,18.1,23.579166666666666
2026-08-31,29.5,20.2,24.054166666666664
2026-09-01,29.0,17.8,22.40416666666667
2026-09-02,30.8,18.2,23.3875
2026-09-03,31.9,19.5,25.087500000000002
2026-09-04,31.7,19.9,25.39
2026-09-05,30.8,19.0,25.1
2026-09-06,30.0,18.7,24.316666666666666
2026-09-07,28.9,17.7,23.712500000000002
2026-09-08,31.9,18.3,25.03333333333333
2026-09-09,32.4,19.0,25.575
2026-09-10,32.0,18.4,24.775000000000002
2026-09-11,28.7,17.4,22.214285714285715
2026-09-12,31.3,19.7,25.054166666666664
2026-09-13,29.8,19.2,24.46666666666667
2026-09-14,31.9,19.5,25.266666666666666
2026-09-15,31.1,19.1,24.991666666666664
2026-09-16,28.8,,23.465
2026-09-17,32.7,17.9,25.008333333333336
2026-09-18,32.7,17.9,25.425
2026-09-19,28.1,18.8,23.254166666666666
2026-09-20,31.9,18.4,23.458333333333332
2026-09-21,31.5,19.7,24.025000000000002
2026-09-22,32.2,19.1,24.325
2026-09-23,30.7,19.6,23.541666666666668
2026-09-24,31.0,18.0,23.254166666666666
2026-09-25,29.2,18.8,22.491666666666664
